audio,caption
dataset/Josze - Omo Oloyemekun.mp3,"energetic, upbeat, afrobeat, male, dance"
dataset/Blaqnick & Masterblaq - La Mezcla (Remix).mp3,"energetic,upbeat, afro house, male, remix"
dataset/Mi casa ft younotus - Chucks.MP3,"upbeat,happy, house, mixed, collaboration"
dataset/Bnxn  - Party Don-t-Stop.mp3,"upbeat, energetic, pop, hip hop, male, party"
dataset/Dapo Tuburna - See Finish feat Mayorkun.mp3,"happy, upbeat, Afrobeats, male, collaboration"
dataset/Laycon Marathon.mp3,"upbeat, energetic, Afrobeat, male, festive, danceable"
dataset/Erigga - Motivation ft Victor AD.mp3,"Motivational, Inspiring, Hip Hop, Male, Collaboration, Nigerian Music"
"dataset/Skip marley ft davido, h.e.r and oxlade - Slow down.MP3","chill, relaxed, reggae, afrobeat, mixed, collaboration"
dataset/Skales ft zlatan and krizbeatz - Selese.MP3,"energetic, catchy, Afrobeats, male, collaboration"
dataset/Aka - Fully in.MP3,"energetic, afrobeat, male, upbeat,dance"
dataset/Teyana taylor ft king combs - How you want it.MP3,"sensual, upbeat, R&B, hip hop, female, collaboration"
dataset/Sho madjozi - Huku.MP3,"energetic, upbeat, afrobeats, hip hop, female, South African music"
dataset/Naira Marley - Bad Influence.mp3,"chill, introspective, Afrobeats, male, Naira Marley"
dataset/WizKid - Smile  ft. H.E.R..mp3,"happy, upbeat, Afrobeat, male, collaboration"
dataset/Skales - Kayefi.MP3,"upbeat, energetic, afrobeat, male, Nigerian"
dataset/Iyanya-Love-And-Trust-Ft-Joeboy.mp3,"romantic, upbeat, afrobeat, male, collaboration"
dataset/Masego - What you wanna try.MP3,"smooth, groovy, R&B, Jazz, male, vibey, soulful"
dataset/07 Oh Sharp (feat. BUSISWA).mp3,"energetic, party, Amapiano, mixed, feat. BUSISWA"
dataset/Elephant Man  (Radio Edit) Cobhams Asuquo.mp3,"upbeat,happy, Afrobeat, male, Radio Edit"
dataset/Kizz daniel & kelvyn colt - Skin.MP3,"upbeat,happy, Afrobeat, male, collaboration"
dataset/Ckay - Container.mp3,"upbeat,happy, afrobeat, male, popular"
dataset/Muyeez -Trending ft Tml Vibez.mp3,"upbeat,happy, afrobeat, male, collaboration"
dataset/Ice-Beats-Slide-Sbuda-Maleather-ft-Mr-JazziQ-My-Brada.mp3,"energetic, hype, Amapiano, Hip Hop, male, collaboration"
dataset/Lil tjay ft 6lack - Calling my phone.MP3,"melancholic, longing, hip hop, R&B, male, collaboration"
dataset/J cole - Pride is the devil.MP3,"proud, dark, hip-hop, male, introspective"
dataset/Ayra starr ft lojay - Running.MP3,"energetic, upbeat, afrobeats, mixed, "
dataset/Zhu & karnaval blues - Still want you.MP3,"chill, electronic, mixed, collaboration"
dataset/Hikaru utada and skrillex - Face my fears.MP3,"energetic, powerful, pop, electronic, mixed, collaboration, theme song"
dataset/Iyanya - Away.mp3,"upbeat,happy, Afropop, male, danceable"
dataset/Show Dem Camp - Old Flame ft Nesta x LadiPoe.mp3,"upbeat, nostalgic, Afrobeat, male, collaboration"
dataset/Dj Maphorisa - Izolo (Mixed)_(muzmo.pro).mp3,"upbeat,happy, afro house, male, "
dataset/Ckay - Love Nwatiti (KU3H Amapiano Remix).mp3,"upbeat, lively, Amapiano, male, remix"
dataset/Last memory - Take off.MP3,"nostalgic, uplifting, pop, electronic, male, fast tempo"
dataset/Terry Apala - Lock Up Ft Niniola.mp3,"energetic, lively, upbeat, Afrobeat, male, collaboration, Nigerian music"
dataset/King promise ft patoranking - Choplife.MP3,"upbeat, joyful, Afrobeats, male, collaboration"
dataset/Roddy ricch - Aston martin truck.MP3,"energetic, upbeat, hip hop, male, Roddy Ricch"
dataset/Tekno ft zlatan ibile - Agege.MP3,"energetic,dance, Afrobeats, male, collaboration"
dataset/Rotimi - Fall back.MP3,"upbeat, energetic, R&B, male, love song"
dataset/Olootu - E For Effort.mp3,"upbeat,happy, Afrobeat, male, "
dataset/Seyi Vibez - Para Boi.mp3,"energetic, upbeat, lively, Afrobeats, male, Nigerian artist, street vibe"
dataset/Shun breezy - Stammer.MP3,"breezy, pop, male, "
dataset/Pablo YG - Bima.mp3,"energetic,happy, pop, male, upbeat,summer vibes"
dataset/Bellashurmda - Loner .mp3,"lonely,sad, pop, female, "
dataset/Cardi b - Money.MP3,"energetic, confident, hip hop, female, explicit"
dataset/Wande Coal x Olamide x Phyno - Who You Epp (Refix).mp3,"energetic, hype, upbeat, Afrobeat, male, collaboration, Nigerian artists, remix"
dataset/Ejoya & soundz ft. teni - Morenike.MP3,"upbeat, energetic, afropop, mixed, collaboration"
dataset/Bella Alubo ft Falz - LAGOS 101.mp3,"upbeat, energetic, afrobeat, female, collaboration, Nigerian"
dataset/Vector - What's That.mp3,"energetic, upbeat, hip hop, male, suspenseful"
dataset/Blaqbonez - Okwaraji Ft Bella Shmurda.mp3,"energetic, upbeat, Afrobeats, male, collaboration"
dataset/Lady zamar - This is love.MP3,"upbeat, romantic, pop, female, South African"
dataset/Jax jones and ella henderson - This is real.MP3,"upbeat,happy, pop, mixed, "
dataset/Tate mcrae - You broke me first (luca schreiner remix).MP3,"sad, emotional, pop, electronic, female, remix"
dataset/Sheye Banks - Vybe & Riddim.mp3,"upbeat,dance, Afrobeat, Male, club banger"
"dataset/Sam feldt , lvndscape ft tessa - Know you better.MP3","upbeat, romantic, deep house, mixed, collaboration"
dataset/Phyno & Olamide - Road 2 Russia.mp3,"energetic, exciting, afrobeats, male, collaboration"
dataset/Omawumi ft kiss daniel - Me ke.MP3,"energetic, upbeat, Afrobeat, mixed, collaboration"
dataset/DopeNation -  SomeWay (Audio).mp3,"energetic,dance, Afrobeats, male, party"
dataset/Yxng bane ft stefflon don - Birthday.MP3,"energetic, celebratory, hip hop, male, female, collaboration, birthday"
dataset/Fiokee ft peruzzi and layydoe - You bad.MP3,"upbeat, energetic, Afrobeat, mixed, collaboration"
dataset/Floda Grea - Ran Away.mp3,"upbeat, happy, pop, female, catchy"
dataset/Timaya - Gbagam ft Phyno  Deettii.mp3,"energetic,danceable, afrobeat, male, collaboration, Nigerian music"
dataset/04-Ntokzin-Entshonalanga-Ft-Mashudu-Zar-Keyz-(JustNaija.com).mp3,"upbeat,happy,energetic, amapiano, male, collaboration"
dataset/Burna boy - Dey play.MP3,"upbeat,happy, afrobeat, male, "
dataset/DBN Gogo - Khuza Gogo_(muzmo.pro).mp3,"upbeat,dance, amapiano, female, club banger"
dataset/Naira marley - Puta.MP3,"energetic, upbeat, Afrobeats, male, popular, danceable"
dataset/CKay ft Ayra Starr - Come Close.mp3,"romantic, uplifting, Afrobeats, mixed, collaboration"
dataset/Khaid-Hold-Me.mp3,"romantic, soothing, pop, male, catchy"
dataset/Ice prince ft dj spinall - If i tell you.MP3,"upbeat, energetic, groovy, Afrobeat, Hip-hop, Male, collaboration, Nigerian artists"
dataset/Erica banks ft travis scott - Buss it (remix).MP3,"energetic, hype, hip hop, female, remix, collaboration"
dataset/Wizkid- Balance.mp3,"energetic, upbeat, Afrobeats, male, "
dataset/Nthabi Sings & Ntate Stunna – Chelete ft. Emtee & Lizwi Wokuqala.mp3,"upbeat, energetic, hip hop, mixed, collaboration"
dataset/Gb - Under lover.MP3,"mellow, romantic, pop, male, "
dataset/Ice Prince & Ckay - Shakara.mp3,"energetic, cheerful, afrobeats, male, collaboration"
dataset/Sykes-Leecose-Blvck-Steph-ft-ZolaniBeats-Sisekakeni-Babies-Remix.mp3,"upbeat, energetic, vibrant, hip hop, mixed, remix"
dataset/Royal Rumble - Jinmi Abduls.mp3,"energetic, upbeat, Afrobeats, male, Nigerian music"
dataset/Davido - Get to you.MP3,"upbeat, Afrobeats, male, pop"
dataset/Seyi Vibez Billion Dollar ( Radio Edit).mp3,"upbeat,happy, Afrobeats, male, pop"
dataset/Kah Lo - Fasta .mp3,"upbeat, energetic, dance, electronic, female, catchy"
dataset/Cheque Ft Empire  Off White.mp3,"energetic,upbeat, hip hop, male, collaboration"
dataset/Skales - Samba.mp3,"energetic, lively, Afrobeat, male, upbeat"
dataset/Blaqbonez - Big brother.MP3,"energetic,hype, hip hop, male, Nigerian"
dataset/Dookie x Kaystyle - Baby.mp3,"energetic, upbeat, hip hop, male, collaboration"
dataset/SMADA  ft ODUMODUBLVCK - PAPILO (Smadumodu).mp3,"upbeat, energetic, Afrobeats, male, collaboration"
dataset/Dua lipa - We're good.MP3,"upbeat,happy, pop, female, "
dataset/Blaqbonez Loyalty Radio Edit Clean Version.mp3,"energetic, upbeat, hip hop, male, clean version, radio edit"
dataset/Balloranking-Aye-Ft-Hotkid.mp3,"energetic,happy, Afrobeats, male, collaboration"
dataset/PLANTATION BOIZ - YOU AND I.mp3,"upbeat,happy, hip hop, male, "
dataset/Kcee ft Kiki Derika - Going.mp3,"upbeat, Afrobeats, male, collaboration"
dataset/Tekno-Wayo.mp3,"upbeat,happy,energetic, Afrobeats, male, danceable"
dataset/Rexxie ft.Teni - Boi Boi.mp3,"energetic, upbeat, Afrobeats, male, collaboration"
dataset/Qdot-Kanayo.mp3,"energetic, upbeat, Afrobeat, male, Nigerian music"
dataset/04-Falz-Who-Go-Pay-ft-Adekunle-Gold-(JustNaija.com).mp3,"upbeat, energizing, Afrobeat, male, collaboration"
dataset/Kendrick lamar - United in grief.MP3,"reflective,sad, hip-hop, male, collaboration"
dataset/Ayra-Starr Ft Giveon - Last Heartbreak Song.mp3,"heartbreak, emotional, R&B, Soul, Mixed, collaboration"
dataset/Kida-Kudz - Jiggy-Bop.mp3,"upbeat,happy, afrobeats, male, "
dataset/Spyro and tiwa savage - Who is your guy (remix).MP3,"energetic, lively, Afrobeats, Afro-pop, mixed, remix"
dataset/King-Promise ft Shallipopi - Continental.mp3,"energetic, upbeat, Afrobeats, male, collaboration"
dataset/YungMillz_Sista_Precious.mp3,"upbeat,happy, hip hop, male, "
dataset/Rema - Lady.MP3,"upbeat, energetic, afrobeats, male, Nigerian"
dataset/Mellow-Imnandi-lento-Ft-Sleazy-Sjavasdadeejay-TitoM-Tman-Xpress.mp3,"mellow, Afro House, mixed, collaboration"
dataset/Samba peuzzi ft rema - Mercedes.MP3,"upbeat, energetic, dance, afrobeat, pop, male, collaboration"
dataset/Astrid s - Emotion.MP3,"emotional, pop, female, love"
dataset/ZLATAN FT SEYI VIBES--LET THERE BE LIGHT.mp3,"uplifting, energetic, afrobeats, male, collaboration"
dataset/Soulroots-Mabali-Lemon-Herb-Remix-MIDH-055-ft-Toshi.mp3,"soulful, energetic, uplifting, afro house, female, remix, collaboration, featuring Toshi"
dataset/Jebson - Thebelebe(Original Mix).mp3,"upbeat, energetic, afro house, male, instrumental"
"dataset/King Groove, Bizizi & Kaygee Daking - Ama Supa (feat. Chronic Killer & Lusha).mp3","energetic,happy, amapiano, mixed, collaboration"
dataset/Juls & kojo funds - M.o.o.d.MP3,"chill, upbeat, Afrobeat, Hip-hop, mixed, collaboration"
dataset/Timaya ft burna boy - Pull up.MP3,"energetic, upbeat, Afrobeats, male, collaboration, Nigerian artist"
dataset/Professor ft feye - Brand new.MP3,"energetic, upbeat, afrobeat, male, collaboration, new release"
dataset/Busta 929 - Umsebenzi Wethu 20_(muzmo.pro).mp3,"energetic,upbeat, amapiano, male, South African music"
dataset/Ice price ft mstruff - Disco.MP3,"happy, energetic, disco, mixed, collaboration"
dataset/Chiké - Man Not God.mp3,"empowering, confident, Afrobeat, male, uplifting"
dataset/Mr 2kay - Sade.MP3,"love, romantic, Afrobeats, male, Nigerian"
dataset/Stefflon don - Juice.MP3,"energetic, upbeat, hip hop, female, party"
dataset/G2 amani - Your luv (fela in versace rhythm).MP3,"romantic, afrobeat, female, fela in versace"
dataset/Blaq jerzee ft jaz karis - Dangerous.MP3,"mellow, soulful, R&B, mixed, collaboration"
dataset/Peruzzi - Bayi Bayi ft Zlatan.mp3,"upbeat, energetic, Afrobeats, male, collaboration, Nigerian music"
dataset/Eddy-Kenzo-Kikube.mp3,"upbeat,happy, Afrobeat, male, dance"
dataset/DJ Neptune  Ou LaLa feat Savage  Erigga.mp3,"upbeat,dance, Afrobeats, male, collaboration,party"
dataset/Gyakie - December (Official Audio).mp3,"hopeful, cheerful, Afrobeats, female, uplifting"
dataset/RMHA - easy (feat. Afua).mp3,"calm, relaxed, R&B, Male, collaboration, smooth"
dataset/Sean-Tizzle-No-Shame-Ft-LAX.mp3,"happy, energetic, Afrobeats, male, collaboration"
dataset/Seyi Vibez - Migos.mp3,"energetic,happy, Afrobeats, male, Nigerian"
dataset/Oluwadamilola - Olololo(2).mp3,"joyful, energetic, Afrobeat, male, upbeat"
dataset/Skales - I Want You.mp3,"romantic, upbeat, Afrobeats, male, love song, danceable"
"dataset/Loose Kaynon, A-Q, M.I Abaga, Blaqbonez - Pray for the Crown.mp3","energetic, motivational, hip hop, male, collaboration"
dataset/Cdq & jaywillz ft wande coal - Addicted.MP3,"energetic, upbeat, Afrobeat, male, collaboration, addictive"
dataset/Elmina - I Still Want You.mp3,"sentimental, hopeful, pop, female, love, breakup"
dataset/Jon bellion - Conversations with my wife.MP3,"uplifting, sentimental, pop, male, love, marriage"
dataset/Bulow - Get stupid.MP3,"energetic, playful, pop, female, "
dataset/Skiibi - Skibobo ft D Tunes.mp3,"upbeat, energetic, Afrobeat, male, collaboration, danceable"
dataset/Charlie puth - I warned myself.MP3,"sultry, reflective, pop, male, Charlie Puth, I Warned Myself"
dataset/Boj-Sweet-Life-Ft-Ajebutter22-Show-Dem-Cam.mp3,"upbeat,happy, Afrobeats, male, collaboration"
dataset/Simi - Joromi.mp3,"upbeat, happy, romantic, Afro-pop, female, Nigerian"
dataset/Kabza-De-small-x-Dj-Maphorisa  ft Mdu-Trp Malemo - Pick A Box.mp3,"energetic, upbeat, amapiano, male, collaboration, South African music"
dataset/Davido-UNAVAILABLE-Sean-Paul-DING-DONG-Remix-Ft-Sean-Paul-DING-DONG-Musa-Keys.mp3,"energetic, dance, Afrobeat, Dancehall, male, remix, collaboration"
dataset/14-Victor-AD-MIDF-Na-Money-I-Dey-Find.mp3,"upbeat,happy, Afrobeat, male, Nigerian"
dataset/Masauti-BangBang.mp3,"energetic, upbeat, afropop, male, danceable"
dataset/Ciara ft summer walker - Better thangs.MP3,"upbeat, empowering, R&B, female, collaboration"
dataset/Makhadzi Entertainment - Dear EX (Zwininakele) feat. Mashudu & Mizo Phyll.mp3,"upbeat, energetic, afro-pop, female, collaboration"
dataset/M-Kaze - Sweet.mp3,"upbeat,happy, Afrobeat, male, love song"
dataset/STYL PLUS - IYA BASIRA.mp3,"upbeat,happy, Afro pop, male, Nigerian"
dataset/Skales - Fire Waist Ft Harmonize.mp3,"energetic, upbeat, afrobeat, male, collaboration"
dataset/Ice Prince - Brooklyn ft Dice Ailes.mp3,"chill, upbeat, hip hop, male, collaboration"
dataset/Offset - 54321.MP3,"energetic, hype, rap, male, Offset"
dataset/Dj big n ft rema - Ogologoma.MP3,"energetic, upbeat, Afrobeats, male, collaboration, popular"
dataset/Soa mattrix & Mashudu - Thelela.mp3,"upbeat, energetic, afro-house, mixed, collaboration"
dataset/TNK-Musiq-Hayi-Baleka-Ft-DJ-Maphorisa-Riky-Lenyora-Tman-Xpress-Ricky-Lenyora-Tman-Xpress-(JustNaija.com).mp3,"energetic, upbeat, afro-house, male, collaboration, South African music"
dataset/A SWXG - PROMISE.mp3,"upbeat,happy, pop, mixed, energetic, catchy"
dataset/Sauti sol ft nyashinski - Short and sweet.MP3,"uplifting,happy, afro-pop, mixed, "
dataset/Burna-Boy-Sittin-On-Top-Of-The-World-ft-21-Savage.mp3,"energetic,confident, Afrobeat, male, collaboration,hip hop"
dataset/Ayra Starr ft Giveon - last heartbreak song.mp3,"heartbreak, emotional, R&B, Pop, female, collaboration, slow tempo"
"dataset/Alison wonderland , blessus - Here 4 us.MP3","upbeat, energetic, electronic, female, collaboration"
dataset/Illbliss ft olamide - Forty feet (containers).MP3,"energetic, powerful, hip hop, male, collaboration, Nigerian artists"
dataset/Eddy-Kenzo-Together.mp3,"upbeat,happy, afrobeat, male, collaboration"
dataset/Ice Prince - N Word ft AKA.mp3,"energetic, upbeat, hip hop, male, collaboration"
dataset/DAYANA FT CAMIDOH - UP FOR LOVE.mp3,"romantic, upbeat, afrobeat, female, collaboration"
dataset/Diamond Platnumz Ft Chike - My Baby .mp3,"romantic, joyful, Afrobeat, male, collaboration"
dataset/Mr Eazi X GuiltyBeatz X J Derobie X Sherrie Silver - Freedom.mp3,"energetic, uplifting, Afrobeats, mixed, collaboration"
dataset/Bad Boy Timz - Mental.mp3,"energetic, upbeat, Afrobeats, male, Nigerian"
dataset/ODUMODUBLVCK ft Blaqbonez - TESLA-BOY.mp3,"energetic, upbeat, hip hop, male, collaboration, rap"
dataset/KabzaDe small x Dj Maphoris ft Shino Kikai Jessica LM - Why Ngilahla-Dali.mp3,"energetic,happy, Amapiano, male, "
dataset/Quinn xcii ft yoshi flower - Werewolf.MP3,"energetic, upbeat, pop, male, "
dataset/Dj Kaywise - Caro Ft Falz & Tekno.mp3,"upbeat, energetic, afrobeats, male, collaboration"
dataset/SPINALL feat Asake  PALAZZO.mp3,"energetic, upbeat, Afrobeats, male, collaboration, Nigerian music"
dataset/BNXN fka Buju & Olamide - Modupe.mp3,"upbeat, grateful, Afrobeats, male, collaboration, Nigerian"
dataset/Wurld - Sarafina.mp3,"uplifting, energetic, passionate, Afrobeat, R&B, male, Nigerian"
dataset/Tyla ft ayra starr - Girl next door.MP3,"upbeat, catchy, afrobeat, pop, female, collaboration"
dataset/Vector-Emi Dflamz Radio.mp3,"energetic, upbeat, hip hop, rap, male, collaboration"
dataset/Mafa-Mafa-f.-Davido-The-Flowolf-Peruzzi-Dremo dflamz radio .mp3,"energetic, upbeat, afrobeats, mixed, collaboration, Nigerian artists"
dataset/Becca ft kizz daniel - Gina.MP3,"upbeat, romantic, Afrobeat, female, duet, collaboration"
dataset/Ladipoe - Lemme know.MP3,"chill, relaxed, Afrobeat, male, Ladipoe"
"dataset/BoyPee Ft Davido Ft  , Hyce, Brown Joel - Ogechi Remix.mp3","energetic,happy, afrobeats, male, remix, collaboration"
dataset/Harrysong - Meta.MP3,"upbeat,happy, Afrobeat, male, Nigerian"
dataset/Future ft youngboy never broke - Trillionaire.MP3,"energetic,hype, hip hop, male, collaboration"
dataset/Youngboy never broke again - Make no sense.MP3,"energetic, powerful, hip hop, male, trap"
dataset/Waje ft johnny drille - Udue.MP3,"romantic, Afrobeat, female, collaboration"
dataset/Oxlade - Want you.MP3,"romantic, nostalgic, Afrobeats, male, love song, R&B"
dataset/Zlatan - Jogor ft Lil Kesh  Naira Marley.mp3,"energetic, upbeat, Afrobeats, Hip hop, male, collaboration"
dataset/Ruger-Bae-Bae-ft-Bnxn.mp3,"upbeat, romantic, afrobeat, male, collaboration"
dataset/Kabza De Small & DJ Maphorisa Funu-ft.-Tresor.mp3,"upbeat, energetic, Amapiano, male, collaboration, popular"
dataset/16-Tommy-Flavour-Utulie-ft-Mwana-FA.mp3,"upbeat, energetic, Bongo Flava, male, collaboration"
dataset/Rayvanny Ft Zuchu  I Miss You .mp3,"nostalgic, longing, bongo flava, mixed, Tanzanian music"
dataset/Wizkid ft ayra starr - 2 sugar.MP3,"upbeat, lively, afrobeats, mixed, collaboration"
dataset/Blaqbonez - Shut up.MP3,"energetic, confident, hip-hop, male, Nigeria, rap"
dataset/Jhene aiko - Speak.MP3,"calm, reflective, r&b, female, soulful"
dataset/May-D-Time-No-Dey-Ft-Rudeboy.mp3,"upbeat,dance, Afrobeats, male, collaboration"
dataset/Jnr choi - To the moon.MP3,"upbeat, optimistic, pop, male, energetic, catchy"
"dataset/Crayon ft camidoh, costa titch, focalistic - Ijo (laba laba).MP3","fun, energetic, Afrobeats, mixed, collaboration"
dataset/Jaido P - Gbeff.mp3,"energetic, upbeat, Afrobeats, male, Nigeria, collaboration"
dataset/Seyi Vibez Bullion Van Radio Edit Clean Version 2022.mp3,"energetic, upbeat, Afrobeat, male, clean version"
dataset/Pocolee ft olamide & portable - Zazoo zehh.MP3,"energetic, lively, Afrobeats, male, collaboration, dance"
dataset/Ballads Of A Lost Boy Word Poet (Radio Edit) Erigga.mp3,"melancholic, reflective, hip hop, male, word poet, radio edit"
dataset/Guchi -Mon-B-b-.mp3,"energetic, lively, pop, female, upbeat"
dataset/Crayon - Too Correct Ft Rema.mp3,"upbeat,happy, Afrobeats, male, collaboration"
dataset/Mama Maradona (Radio Edit) Vector ft Wande Coal.mp3,"energetic, upbeat, Afrobeat, male, collaboration, radio edit"
dataset/Wizard-Chan-Stages-Of-Life.mp3,"magical, mystical, adventurous, electronic, female, fantasy, anime"
dataset/Kcee - Akonuche.MP3,"upbeat,happy, Afrobeats, male, "
dataset/Young thug ft. with stick - Die slow.MP3,"energetic, dark, rap, male, collaboration"
dataset/Wande Coal - Go Low.mp3,"energetic, dance, Afrobeat, male, club banger, upbeat"
dataset/Ludacris and chance the rapper - Found you.MP3,"energetic,happy, hip hop, male, collaboration"
dataset/Mohbad-PARIWO-ft-Bella-Shmurda.mp3,"upbeat, energetic, afrobeats, male, collaboration"
dataset/Kabza De Small - Need You Tonight(feat Wizkid).mp3,"upbeat, dance, amapiano, male, collaboration, featured artist"
dataset/Praiz - Rich & Famous.mp3,"uplifting, inspirational, soulful, R&B, male, Nigerian artist"
dataset/Kiiara - Love is a bad word.MP3,"sad, emotional, pop, female, heartbreak"
dataset/Omah lay - Joanna.MP3,"upbeat, groovy, Afrobeats, male, Nigerian"
dataset/Omah lay ft justin bieber - Attention.MP3,"energetic, catchy, afrobeat, pop, male, collaboration"
dataset/Wande coal ft olamide - Kpe paso.MP3,"energetic, lively, Afrobeats, male, collaboration, Nigerian"
dataset/Lade - Ma Wo Mi.mp3,"upbeat, happy, Afrobeats, female, Nigerian"
dataset/Jay-Som-tshelu-Ma-Ft-Ghosty-Njebstardedrum-Shoden-Cognac.mp3,"chill, mellow, hip hop, mixed, collaboration"
dataset/The chainsmokers and aazar - Siren.MP3,"energetic,hype, edm, mixed, collaboration"
dataset/Solid Star - Super Eagles.mp3,"upbeat, energetic, Afrobeats, male, sports, Nigerian music"
dataset/Pcee x Justin99 x EeQue - ZoTata  ft. Mr JazziQ.mp3,"energetic, dance, amapiano, male, collaboration, featuring Mr JazziQ"
dataset/King promise - Slow down.MP3,"relaxed,chill, Afrobeats, male, romantic"
dataset/Patoranking-HIGHER.mp3,"uplifting,happy, Afrobeat, male, "
dataset/Victor AD - Wetin we Gain.mp3,"inspirational, reflective, Afrobeats, male, Nigerian music, motivational"
dataset/Kida kudz - Moonwalk.MP3,"upbeat, energetic, Afrobeat, male, danceable"
dataset/Martinsfeelz - Show me.MP3,"emotional, upbeat, Afrobeat, male, love, relationship"
dataset/Gospelondebeatz ft davido & peruzzi - Run am.MP3,"upbeat, energetic, Afrobeats, Male, collaboration"
dataset/Jaymes young - Infinity.MP3,"melancholic, introspective, pop, male, singer-songwriter"
dataset/DJ-Jace-Yete-Yete-ft-Thodah-Unstoppable-Dj-Nero-Ltd-Rose-Lost-Kid.mp3,"upbeat,happy, Afrobeats, male, collaboration,energetic"
dataset/Nqubzin hunterz tradenark ft rudeboyz and flexy - Msebenzise.MP3,"energetic, upbeat, Gqom, Mixed, collaboration, dance"
dataset/King Promise Ft  Sarkodie  Olivetheboy - Favorite Story.mp3,"upbeat, sentimental, Afrobeat, male, collaboration, storytelling"
dataset/Kwiish_SA_feat_T-SLEEK_Da_Muziqal_Chef_-_My_Number_One_Main_Mix_Main_Mix_72572132.mp3,"upbeat,happy, Amapiano, male, collaboration"
dataset/Davido ft. chris brown and young thug - Shopping spree.MP3,"exciting, energetic, Afrobeats, R&B, male, collaboration"
dataset/Mawhoo-Tycoon-ft-Marcus-MC-Ngizowela.mp3,"upbeat, energetic, afro-house, male, collaboration"
dataset/Del B - Consider ft  Flavour & Wizkid.mp3,"upbeat,happy, Afrobeat, mixed, collaboration"
dataset/Caltonic SA John Bravo - Siyabalandela_(muzmo.pro).mp3,"energetic,upbeat, amapiano, male, collaboration"
dataset/Odumodublvck Ft Fireboy DML FireGun.mp3,"energetic, upbeat, Afrobeats, male, collaboration"
dataset/Olamide ft empire - Wound someone.MP3,"energetic, upbeat, Afrobeats, Hip hop, male, collaboration"
dataset/Bharbykiki - Fallen mp3.mp3,"sad, melancholic, pop, female, heartbreak"
dataset/Lil kesh - All the way.MP3,"upbeat,happy, Afrobeats, male, Nigerian"
dataset/Juls Ft FireBoyDml Intentionally.mp3,"upbeat, romantic, Afrobeats, male, collaboration"
dataset/Blaqbonez Like Bezos.mp3,"energetic, confident, hip hop, male, Nigeria, rap"
dataset/SWEAT - SARZ X WURLD.mp3,"energetic, groovy, Afrobeat, male, collaboration, Nigerian"
dataset/Wizkid - Joro.MP3,"upbeat, romantic, Afrobeat, male, Nigerian"
dataset/Focalistic-Fire-Radio-Edit-ft-MHD-Felo-Le-Tee-Mellow-and-Sleazy.mp3,"energetic, upbeat, afrobeat, amapiano, male, collaborative, danceable"
dataset/Gdzilla-Rise-and-Shine.mp3,"energetic, powerful, hip hop, male, upbeat"
dataset/Basiil - Jo.mp3,"upbeat,happy, pop, male, catchy"
dataset/Sfarzo-Rtee-FORESHORE-PLACE-ft-Chronical-Deep.mp3,"Chill, Relaxing, Ambient, Deep House, Mixed, Collaboration"
dataset/Drama relax ft jeremih - All that.MP3,"relaxing, romantic, R&B, mixed, collaboration, chill"
dataset/Que peller ft 9ice - Ishe nla.MP3,"upbeat,happy, Afrobeat, male, collaboration"
dataset/Skales - Keresimesi.mp3,"festive, upbeat, Afrobeat, male, Christmas"
dataset/Da baby - Trickin.MP3,"energetic, confident, rap, male, upbeat"
dataset/Bhadboi-OML-Tomford-Remix-Ft-Blaqbonez-Jeriq.mp3,"energetic, upbeat, hip hop, male, remix, collaboration, rap"
dataset/Wande-Coal ft T-Pain -Streets.mp3,"upbeat, afrobeat, male, collaboration"
"dataset/Tiwa Savage ft Zacardi,Cortez - I Need You.mp3","romantic, upbeat, Afrobeats, R&B, female, collaboration"
dataset/Qing Madi - American Love.mp3,"romantic, nostalgic, pop, female, Chinese"
dataset/Korede Bello - Mi Casa Su Casa.mp3,"happy, love, Afropop, male, smooth"
dataset/Lovn-Abena-Naijapickup.com.mp3,"romantic, soothing, afrobeat, female, Nigerian, love song"
dataset/TIMAYA - TOMATO.mp3,"upbeat,happy, afrobeat, male, danceable"
dataset/DJ Neptune - Blood & Fire Ft  M I Abaga & Jesse Jagz.mp3,"energetic, powerful, hip hop, male, collaboration"
dataset/Mabenzo-2k-Madiba-ft-Queller-Du-Pour-Delewa-Disciple.mp3,"energetic, uplifting, afro-beats, male, collaboration, African artists"
dataset/LuuDadeejay-Ngim-Khumbule-ft-Russell-Zuma.mp3,"energetic,happy, amapiano, male, collaboration"
dataset/Kizz daniel ft tekno - Buga.MP3,"energetic, upbeat, Afrobeats, male, collaboration"
dataset/Stu-Vulindlela-Ft-Vusi-Nova-WakMa-Tall-And-Ssips-(JustNaija.com).mp3,"upbeat,dance, Afro-pop, male, collaboration"
dataset/SIMI-TIFF.mp3,"melancholic, soulful, R&B, female, Nigerian"
dataset/DJ-Stokie-Silent-Killa-ft-Sipho-Magudulela-Jay-Sax.mp3,"energetic,upbeat, amapiano, male, instrumental"
dataset/TENI - YBGFA.mp3,"upbeat, energetic, lively, afrobeat, female, Nigeria"
"dataset/Lulu, Mathumela Band - Ndilibe.mp3","upbeat, energetic, happy, afro-pop, female, collaboration, African music"
dataset/D Incredible dj ft Sunkkeysnoop - Ahun Clean.mp3,"upbeat,dance, afrobeats, mixed, collaboration"
dataset/Dremo ft mayorkun - E be tins.MP3,"upbeat, energetic, afrobeat, male, collaboration"
dataset/Yung bleu ft ne-yo - Walk through the fire.MP3,"upbeat, soulful, R&B, mixed, collaboration"
dataset/King monada ft leon lee - One day.MP3,"upbeat,happy, Afro House, male, collaboration"
dataset/Tiwa savage ft sam smith - Temptation.MP3,"sensual, seductive, Afrobeat, R&B, female, collaboration"
dataset/Rita ora - Velvet rope.MP3,"sensual, mysterious, pop, female, Rita Ora"
dataset/Blackpink - Shut down.MP3,"energetic, powerful, k-pop, female, upbeat"
dataset/Kanye west ft travis scott - Wash us in the blood.MP3,"energetic, powerful, hip-hop, male, collaboration"
dataset/Crayon - In sync.MP3,"upbeat, energetic, pop, male, catchy"
dataset/MDU aka TRP - 16 Inch (muzmo.pro).mp3,"energetic,hypnotic, Amapiano, male, South African, dance"
dataset/OLAMIDE- WONNA (clean).mp3,"energetic, upbeat, Afrobeats, male, Nigerian music, danceable"
dataset/Teni - Shake Am.mp3,"upbeat,happy, afrobeat, female, danceable,fun"
dataset/Ric Hassani - Amina.mp3,"romantic,soulful, Afrobeat, male, love song, Nigerian"
dataset/2Baba-Bebe-ft-Larry-Gaaga-Mi-Casa-(JustNaija.com).mp3,"upbeat,happy, Afrobeat, male, collaboration,party"
dataset/Shekhinah - Suited.mp3,"romantic, feel-good, R&B, female, soulful"
dataset/Qing madi ft bnxn - Ole.MP3,"energetic, upbeat, pop, hip-hop, male, collaboration"
dataset/Omah-Lay-joanna.mp3,"upbeat, romantic, Afrobeats, male, Nigerian"
dataset/Lil nas x - Dont want it.MP3,"energetic,hype, hip hop, male, Lil Nas X"
dataset/L with Vs Louis Vuitton (Radio Edit) Erigga.mp3,"energetic, upbeat, hip hop, male, Louis Vuitton"
dataset/Burna Boy  Rollercoaster feat J Balvin.mp3,"upbeat, energetic, Afrobeat, Reggaeton, male, collaboration"
dataset/Dremo - Be witchu.MP3,"chill, upbeat, hip hop, male, catchy"
dataset/Yxng bane ft d block europe - Cut me off.MP3,"energetic, upbeat, rap, hip hop, male, collaboration"
dataset/The weekend - In your eyes.MP3,"romantic, upbeat, pop, R&B, male, love song, catchy"
dataset/No stress ~ Tony frank ft Timaya.mp3,"energetic, uplifting, afrobeat, male, collaboration"
dataset/9umba & Sbu YDN - Duze (feat. ilovelethu & Jadenfunky).mp3,"upbeat, energetic, amapiano, male, collaboration, featuring artists"
dataset/D'banj ft tiwa savage - Shake it.MP3,"energetic, catchy, afrobeat, male, female, collaboration"
dataset/Sisi Omotara - Queen of the vibe.mp3,"energetic,happy, Afrobeats, female, upbeat"
dataset/Attitude - Nkechi.MP3,"energetic, confident, sassy, pop, female, upbeat, empowering"
dataset/King perryy x psycho yp - Yktfv (you know the fvck.MP3,"energetic, hype, hip-hop, afrobeats, male, collaboration, explicit lyrics"
dataset/DJ Tunez & D3AN - lullaby ft Onosz.mp3,"upbeat, soothing, melodic, Afrobeats, EDM, mixed, collaboration"
dataset/Ric hassani ft sigag lauren - Wish you were here.MP3,"romantic, emotional, Afrobeat, R&B, male, collaboration, soulful"
dataset/Niniola ft sarz - Designer.MP3,"energetic, upbeat, afrobeats, female, collaboration, popular"
dataset/T.i blaze ft lojay - Daddy yo.MP3,"energetic, upbeat, afrobeat, male, collaboration"
dataset/G.D.S x Camidoh - Adoley.mp3,"upbeat,happy, Afrobeats, male, collaboration"
dataset/Show Dem Camp - Apollo ft Tay Iwar.mp3,"laid-back, groovy, hip hop, afrobeats, male, collaboration"
dataset/Bebe Rexha - Heart Wants What It Wants.mp3,"heartbreak,sadness, pop, female, Bebe Rexha"
dataset/Rudie Boss - Qoutes.mp3,"upbeat,happy, reggae, male, chill"
dataset/Bloody Civilian - Head-Start.mp3,"energetic, intense, rock, male, upbeat"
dataset/Brysco - Code.mp3,"upbeat, energetic, hip hop, male, coding, software development"
dataset/Laime Ft Odumodublvck Where Dem Dey.mp3,"upbeat,happy, afrobeats, female, collaboration"
dataset/Davido - Blow My Mind Ft  Chris Brown (Mixmaster Remix).mp3,"energetic, upbeat, lively, Afrobeat, Remix, Male, collaboration, popular"
dataset/Mr Eazi & Major Lazer - Oh My Gawd (feat  Nicki Minaj & K4mo).mp3,"upbeat, energetic, afrobeat, mixed, collaboration"
dataset/Major Aj Ft. Psyco YP & Minz - SKT.mp3,"energetic, upbeat, Afrobeats, male, collaboration"
dataset/Simi - Love Don't Care (House Mix) ft DJ Caise.mp3,"uplifting, romantic, house, female, remix, collaboration"
dataset/Yukelle-Touch.mp3,"upbeat,happy,energetic, pop, female, dance"
dataset/Curtis j ft tomie boy - Check your balance.MP3,"upbeat, energetic, hip-hop, rap, male, collaboration"
dataset/Patoranking ft busiswa - Open fire.MP3,"energetic, upbeat, Afrobeat, Dancehall, male, female, collaboration"
dataset/Veen ft psychoyp - Race.MP3,"energetic, upbeat, hip hop, male, "
dataset/Kizz Daniel - Madu.mp3,"sensual, romantic, Afrobeat, male, pop"
dataset/Balloranking-BRAND-NEW.mp3,"upbeat, energetic, Afrobeats, male, brand new"
dataset/Ruger-Ilashe-ft-Bnxn-.mp3,"energetic, funky, Afrobeat, male, collaboration, upbeat"
dataset/PLANTATION BOIZ - OCEAN OF PASSION.mp3,"passionate, romantic, R&B, Soul, male, group"
dataset/ELIJAE_ALLOVER  .mp3,"upbeat, energetic, R&B, male, soulful"
dataset/Sarkodie Ft Cina Soul Over Me.mp3,"upbeat,happy, hip-hop, male, collaboration"
dataset/Mz Kiss - Oluwa Wetin Dey.mp3,"upbeat, energetic, inspirational, afrobeats, female, Nigerian, hip hop"
dataset/MARTHA  AFRICAN LADY - JAYPINK.mp3,"upbeat, energetic, Afrobeat, female, "
"dataset/Aka, youngstacpt - Main ou's.MP3","energetic, assertive, hip-hop, male, South African"
dataset/Mr Eazi - Property.mp3,"upbeat, happy, Afrobeat, male, danceable, summer vibe"
dataset/Busiswa -Makazi-ft.-Mr-JazziQ.mp3,"energetic, upbeat, Amapiano, female, dance"
dataset/Tems - Hold On.mp3,"emotional, uplifting, Afrobeat, female, Nigerian, R&B"
dataset/They ft wiz khalifa - What i know.MP3,"energetic, confident, hip hop, mixed, collaboration"
dataset/Dj tunez ft projexx and brume - G love.MP3,"upbeat, energetic, afrobeat, mixed, "
dataset/Sisi Omotara - Lagos Nights.mp3,"energetic, lively, Afrobeat, female, Nigerian"
"dataset/Ariana grande - Break up with your girlfriend, i'm bored.MP3","edgy, confident, pop, R&B, female, breakup, relationship"
dataset/Doja cat ft gucci mane - Like that.MP3,"upbeat, energetic, pop, rap, female, collaboration, trending"
"dataset/Ariana grande - Thank u, next.MP3","upbeat,empowering, pop, female, breakup,empowerment"
dataset/H.e.r - Damage.MP3,"soulful, introspective, R&B, female, contemporary"
dataset/Seyi Vibez - Today.mp3,"happy, uplifting, afrobeats, male, Nigerian"
dataset/Simi ft patoranking - Jericho.MP3,"uplifting, romantic, Afrobeat, female, collaboration"
dataset/Burna_Boy - Ye.mp3,"upbeat, Afrobeats, male, Nigerian"
dataset/Rema - Boulevard.MP3,"upbeat, energetic, Afrobeats, male, Nigerian"
dataset/Dj tunez ft portable - Banga.MP3,"energetic, lively, Afrobeats, male, collaboration"
dataset/Busy Signal - Know You Good (Peppa Mint Riddim) (Intro - Clean).mp3,"upbeat,happy, reggae, male, dancehall"
dataset/Ike chuks ft phyno - Superstar.MP3,"energetic,happy, Afrobeats, Male, collaboration"
dataset/Senth - Senthololo.MP3,"energetic,happy, pop, male, upbeat"
dataset/Teni-Yaya-Toure.mp3,"upbeat, energetic, Afrobeats, female, Nigerian, danceable"
dataset/Cdq ft mr eazi - Soft.MP3,"soft, afrobeat, male, collaboration"
dataset/Mayorkun - Tire.MP3,"upbeat, energetic, afropop, male, "
dataset/Nsg - Colonization.MP3,"energetic,hype, hip-hop, male, UK"
dataset/Sage chemutai - What i am.MP3,"uplifting, inspirational, pop, female, singer-songwriter"
dataset/Amerado-Kwaku-Ananse.mp3,"energetic,uplifting, hip hop, male, "
dataset/Skiibii  Tory Lanez - Baddest Boy (US Remix).mp3,"energetic,hype, afrobeats, male, remix,US"
dataset/Kemuel  Champagne Girl.mp3,"upbeat, joyful, festive, gospel, mixed, worship"
dataset/Dapo tuburna - Lituation.MP3,"energetic, upbeat, afrobeat, male, party, dance"
dataset/Drake - Nice for what.MP3,"empowering, upbeat, hip hop, male, popular, energetic"
dataset/Ice-Beats-Slide-Sbuda-Maleather-ft-Shakes-Les-TxC-Pta-Like-Gta.mp3,"energetic, upbeat, hip hop, rap, male, collaboration, featured artists"
dataset/Boj-Rora-Feat-Ajebutter22.mp3,"upbeat,happy, Afrobeats, male, collaboration"
dataset/Timaya - To you.MP3,"upbeat,happy, afrobeat, male, danceable"
dataset/Zamir - Ordre du jour.MP3,"energetic,upbeat,happy, afrobeat, male, Nigerian"
dataset/Mr P - Karma.mp3,"upbeat,happy, Afrobeat, male, Nigerian"
dataset/Justin Mylo “Rescue Me” ft. Karen Harding.mp3,"energetic, upbeat, electronic, mixed, collaboration, dance"
dataset/LADIPOE-Hallelujah-Ft-Rozzz-Morrelo.mp3,"upbeat, hip-hop, male, collaboration"
dataset/Teni - Fake Jersey.mp3,"upbeat, energetic, Afrobeats, female, Nigerian"
dataset/Dj neptune ft ruger - Bienvenue.MP3,"upbeat, energetic, Afrobeat, male, collaboration"
dataset/Sigrid - High five.MP3,"uplifting, energetic, pop, female, catchy"
dataset/Genique green - Rude.MP3,"upbeat,happy, pop, female, catchy"
dataset/Reekado ft attifaya - You dey mad.MP3,"energetic, confident, Afrobeats, male, "
dataset/Berri Tiga God  Radio Edit Clean Version.mp3,"energetic, upbeat, electronic, female, radio edit, clean version"
dataset/Yemi alade - Control.MP3,"energetic, empowering, Afrobeats, female, Nigerian"
dataset/God_Body_V2_(Radio Edit) Laycon Ft A_Q.mp3,"energetic, uplifting, hip hop, male, collaboration"
dataset/Kida Kudz - Animalistic.mp3,"energetic, confident, Afrobeats, male, upbeat"
dataset/Lady zamar - Sharp shooter.MP3,"upbeat, energetic, house, female, South African"
dataset/6.Faya by Mobelieve.mp3,"energetic, upbeat, Afrobeats, male, dance"
dataset/Timz - Folashade.MP3,"romantic,soulful, Afrobeat, male, Nigerian"
dataset/Victony-Pier-46-Ft-KTIZO.mp3,"upbeat,happy, Afrobeats, male, collaboration"
dataset/Mellow ft-Sleazy-Chley-Sjavasdadeejay-Lastborn-Diroba -Shaka-Zulu.mp3,"mellow, hip hop, mixed, collaboration"
dataset/Dj xclusive ft duncan mighty - Gimme love.MP3,"romantic, joyful, Afrobeats, male, collaboration, love song"
dataset/Masego ft shenseea - Silver tougue devil.MP3,"energetic, catchy, R&B, pop, mixed, collaboration, upbeat"
dataset/Uptown Disco - Olamide Ft Fireboy DML & Asake.mp3,"energetic, upbeat, groovy, afrobeat, dance, male, collaboration, Nigerian artists"
"dataset/Lil baby, lil durk and travis scott - Hats off.MP3","energetic, rhythmic, rap, hip hop, male, collaboration"
dataset/Kida kudz ft wiley - Bounce.MP3,"energetic, upbeat, rap, hip hop, male, collaboration"
dataset/Koffee ft jane macgizmo - Blazin.MP3,"upbeat, energetic, reggae, female, collaboration, dancehall"
dataset/King promise - Sisa.MP3,"upbeat, romantic, Afrobeats, male, Ghanaian"
dataset/Mut4y x Ehli - Feelin U.mp3,"upbeat,happy, Afrobeat, male, "
dataset/MoDollaz ft  Roxstar - Deeper.mp3,"energetic, upbeat, hip hop, mixed, collaboration"
dataset/Zlatan Ft Young Jonn Astalavista.mp3,"energetic, lively, Afrobeats, male, collaboration, upbeat"
dataset/Bnxn-Pidgin-English.mp3,"energetic, upbeat, hip hop, male, pidgin, English"
dataset/Skales - Shaking my head.MP3,"energetic, upbeat, Afrobeats, male, dance, party"
dataset/NYELU - MAKE SENSE .mp3,"upbeat, energetic, afrobeat, male, danceable"
dataset/Bebe rexha ft quavo - Souls on fire.MP3,"upbeat, energetic, pop, female, collaboration"
dataset/Efya & Tiwa Savage - The One.mp3,"happy, uplifting, Afrobeats, female, collaboration, feel-good"
dataset/Enjoyment kendickson.mp3,"happy, upbeat, Afrobeat, pop, male, catchy"
dataset/M.anifest ft. worlasi - 100%.MP3,"upbeat, energetic, hip-hop, male, collaboration"
dataset/Kabusa-Oriental-Choir-Lonely-at-the-Top-.mp3,"lonely, oriental, choir, "
dataset/Yung l - Aye.MP3,"upbeat,happy, Afrobeats, male, Nigerian"
dataset/Dotman - Pepesu ft DJ Tunes.mp3,"upbeat, energetic, afrobeat, male, collaboration"
"dataset/Dj sumbody ft cassper nyovest, thebe and veties - Monate mpolaye.MP3","upbeat, energetic, afrobeat, mixed, collaboration"
dataset/Vybz Kartel - Fever - Major Lazer Remix (Intro - Clean).mp3,"upbeat, energetic, vibey, dancehall, electronic, male, remix, clean version"
dataset/bedouin - Whistleman.mp3,"upbeat, energetic, electronic, male, instrumental"
dataset/Fireboy ft ed sheeran - Peru remix.MP3,"energetic, lively, Afrobeat, Pop, male, remix, collaboration"
dataset/Funbi - Turn Me Around Ft  LadiPoe.mp3,"upbeat,happy, Afrobeat, female, collaboration"
dataset/Bella Shmurda Ft Pheelz -  Bankruptcy.mp3,"upbeat,dance, Afrobeats, male, collaboration"
dataset/Kayode - Live forever.MP3,"uplifting, energetic, pop, male, solo artist"
dataset/Naira marley and young john - Mafo.MP3,"upbeat, energetic, afrobeats, male, collaboration"
dataset/JAE5 FT BNXN - LOVE MADE ME DO IT.mp3,"Romantic, Passionate, R&B, Afrobeat, Male, Collaboration"
dataset/Slick-Widit-Dali-Nguwe-Radio-Version-Ft-Themba-Mbokazi-Cloud9ne-(JustNaija.com).mp3,"upbeat, happy, Afrobeat, Male, Radio Version"
dataset/Masego - Two sides.MP3,"laid-back, smooth, R&B, male, soulful"
"dataset/Megan the stallion ft nicki minaj, ty dolla sign - Hot girl summer.MP3","energetic, empowering, hip hop, rap, female, collaboration, summer vibes"
dataset/Ycee - Juice feat  Maleek Berry.mp3,"upbeat, energetic, Afrobeat, male, collaboration, popular"
"dataset/Spyro ft diamond platnumz, teni & iyanya - For you.MP3","upbeat,happy, afrobeat, mixed, collaboration"
dataset/Blaqbonez-NAIJA-SHAWTY-Ft-Victony.mp3,"energetic,happy, Afrobeats, male, collaboration"
dataset/Smallgod Ft Lojay Automatic.mp3,"upbeat,happy, afrobeats, male, collaboration"
dataset/Carterefe-Babypiano.mp3,"cheerful, playful, pop, instrumental, upbeat"
dataset/CKay ft. Blaqbonez - HALLELUJAH.mp3,"upbeat,happy, Afrobeats, male, collaboration"
dataset/Makhadzi-Entertainment-Malala-Phoo-ft-Fortunator.mp3,"upbeat, energetic, afro house, female, collaboration"
dataset/LAYCON - SHINE.mp3,"uplifting, inspiring, Afrobeat, male, Nigerian"
dataset/Burna boy ft jeremih and serani - Secret.MP3,"upbeat, energetic, Afrobeats, male, collaboration"
dataset/Mclion Ft Boy Muller - Idan Nation.mp3,"upbeat,happy, Afrobeat, male, collaboration"
dataset/Blxckie - Back Into It.mp3,"energetic, upbeat, hip hop, male, South African"
dataset/Olamide ft wizkid - Kana.MP3,"upbeat, energetic, Afrobeat, male, collaboration"
dataset/Floda Grae - Iyona le [prod Culture x AJP] MM v2.mp3,"upbeat, energetic, pop, female, South African, production by Culture x AJP"
dataset/Ice prince & ckay - Shakara.MP3,"energetic, upbeat, catchy, Afrobeat, male, collaboration"
dataset/Adekunle-Gold-Rodo-.mp3,"energetic, happy, Afrobeat, male, "
dataset/Mr Real - Legbegbe ft Idowest  Obadice  Kelvin Chuks.mp3,"energetic,dance, afrobeat, male, collaboration"
dataset/DJ-Akuaa-Ayefro-Dondoo-Ft-Kuami-Eugene.mp3,"upbeat,happy, Afrobeat, female, collaboration"
dataset/TEKNO - WAYO.mp3,"upbeat, energetic, Afrobeat, male, Nigerian"
dataset/Omah lay - Damn.MP3,"chill, vibe, Afrobeat, male, Nigerian"
dataset/Danger - KiDi.mp3,"upbeat, catchy, energetic, Afrobeats, male, popular"
dataset/Yxng bane - Maximum.MP3,"energetic, upbeat, rap, male, popular"
dataset/Dr malinga ft beat movement - Giya giya.MP3,"energetic, lively, dance, male, collaboration"
dataset/Timi Dakolo - Everything (Amen).mp3,"hopeful, uplifting, gospel, soul, male, spiritual"
dataset/Aq & loose kanyon - By your side.MP3,"uplifting, energetic, pop, mixed, "
dataset/4...OLOTU ft dremo .mp3,"energetic, upbeat, Afrobeats, male, collaboration"
dataset/King perryy ft 1da banton - Denge.MP3,"energetic, lively, Afrobeat, male, collaboration"
dataset/Sabrina carpenter - Bad time.MP3,"upbeat, energetic, pop, female, "
dataset/Jorja smith ft preditah - On my mind.MP3,"soulful, upbeat, R&B, electronic, female, collaboration"
dataset/RUNDA NO ONE.mp3,"energetic, uplifting, pop, dance, female, upbeat"
dataset/Korede Bello -Yoga.mp3,"happy, upbeat, Afropop, male, Nigerian"
dataset/Ycee - Balance.mp3,"energetic, confident, hip hop, male, rap"
dataset/Wizkid - Anoti.MP3,"energetic, upbeat, Afrobeats, male, "
dataset/Mayorkun - Oshe boys.MP3,"energetic, upbeat, Afrobeats, male, Nigerian"
dataset/Area21 - Happy.MP3,"happy, electronic, mixed, collaboration"
dataset/Drake - In my feelings.MP3,"upbeat, romantic, hip hop, R&B, male, viral, summer hit"
dataset/Peruzzi - D side.MP3,"upbeat, energetic, Afrobeat, male, Nigerian"
dataset/Julia michaels ft trippie redd - Jump.MP3,"energetic, upbeat, pop, female, collaboration"
dataset/Guchi - Relate.mp3,"uplifting, energetic, Afrobeats, female, popular"
dataset/Omah Lay -  soso.mp3,"uplifting, energetic, afrobeats, male, Nigerian"
dataset/BKAY! - The Boy Mix2.mp3,"energetic, upbeat, pop, male, remix, dance"
dataset/Mafikizolo ft uhuru - Khona.MP3,"energetic, happy, afrobeats, mixed, "
dataset/CHRIS BROWN - Angel Numbers (Amapiano Remix).mp3,"upbeat, energetic, Amapiano, male, remix"
dataset/Jimohsoundz - Police ft Loyz.mp3,"energetic, powerful, Afrobeat, Hip-hop, male, collaboration"
"dataset/Tion wayne, dutchavelli and stormzy - I dunno.MP3","energetic, confident, rap, male, collaboration"
dataset/Mr 2kay and daed - Location.MP3,"energetic, upbeat, afrobeats, male, collaboration"
dataset/Toby-Grey ft-Kemuel-Mamba-Sounds - Peace-of-Mind-Remix.mp3,"peaceful, uplifting, Afrobeat, female, "
dataset/Tiwa Savage - Attention.mp3,"upbeat, energetic, Afrobeats, female, Nigerian"
dataset/Kizz Daniel - Jaho.mp3,"upbeat,happy, afropop, male, Nigerian"
"dataset/Eldee ft olu maintain, oladele and banky w - Big boy.MP3","upbeat, energetic, Afrobeat, Hip hop, male, collaboration, Nigerian music"
dataset/H.e.r - The journey.MP3,"soulful, thoughtful, r&b, female, "
dataset/Little simz ft. obongjayar - Point and kill.MP3,"energetic, confident, hip hop, female, collaboration, upbeat"
dataset/Yemi Alade - Enjoyment.mp3,"upbeat,happy, Afrobeat, female, party"
dataset/Zilla Oaks & Makama - Mutumina x Alobam.mp3,"energetic, upbeat, Afrobeat, Hip hop, male, collaboration"
dataset/Bas and j. cole ft. lil tjay - The jackie.MP3,"chill, relaxed, hip hop, male, collaboration"
dataset/Barnaba-Rockabye.mp3,"upbeat, energetic, bongo flava, male, trending"
dataset/Wande-Coal-Jabo-ft-Fireboy-DML.mp3,"upbeat,happy, Afrobeats, male, collaboration"
dataset/Laycon-LOL.mp3,"upbeat,happy, afrobeat, male, Nigerian"
dataset/T-Dollar-LIFE-(JustNaija.com).mp3,"upbeat,happy, Afrobeats, male, Nigerian"
dataset/Ruger - Red Flag.mp3,"energetic, confident, afrobeats, male, Nigerian"
dataset/Wande Coal - Rotate.mp3,"energetic, upbeat, Afrobeat, male, "
dataset/APALA DISCO (Remix) dj tunez ft terry apala - Musiliu Haruna Ishola.mp3,"upbeat, energetic, afrobeats, mixed, remix, collaboration"
dataset/Burna boy ft kehlani and blxst - Solid.MP3,"energetic, groovy, Afrobeat, R&B, male, female, collaboration"
dataset/Lade Ft Gospelondebeatz Ti Se.mp3,"upbeat, lively, Afrobeat, male, collaboration, Nigerian"
dataset/Blaqbonez Ft Blxckie  SuperboyCheque  Fake Nikes Radio Edit Clean Version.mp3,"energetic, hype, hip hop, male, collaboration, clean version"
dataset/Ajebo Hustlers Ft Odumodublvck - Celine Dion.mp3,"upbeat, energetic, Afrobeats, mixed, collaboration"
dataset/Ikechuks ft boj - Money.MP3,"upbeat, energetic, afrobeat, hip hop, male, collaboration"
dataset/Boy Spyce - Destiny .mp3,"upbeat,happy, pop, male, "
dataset/Dj-Boonu-Dokotela-Ft-Rude-Boyz-Babes-Wodumo-Big-NUZ-Madanon.mp3,"energetic, lively, gqom, mixed, collaboration"
dataset/Aylo - This shit here.MP3,"energetic,empowering, pop, female, uplifting"
dataset/Mas Musiq & Daliwonga -  Gangnam Style (Lyrics Video) feat. Dj Maphorisa & Kabza De Small.mp3,"energetic, fun, amapiano, mixed, collaboration"
dataset/Aka ft nasty c - Lemons (lemonade).MP3,"energetic, Hip Hop, male, collaboration"
dataset/Juls ft falz and oxlade - Angelina.MP3,"upbeat, feel-good, Afrobeats, mixed, collaboration"
dataset/BIG VYBZ - SHOW WORKINGS feat Magnito DanDizzy Oladips  Kabex.mp3,"energetic, upbeat, afrobeats, male, collaboration"
dataset/Cassper-Nyovest-Soul.mp3,"soulful, uplifting, hip hop, male, South African"
dataset/The Therapist Ft Mayorkun Nack Remix Radio Edit Clean Version.mp3,"upbeat, energetic, groovy, Afrobeat, Hip hop, male, remix, radio edit, clean version"
dataset/Barry jhay - O ga ra.MP3,"upbeat, Afrobeat, male, Nigerian"
"dataset/Anyidons ft Davido , Peruzzi - Call me.mp3","energetic,happy, Afrobeats, mixed, collaboration"
"dataset/Byron Messia - Choppa ft. Lil Baby, Rvssian.mp3","energetic, hype, rap, hip-hop, male, collaboration, featuring Lil Baby, produced by Rvssian"
dataset/Wande coal ft t-pain - Streets.MP3,"energetic,dance, Afrobeats, male, collaboration"
dataset/Marvel - Amber Rose.mp3,"upbeat, energetic, pop, female, collaboration, love song"
dataset/Seyi Shay - Right Now.mp3,"sensual, energetic, upbeat, Afropop, R&B, female, love song, danceable"
dataset/Mayorkun - Back in office.MP3,"upbeat, energetic, Afrobeat, male, Nigerian music"
dataset/Reminisce ft buju and d smoke - Hustle.MP3,"upbeat, energetic, afrobeat, hip hop, male, collaboration"
dataset/Sarz - Ego (Nobody Wins) ft WurlD.mp3,"mellow, reflective, Afrobeat, male, collaboration, emotional"
"dataset/02. eMcimbini ft Aymos, Samthing Soweto, Mas Musiq & Myztro.mp3","upbeat, energetic, Amapiano, mixed, collaboration"
dataset/Bandros-Uthando-Ft-Villosoul-Smash-SA-Noxiekay.mp3,"upbeat,happy, afro house, male, collaboration"
dataset/Orezi-Freak-You.mp3,"upbeat, energetic, Afropop, male, Nigerian"
dataset/Stormzy - Still disappointed.MP3,"angry, determined, rap, male, diss track"
dataset/Nasty c - Stalling.MP3,"energetic, confident, hip hop, male, "
dataset/Fireboy DML - Ashawo.mp3,"upbeat, lively, Afrobeats, male, Nigerian"
dataset/Mr real ft peruzzi - Sdm (spray d money).MP3,"energetic, fun, afrobeat, male, collaboration"
dataset/Djy-Biza-uMakhaveli-ft-Pcee-Umthakathi-Kush-Don-Deeya.mp3,"energetic, upbeat, amapiano, male, collaboration"
dataset/Inkabi-Zezwe Ft Sjava Big Zulu - Iskhwele.mp3,"energetic, powerful, Hip Hop, African, male, Collaboration, South African"
dataset/Ric hassani - Angel.MP3,"romantic, love, Afrobeat, male, Nigerian artist"
"dataset/Myztro – Myztro Ah Ah ft. Xduppy, ShaunMusiQ & Ftears.mp3","energetic, hype, dancehall, mixed, collaboration"
"dataset/Larry-Gaaga ft Patoranking , Odumodublvck - Devil Wears White.mp3","upbeat,happy, afrobeat, mixed, collaboration"
dataset/THE REMEDIES - OSHEAGA.mp3,"energetic, uplifting, pop, mixed, festival vibe"
"dataset/Dj consequence ft tiwa savage , mystro - Do like.MP3","upbeat, energetic, Afrobeats, female, collaboration"
dataset/Masicka - Currency (Radio Edit).mp3,"energetic,hype, dancehall, male, Jamaican"
dataset/DJ Neptune &  Larry Gaaga - Shawa Shawa Ft Olamide CDQ & Slimcase.mp3,"energetic, hyped, Afrobeats, male, collaboration, African music"
dataset/18-Korede-Bello-Complete-Naked.mp3,"seductive, sensual, Afrobeat, male, explicit"
dataset/Juls Ft Haile Makossa Riddim.mp3,"upbeat, energetic, dance, Afrobeat, male, "
dataset/1 Niniola ft Oskido _ Commando.mp3,"energetic, upbeat, afro-house, female, collaboration, dance"
dataset/Ayra Starr Control.mp3,"empowering, confident, powerful, Afrobeats, female, upbeat"
dataset/Wurld - Ghost town.MP3,"melancholic, haunting, R&B, male, soulful"
dataset/Nasboi-Small-Money.mp3,"Energetic, Upbeat, Afrobeats, Male, Catchy"
dataset/Quavo & takeoff - Nothing changed.MP3,"energetic, upbeat, hip hop, male, collaboration, rap"
dataset/Timaya - Bow Down.mp3,"upbeat,dance, Afrobeats, male, Nigerian"
dataset/Burna boy - Onyeka.MP3,"upbeat, energetic, Afrobeats, male, Nigerian music, danceable"
dataset/11-Tems-Forever-(JustNaija.com).mp3,"soulful, emotional, Afrobeats, female, Nigerian"
dataset/Jika - DJ Lag.mp3,"energetic, powerful, rhythmic, gqom, male, South African music"
"dataset/Uru dia  -  Acetune , Ifex G  &  Ife`.mp3","upbeat,happy, afrobeats, mixed, collaboration"
dataset/What's Poppin ( Radio Edit) BNXN ( Buju).mp3,"energetic,hype, hip hop, male, radio edit"
dataset/Sir Trill  Nguwe feat  Tycoon  Marcus  -  MC.mp3,"uplifting,happy,energetic, Amapiano, male, collaboration"
dataset/Kida kudz - Animalistic.MP3,"energetic,hype, Afrobeats, male, upbeat,party"
dataset/Humblesmith -  Born Champion.mp3,"uplifting, energetic, Afrobeat, male, motivational, inspirational"
dataset/Eddy-Kenzo-Nervous.mp3,"energetic,happy, afrobeat, male, upbeat"
dataset/Terri - Danger.MP3,"energetic, upbeat, Afrobeats, female, "
dataset/Kiss N Tell - Bella Alubo.mp3,"upbeat, energetic, afrobeats, female, Nigerian, love, relationship"
dataset/Rich the kid - Plug walk.MP3,"energetic, confident, hip-hop, male, trap"
dataset/Chris brown ft justin bieber and ink - Don't check on me.MP3,"sad,reflective, R&B,Pop, mixed, collaboration"
dataset/DJ ECool - Personally.mp3,"upbeat,happy, afrobeat, male, party"
dataset/BOJ Ft Ajebutter22 - Rora.mp3,"chill, relaxed, upbeat, Afrobeat, male, collaboration"
dataset/Drey beatz ft ice prince - Never let you go.MP3,"upbeat, romantic, Afrobeat, male, collaboration, love song"
dataset/Oxlade ft camila cabello - Ku lo sa (remix).MP3,"upbeat, lively, Afrobeats, Pop, Mixed, remix, collaboration"
dataset/Libianca-Mistaken-ft-Oxlade-Chloe.mp3,"upbeat, romantic, Afrobeats, multiple, collaboration"
dataset/Rema - Dumebi [SOYmvp].mp3,"upbeat, playful, Afrobeats, male, viral song"
dataset/Rema - Dumebi (Maze x Mxtreme).mp3,"upbeat,dance, Afrobeats, male, Nigerian"
dataset/Burna boy - On the low.MP3,"chill, R&B, Afrobeats, male, popular"
dataset/Mohbad - Feel Good.mp3,"upbeat,happy, Afrobeats, male, Nigerian"
"dataset/Lsd ft sia ft diplo , labrinth - Audio.MP3","upbeat, energetic, pop, electronic, male, female, collaboration"
dataset/Idina Menzel  Let It Go  Frozen  Lirik Terjemahan.mp3,"empowering, magical, musical, soundtrack, female, Disney, powerful vocals"
dataset/Otega-Bizza.mp3,"energetic, lively, upbeat, Hip Hop, male, rap, Nigerian"
dataset/Bella shmurda - Ara.MP3,"energetic, afrobeats, male, Nigeria"
"dataset/Dj snake, ozuna, megan thee stallion & lisa - Sg.MP3","upbeat, energetic, electronic, reggaeton, hip hop, mixed, collaboration"
dataset/Encore ft dj maphorisa - Moratuwa.MP3,"energetic, lively, Afro House, male, feat. DJ Maphorisa"
dataset/Dap the contract - Prism colors.MP3,"energetic, upbeat, pop, female, contract, colors, prism"
dataset/Busta_929_Mpura_feat_Zuma_Mr_JazziQ_Lady_Du_Reece_Madlisa_-_Umsebenzi_Wethu_71994668.mp3,"energetic, upbeat, amapiano, mixed, collaboration"
"dataset/Dej loaf ft teni, cheekychizzy - Please don't go.MP3","upbeat, pop, female, collaboration"
dataset/Fireboy dml - Need you.MP3,"romantic,yearning, Afrobeats, male, Nigerian"
dataset/Soundkraft - Usiniblame FT Dezian & Kabagazi.mp3,"energetic,happy, Afrobeat, mixed, collaboration"
dataset/Rick ross ft swizz beatz - Big tyme.MP3,"energetic, confident, hip-hop, male, collaboration"
dataset/Dotman - Afro Girl feat  Mr  Eazi.mp3,"upbeat, vibrant, Afrobeats, male, Collaboration"
"dataset/Rexxie, mohbad, hotkid & cdq - Gazo.MP3","energetic, upbeat, afrobeats, mixed, collaboration"
dataset/Fefe fab ft ajebutter22 - Ride with me.MP3,"upbeat, energetic, Afrobeats, Male, collaboration"
"dataset/Kizz daniel ft jahmiel, nomcebo zikode, not3s - Complicated.MP3","upbeat, energetic, Afrobeats, Dancehall, mixed, collaboration"
dataset/AJ Tracey “Wifey Riddim 4”.mp3,"energetic, upbeat, grime, male, UK rap"
dataset/Justin timberlake ft chris stapleton - Say something.MP3,"upbeat, mellow, introspective, pop, country, mixed, collaboration"
dataset/Angel ft davido and french montana - Blessing (remix).MP3,"happy, energetic, Afrobeats, mixed, collaboration, remix"
dataset/Chiké - Ego Oyibo (MP3).mp3,"happy, upbeat, Afrobeats, male, Nigerian music, highlife"
dataset/Sauti Sol feat. India.Arie - My Everything  (1).mp3,"uplifting, romantic, Afro-pop, soul, mixed, featured artist: India.Arie"
dataset/Holy Water Victor AD.mp3,"inspiring, uplifting, Afrobeats, male, religious"
dataset/Balloranking-XXL-Ft-DaBlixx-Oshaa.mp3,"energetic,dance, afrobeat, male, collaboration"
"dataset/Omunye ft benny maverick, dladla mshunqisi - Distruction boyz.MP3","energetic, lively, upbeat, gqom, male, collaboration, South African"
dataset/Praiz - Folashade.mp3,"romantic,soulful, Afrobeats, male, Nigerian"
dataset/Mz Kiss - Farawe.mp3,"energetic, upbeat, afrobeat, female, Nigerian"
dataset/SOLEMZO P FT MACHINO - MY HEART . mp3.mp3,"sentimental, romantic, R&B, male, "
dataset/Mut4y - How Deep Is Your Love ft  Wurld.mp3,"romantic, catchy, Afrobeats, male, collaboration"
dataset/Rexxie & Victony - Ego.mp3,"upbeat, energetic, Afrobeats, male, collaboration"
dataset/Phyno BBO Bad Btches Only Radio Edit Clean Version.mp3,"energetic, upbeat, hip hop, male, explicit lyrics"
dataset/Fireboy dml - Peru.MP3,"upbeat,happy, afrobeat, male, Nigerian"
dataset/Dua lipa - Don't start now.MP3,"confident, upbeat, pop, female, empowering"
dataset/Lil Kesh - Lifestyle.mp3,"energetic, upbeat, afrobeat, male, Nigerian music"
"dataset/JUJUBOY, BANX & RANX - JAMES BOND (HARLEY REMIX).mp3","energetic,upbeat, dancehall, male, remix"
dataset/YCee - Nu Riddim .mp3,"upbeat,danceable, Afrobeats, male, catchy"
dataset/Drake - Falling back.MP3,"melancholic, reflective, rap, hip hop, male, drake"
dataset/D'banj - Banga.MP3,"upbeat,happy, Afrobeat, male, Nigerian"
dataset/Jaido p - Disturb.MP3,"energetic,hype, hip hop, male, Nigerian"
dataset/Gang starr ft j cole - Family and loyalty.MP3,"upbeat, nostalgic, hip-hop, mixed, collaboration"
dataset/Vector ft dj magnum and daddy showkey - Be happy.MP3,"happy, energetic, Afrobeats, male, collaboration"
dataset/Asa - Odo.mp3,"upbeat,joyful, Afrobeats, female, Nigerian"
dataset/Savage-Oil.mp3,"energetic, fierce, hip hop, female, aggressive"
dataset/Yemi Alade - Marry Me.mp3,"Romantic, Joyful, Afrobeats, Female, Wedding, Love"
dataset/FOCUS - Kemuel.mp3,"peaceful, uplifting, gospel, mixed, "
dataset/Pheelz Majo.mp3,"upbeat, Afrobeats, male, "
dataset/Patoranking - Higher.MP3,"uplifting, afrobeat, male, dancehall"
dataset/Selebobo ft tekno - Ova.MP3,"upbeat,dance, Afrobeat, male, collaboration, Nigerian"
"dataset/Mayorkun, dj maphorisa & kabza de small - Jay jay.MP3","upbeat,happy, afrobeat,amapiano, male, collaboration"
dataset/Lojay & Sarz - Tonongo.mp3,"upbeat, energetic, romantic, Afrobeats, male, collaboration"
dataset/Boyz-Yemi-Alade.mp3,"upbeat,happy, afrobeat, female, popular"
dataset/Olamide Ft Pheelz  Ft Young Jonn  Lil Kesh Synchro System.mp3,"energetic, upbeat, Afrobeat, Male, collaboration"
dataset/Bucie - Get Over It.mp3,"uplifting, energizing, house, female, dance, club"
dataset/Who Dey Zuu (Radio Edit) Trod ft Idowest.mp3,"energetic, upbeat, Afrobeats, male, collaboration, Nigerian music"
dataset/Lady donli - Searching.MP3,"upbeat, afrobeat, female, "
"dataset/Dj tunez, spax and wizkid - Gbese 2.0.MP3","energetic, dance, afrobeat, male, collaboration"
dataset/Bella shmurda - Ara (gen gen tin).MP3,"energetic, lively, Afrobeats, male, Nigerian, street music"
dataset/Libianca-WOMS-Weight-On-My-Shoulder-ft-Blaqbonez-Moliy.mp3,"upbeat, energetic, Afrobeats, Hip-hop, mixed, collaboration"
dataset/Guchi-All Over You.mp3,"upbeat,happy, afrobeats, female, love,romantic"
dataset/Uzi - Lamba.MP3,"energetic, hype, afrobeats, male, naija music"
dataset/MAVIN - WON LE LE.mp3,"upbeat,happy, Afrobeats, male, Nigerian"
dataset/Kojo funds ft bugzy malone - Who am i.MP3,"energetic, confident, rap, grime, male, collaboration"
dataset/T-Classic - Kana Ft Peruzzi Terri & Haekins.mp3,"energetic,upbeat, Afrobeats, male, collaboration"
dataset/Burna Boy-On Form.mp3,"energetic, upbeat, Afrobeats, male, Nigerian"
dataset/Vanilla ( Radio Edit) Burna Boy.mp3,"upbeat, energetic, Afrobeats, male, Summer, Dance, Pop"
dataset/Larry Gaaga - Doubting Thomas ft Umuobiligbo & Davido.mp3,"upbeat, joyful, Afrobeat, mixed, collaboration"
dataset/Brymo - Aleluya meje.MP3,"inspiring, uplifting, afrobeat, male, Nigerian"
dataset/Reekado Banks - Ozumba Nbadiwe.mp3,"upbeat,happy, Afrobeat, male, Nigerian"
dataset/Skiibii - Baddest Boy Ft Davido.mp3,"upbeat, energetic, afrobeats, male, collaboration"
dataset/Santeri x Vikel - Bunda (Mastered).mp3,"energetic, upbeat, dancehall, male, collaboration, mastered"
dataset/Bandros-Isphithiphithi-Ft-ZANI-CJ-Keys-Mdu-Humble-Mr-Sam.mp3,"energetic, upbeat, Amapiano, House, mixed, collaboration"
dataset/Reminisce - Oja.mp3,"nostalgic, upbeat, Afrobeats, Male, Nigerian"
dataset/Future ft lil uzi vert - All bad.MP3,"energetic, melancholic, rap, male, collaboration"
dataset/Cotton Candy (Radio Edit) Erigga ft Mephyz.mp3,"upbeat,happy, hip hop, male, collaboration"
dataset/Pc Lapez  Feat. Kola Boy -Oji Ofor.mp3,"joyful, energetic, Afrobeat, male, collaboration, Igbo"
dataset/Yemi Alade - Charlie.mp3,"upbeat,happy, Afropop, female, danceable"
dataset/Korede bello - Sote.MP3,"upbeat,happy, Afrobeat, male, Nigerian, love song"
dataset/Joeboy - Body and soul.MP3,"upbeat, romantic, Afrobeat, male, popular"
dataset/Brainee - Monday.MP3,"energetic, happy, afrobeat, male, dance, Nigerian"
dataset/Dima nesta ft Muri Pound (Prod by Spiritual beat).mp3,"energetic, lively, Afrobeats, male, collaboration, producer: Spiritual beat"
dataset/Teni - Hustle.mp3,"upbeat, motivational, Afrobeats, female, Nigeria, empowering"
dataset/Busy Signal x D Major - On Again.mp3,"energetic,happy, reggae, male, collaboration"
dataset/Eugy x Chop Daily Ft Skillibeng  My Touch Clean Version.mp3,"energetic, upbeat, afrobeats, dancehall, male, collaboration"
dataset/Boy spyce - Relationship.MP3,"playful, romantic, pop, male, catchy"
dataset/Johnny Drille - Shine.mp3,"uplifting, inspirational, folk, male, "
dataset/Mary j blidge ft dave east - Rent money.MP3,"energetic, powerful, hip-hop, R&B, female, collaboration"
dataset/Attention ( Radio Edit) Omah Lay & Justin Bieber.mp3,"upbeat, energetic, pop, afrobeat, male, collaboration, radio edit"
dataset/B-red ft davido - Bimpe.MP3,"upbeat, energetic, Afrobeats, male, collaboration"
dataset/Idowest - Shepeteri ft Slimcase.mp3,"energetic, upbeat, Afrobeats, male, collaboration"
dataset/Lil Kesh - Vanilla Bottega ft Joeboy.mp3,"upbeat, groovy, Afrobeats, male, collaboration, Nigerian music"
dataset/Bella Shmurda So Cold Radio Edit Clean Version.mp3,"chill, melancholic, Afrobeats, male, clean version, radio edit"
dataset/Tellaman - Love again.MP3,"romantic, R&B, male, love"
dataset/Falz - Knee Down Ft  Chike.mp3,"upbeat, energetic, Afrobeat, male, collaboration"
dataset/Young-Jonn-Hold-On-Ft-Sean-Paul.mp3,"energetic, upbeat, afrobeats, male, collaboration, dancehall"
dataset/Heavy k ft thulasizwe - Ziyamporoma.MP3,"upbeat, energetic, house, male, collaboration"
dataset/Llona - Another Day.mp3,"upbeat,happy, pop, female, "
dataset/Lady Du & Reekado Banks - Oyini (Official Audio) feat. Siyakha Khitha & T-MAN SA.mp3,"upbeat,happy, Afrobeat, Mixed, "
dataset/Major League Djz & Wiz Khalifa  - Mine For The Night.mp3,"energetic, party, hip hop, dance, mixed, collaboration"
dataset/Naira Marley Montego Bay ( Radio Edit).mp3,"energetic,happy, afrobeat, male, dance"
dataset/Dna - Kayama.MP3,"energetic, upbeat, pop, male, "
dataset/Anonymous music ft mohbad - Feel better.MP3,"upbeat, energetic, Afrobeats, Male, collaboration"
dataset/Felix cartal - Harmony.MP3,"upbeat, energetic, electronic, male, vocal"
dataset/Kgale Kao Bona feat. Mellow & Sleazy & QuayR MusiQ.mp3,"upbeat,happy, amapiano, mixed, "
dataset/Simi - Woman.MP3,"empowering, confident, Afrobeats, female, Nigerian"
dataset/Av - Confession.MP3,"uplifting, happy, pop, male, "
dataset/J Balvin Ed Sheeran  Sigue.mp3,"energetic,happy, latin,pop, male, collaboration"
dataset/Clean bandit ft davido and love ssega - Beautiful.MP3,"upbeat,happy, pop, mixed, collaboration"
dataset/Jaywillz-Colours.mp3,"energetic, uplifting, Afrobeats, male, Nigerian"
"dataset/Dj citi lyts ft emtee,lasauce,kid tini,blaq diamnd - Malambane.MP3","energetic,upbeat, hip hop, mixed, collaboration"
dataset/Davido - Green light.MP3,"energetic,happy, afrobeat, male, popular"
dataset/Davido Ft Dexta Daps Bop.mp3,"upbeat,dance, afrobeat, male, collaboration"
dataset/Bandros-Umuntu-ft-CJ-Keys-Mdu-Humble.mp3,"upbeat, energetic, afro-house, male, collaboration"
dataset/Wurld ft kida kudz and cuppy - Bossy.MP3,"upbeat, confident, Afrobeats, male, collaboration"
dataset/TROD  Ode Lo Like featuring TClassic.mp3,"upbeat, energetic, Afrobeat, male, collaboration"
dataset/Kizz daniel - Boys are bad.MP3,"upbeat, catchy, afropop, male, Nigerian"
dataset/Dj neptune ft davido - Demo.MP3,"energetic, lively, Afrobeats, male, collaboration"
dataset/Martin garrix and dean lewis - Used to love.MP3,"uplifting, nostalgic, pop, electronic, male, collaboration"
dataset/Dre beatz - Riddim tropicana.MP3,"upbeat, lively, dancehall, reggae, male, instrumental"
dataset/Coi leray - Anxiety.MP3,"anxious, R&B, female, Coi Leray"
dataset/04-Shoday-Billion-Boy-ft-Bella-Shmurda.mp3,"upbeat, energetic, afrobeats, male, collaboration, trending"
dataset/Br3nya - Double dutch.MP3,"energetic, upbeat, afrobeat, dancehall, female, "
dataset/Manifest ft kelvyn boy and kel p - We no dey hear.MP3,"energetic,upbeat, afrobeats, male, collaboration"
dataset/Juls & Ami Faku – Terrified.mp3,"chill, relaxed, Afrobeats, mixed, collaboration"
dataset/Illbliss-Masterclass-.mp3,"energetic, upbeat, hip hop, male, masterclass"
dataset/Sean tizzle - Loto.MP3,"upbeat, energetic, Afrobeats, male, "
dataset/Mayorkun - Your Body  dflamz radio .mp3,"upbeat, Afrobeats, male, Mayorkun, Your Body, DFlamz Radio"
dataset/JZyNo - YAKUNAY.mp3,"energetic, upbeat, hip hop, male, catchy"
dataset/Darkoo ft. buju & tsb - Bad from early.MP3,"dark, Afrobeats, female, collaboration"
"dataset/R3hab ft astrid s ,hrvy - Am i the only one.MP3","upbeat, pop, mixed, collaboration"
dataset/Barry jhay - Kabiyesi.MP3,"uplifting, joyful, Afrobeat, male, Nigerian"
dataset/Qing-Madi-Vision-Remix-Ft-Chl-e.mp3,"upbeat, energetic, pop, electronic, mixed, remix, featuring"
dataset/Azanti - Gettin' hot.MP3,"energetic, upbeat, afrobeat, female, party"
dataset/Posh Morris - No Gyal (Clean).mp3,"upbeat, energetic, dancehall, male, clean version"
dataset/Just-G-5219-ft-Sjava.mp3,"soulful, emotional, hip hop, male, collaboration"
dataset/Idahams - Ada.mp3,"upbeat,happy, Afrobeat, male, "
dataset/Kofo X geoffrey Oji_ jaiye_.mp3,"happy, upbeat, Afrobeats, male, collaboration"
dataset/Ammunition (feat. Terri).mp3,"energetic, upbeat, Afrobeats, mixed, collaboration"
"dataset/Shallipopi, fireboy dml, zlatan - Elon musk.MP3","energetic, upbeat, afrobeat, male, collaboration, trending"
dataset/Caltonic_SA_-_Imali_Ft_Fenta.mp3,"energetic,upbeat, Amapiano, male, dance"
dataset/07 Ngiyakhumbula (feat. Victoria).mp3,"emotional, nostalgic, afro-pop, female, "
dataset/King Promise  WSTRN   Bad N Rudedflamz radio  .mp3,"upbeat, confident, Afrobeats, Dancehall, male, "
dataset/Yemi Alade - Johnny.mp3,"upbeat, energetic, lively, Afrobeat, pop, female, hit single"
dataset/Yemi alade ft slimcase and brainee - Yaji.MP3,"energetic, upbeat, afrobeats, female, collaboration, Nigerian music"
dataset/Seyi Vibez Saro (Radio Edit) Clean Version.mp3,"uplifting, energetic, Afrobeats, male, Nigerian artist"
dataset/Adekunle GoldYoung Love .mp3,"romantic, upbeat, Afrobeat, male, love, dance"
dataset/Oxlade Ft  Flavour Ovami.mp3,"upbeat,happy, Afrobeat, male, "
"dataset/The scotts, travis scott and kid kudi - The scott.MP3","energetic,hype, hip hop, male, collaboration"
dataset/Kranium - Gal policy.MP3,"upbeat,happy, reggae, male, dancehall"
dataset/Timi Dakolo - Wish Me Well.mp3,"inspirational, hopeful, soul, R&B, male, uplifting"
dataset/LeoStayTrill x Joshua Baraka - Falling In Love.mp3,"romantic, upbeat, hip hop, male, "
dataset/Dj-Melzi-Wandilahla-Kdala.mp3,"upbeat,happy, amapiano, male, "
dataset/Iyanya - Type Of Woman.mp3,"sensual, romantic, Afropop, male, love, relationship"
dataset/Jays Million Kool .mp3,"upbeat,happy, pop, male, catchy"
dataset/Rayvanny-Upo-Single-(JustNaija.com).mp3,"upbeat, energetic, bongo flava, male, Tanzanian music"
dataset/TROD  Lets Love.mp3,"romantic, upbeat, afrobeat, male, "
dataset/Ladipoe - Big Energy.mp3,"energetic,happy, hip-hop, male, upbeat"
dataset/Dababy - Bop.MP3,"energetic, upbeat, hip hop, male, popular"
dataset/John legend ft wendy - Written in the stars.MP3,"romantic, uplifting, R&B, mixed, collaboration"
dataset/ID Cabasa - Totori ft Olamide & Wizkid.mp3,"energetic, upbeat, afrobeat, male, collaboration, popular"
dataset/T.i ft young thug - Ring.MP3,"energetic, upbeat, rap, male, collaboration"
dataset/BROTHERS - Please Explain ft M.R clean.mp3,"energetic, upbeat, pop, hip hop, mixed, collaboration"
dataset/DJ Stokie - Ipiano eSoweto (Edit)_(muzmo.pro).mp3,"upbeat,dance, Amapiano, male, mix"
dataset/DJ_CAISE_-_PREE_ME_AFRO_HOUSE_REMIX.mp3,"upbeat, energetic, dance, afro house, male, remix"
dataset/Reminisce - Burushaga.MP3,"nostalgic, lively, Afrobeats, male, Nigeria"
dataset/Reece-Madlisa-Kumnandi-Ka-Sash-Ft-Spikiri-Shavul-Six40.mp3,"energetic, upbeat, kwaito, mixed, collaboration"
dataset/Mr_Jazziq_Busta_929_feat_Reece_Madlisa_Zuma_Mpura_Riky_Rick_9umba_-_Vsop_71256482.mp3,"upbeat,happy, Amapiano, male, collaboration"
dataset/Bob - Cuello.MP3,"happy, energetic, pop, male, Spanish"
dataset/Iyanya-Call-Me-Baby-ft-Dai-Verse.mp3,"upbeat, catchy, Afrobeats, male, collaboration"
dataset/upull.me - Turn up_6xmXalxZJ7M.mp3,"upbeat, energetic, pop, female, party"
dataset/Tiwa Savage - Somebody's Son ft  Brandy.mp3,"upbeat, romantic, Afrobeats, R&B, female, collaboration"
dataset/Wande Coal - Confused ft D'banj.mp3,"upbeat, energetic, Afrobeat, male, collaboration"
dataset/Dotman - Feelings .mp3,"happy, upbeat, Afrobeat, male, uplifting"
dataset/Timaya - Balance (Extended Intro).mp3,"energetic,happy, afrobeat, male, danceable,upbeat"
dataset/BNXN fka Buju - Omo Elewa.mp3,"upbeat, energetic, Afrobeat, male, Nigerian, dance"
dataset/Central cee - Commitment issues.MP3,"confident, chill, rap, male, UK rap"
dataset/Falz - Boogie Ft  Sir Dauda.mp3,"upbeat, fun, Afrobeat, male, collaboration, Nigerian music"
dataset/Skepta ft nafe smallz - Greaze mode.MP3,"energetic, hype, grime, rap, male, collaboration, UK music"
dataset/Oladips - Lalakukulala Ft  Reminisce.mp3,"energetic, hip hop, male, collaboration"
dataset/Amaarae-Aquamarie-Luvs-Ecstasy.mp3,"energetic,sensual, alternative R&B, female, "
dataset/Iyanya ft tekno and mayorkun - One side (remix).MP3,"energetic,dance, Afrobeats, male, collaboration,remix"
dataset/Djy-Biza-Oksalayo-Siya-Jola-Ft-Jazza-MusiQ-Kgocee-Star-Jazzm).mp3,"energetic, happy, Amapiano, male, collaboration"
dataset/Barry Jhay - Ejebleje clean.mp3,"upbeat,happy, Afrobeat, male, clean"
dataset/SHEYE BANKS - OVER FT KAYJAY.mp3,"upbeat, energetic, Afrobeat, male, collaboration"
dataset/Seyi Vibez Bank Of America (Radio Edit) Clean Version.mp3,"upbeat, energetic, Afrobeats, male, clean version, radio edit"
dataset/Tekno - Sudden.mp3,"upbeat,happy, Afrobeats, male, Nigerian"
dataset/Falz - All Night.mp3,"upbeat, groovy, Afrobeat, male, Nigerian"
dataset/seyi-Vibez-Money-Matter-ft-Focalistic.mp3,"energetic, upbeat, Afrobeats, male, collaboration"
dataset/Ckay ft bianca costa - Skoin skoin.MP3,"upbeat, energetic, Afrobeats, mixed, collaboration, tropical"
dataset/Teni ft mayorkun - Maitama.MP3,"upbeat, energetic, Afrobeat, female, collaboration"
"dataset/J.balvin ft usher, dj khaled - Dientes.MP3","energetic,dance, Reggaeton, Male, Collaboration"
dataset/The internet - Come over.MP3,"chill, relaxed, sensual, R&B, Neo-Soul, mixed, intimate, romantic"
dataset/Diamond Platnumz ft Zuchu  Mtasubiri .mp3,"upbeat, energetic, bongo flava, male, female, collaboration"
dataset/WurlD - Bossy ft Kidakudz & Cuppy.mp3,"energetic, confident, Afrobeats, male, collaboration, boss"
dataset/More Life (Radio Edit) MI Abaga Feat Jesse Jagz and Ice Prince.mp3,"upbeat, energetic, hip-hop, male, collaboration"
dataset/Do Not Distrub (Radio Edit) King Promise.mp3,"chill, relaxing, Afrobeats, male, lyrical, Afro-pop"
dataset/Blaq jerzee ft wizkid - Arizona.MP3,"groovy, upbeat, Afrobeats, male, collaboration"
dataset/DJ Neptune - 123 Remix ft M I  Naeto C  Da Grin.mp3,"energetic,hype,upbeat, Afrobeats, male, remix"
"dataset/Rexxie, naira marley, skiibii ft wizkid - Abracadabra (remix).MP3","energetic,hype, afrobeats, male, collaboration"
dataset/Diamond platnumz ft lava lava -(one two) clean.mp3,"energetic, happy, Afrobeat, male, collaboration, popular"
dataset/Sugarboy ft ycee - Chop.MP3,"happy, upbeat, afrobeat, male, collaboration"
dataset/Timaya-Dey-Your-Dey.mp3,"upbeat,happy, afrobeat, male, dance"
dataset/Blaq_Diamond_-_Ukuthi_Uyazi.mp3,"uplifting,happy, Afro-pop, male, South African"
dataset/Blueface - Finesse the beat.MP3,"energetic,hype, hip-hop, male, catchy"
dataset/DJ-Stokie-Into-Engapheli-Ft-Ndoose_SA-Boohle-Sobzeen.mp3,"upbeat, energetic, Amapiano, male, collaboration"
dataset/05-Daliwonga-Yena-Yedwa-Ft-Xduppy-Shaunmusiq-Ftears-(JustNaija.com).mp3,"upbeat, energetic, Amapiano, male, collaboration, danceable"
dataset/Alpha p - Pray.MP3,"upbeat,hopeful, Afrobeats, male, Nigerian"
dataset/Rema - Bad Commando.mp3,"energetic, confident, afrobeat, male, Nigerian"
dataset/Odunsi  - Alté Cruise ft Zamir & Cruel Santino.mp3,"chill, groove, Afrobeat, male, Alte"
dataset/Joeboy ft mr eazi - Faaji.MP3,"upbeat, energetic, fun, Afrobeats, male, collaboration"
dataset/Bella shmurda - Jojo.MP3,"energetic, catchy, Afrobeats, male, Nigerian"
dataset/Ladipoe - Know You Ft Simi.mp3,"romantic, soothing, Afrobeats, R&B, male, female, collaboration, love song"
dataset/Berri tiga - Badagry.MP3,"energetic, lively, Afrobeats, male, Nigerian music, danceable"
dataset/CKay - Container (Remix) (ft  Moonchild Sanelly  Zlatan Ibile).mp3,"energetic, upbeat, Afrobeats, mixed, remix, collaboration"
dataset/Boy Spyce & Khaid - I Don't Care.mp3,"upbeat, energetic, pop, male, collaboration"
dataset/Victor ad ft davido - Tire u.MP3,"joyful, energetic, Afrobeat, male, collaboration"
dataset/Robot-Boii-Salary-Salary-Ft-Mellow-Sleazy-Shaun-MusiQ-F-Teearse-Soul-Revolver-(JustNaija.com).mp3,"upbeat, lively, afrobeat, male, collaboration, energetic"
dataset/Victony ft don toliver and rema - Soweto (remix).MP3,"energetic, upbeat, hip hop, afrobeat, mixed, remix"
dataset/Burna boy ft dave - Cheat on me.MP3,"upbeat, energetic, Afrobeat, male, collaboration"
dataset/Young ma - Petty wap 2.MP3,"energetic, confident, hip hop, female, explicit lyrics"
"dataset/Kabza-De-small-x-Dj-Maphorisa ft-Mashudu , LeandraVert - Nguwe Wedwa.mp3","upbeat,happy, amapiano, mixed, "
dataset/Bahd Man Niko Off The Planet_OTP.mp3,"energetic, upbeat, afrobeat, male, catchy, danceable"
dataset/Jahmiel-Penthouse.mp3,"upbeat, energetic, dancehall, male, Jamaican"
dataset/TUMISHO-FEDE-ft-DJ-MANZO-SA.mp3,"energetic, upbeat, afro-house, male, collaboration"
dataset/Omawumi - Warn Yourself ft Wizkid.mp3,"upbeat,dance, afrobeat, female, collaboration, Nigerian"
dataset/Mr JazziQ - Monate_(muzmo.pro).mp3,"upbeat, energetic, amapiano, male, party, dance"
dataset/Yemi Alade - Open & CLose.mp3,"energetic,happy, afrobeat, female, upbeat"
dataset/P-SQUARE - BIZZY BODY.mp3,"energetic,happy, afrobeat, male, dance"
dataset/busy-signal_-_fire-ft-krysie.mp3,"upbeat, energetic, dancehall, male, collaboration"
dataset/J fado ft deep green - Do this for.MP3,"soulful, melancholic, fado, rap, mixed, collaboration"
dataset/Cavemen - Saviour.MP3,"energetic, uplifting, rock, male, cavemen"
dataset/Davido - Assurance.MP3,"romantic, cheerful, Afrobeat, male, love song, Nigerian"
"dataset/Burna Boy - Love, Damini feat. Ladysmith Black Mambazo.mp3","joyful, uplifting, Afrobeat, male, collaboration"
dataset/Big sean ft hit boy and asap ferg - Bezerk.MP3,"energetic, aggressive, hip hop, male, collaboration"
dataset/Cardi b - Up.MP3,"energetic, confident, hip hop, female, "
dataset/Ajebo Hustlers x King Perry - Tanana.mp3,"energetic, upbeat, Afrobeat, male, collaboration"
dataset/Duncan mighty & wizkid - Fake love.MP3,"romantic, emotional, Afrobeats, male, collaboration"
dataset/Veech - Hit you up.MP3,"upbeat,happy, pop, male, "
dataset/Tiwa-Savage-Lost-Time.mp3,"relaxing, nostalgic, reflective, Afrobeats, female, "
dataset/Korede bello - Sun momi.MP3,"romantic, upbeat, afrobeat, male, Nigerian"
"dataset/DJ Speedsta - Don't Phazamisa Me ft. Yung Seruno, Stilo Magolide & Okmalumkoolkat.mp3","energetic, upbeat, lively, hip hop, mixed, collaboration, South African artists"
dataset/W bar ft ycee and dwillsharmony - Kole.MP3,"energetic, upbeat, Afrobeats, male, collaboration"
"dataset/DanDizzy Ft ODUMODUBLVCK ,JeriQ ,DTG - Opress.mp3","energetic, powerful, hip hop, male, collaboration, Nigerian artists"
dataset/Dj kaywise ft mr eazi and dj maphorisa - Alert.MP3,"upbeat, energetic, afrobeat, male, collaboration"
"dataset/Joshua Baraka feat Simi, Qing Madi - Dalilah II.mp3","emotional, soothing, R&B, Soul, mixed, collaboration, contemporary"
dataset/Wurld - Feel right.MP3,"upbeat,happy, afrobeats, male, pop"
dataset/08-Korede-Bello-Rumour.mp3,"upbeat,happy, Afropop, male, Nigerian"
dataset/LIYA - MY SKIN.mp3,"upbeat,empowering, pop, female, catchy"
"dataset/Slimcase ft 2baba, peruzzi, dj neptune, larry gaag - Azaman.MP3","upbeat, energetic, groovy, afrobeat, male, collaboration, Nigerian artists"
dataset/outside - teehayano.mp3,"energetic, happy, pop, female, "
dataset/ZOR FT FALZ -Naira to Pounds.mp3,"energetic, upbeat, Afrobeat, male, collaboration, Nigerian music"
dataset/Victony-Tiny-Apartment-ft-SAINt-JHN.mp3,"energetic, upbeat, hip hop, male, collaboration"
dataset/Beyonce - Break my soul.MP3,"soulful, powerful, R&B, female, "
dataset/Asake-Awodi (radio clean).mp3,"upbeat, energetic, Afrobeats, male, "
dataset/Dj khaled ft drake - Greece.MP3,"upbeat, hip hop, male, collaboration"
dataset/Benny Banks - Dexters Lab.mp3,"energetic, powerful, rap, male, explicit"
dataset/Oxlade - Legend.MP3,"uplifting, inspiring, Afrobeat, male, Nigerian"
dataset/Fireboy dml - Wait and see.MP3,"upbeat, hopeful, afrobeat, male, Nigeria, popular"
dataset/Fears (Radio Edit) L.A.M.B.mp3,"fearful, edgy, energetic, electronic, mixed, radio edit"
dataset/ERIGGA - GOD.mp3,"uplifting, motivating, hip hop, male, N/A"
dataset/Post malone - Motely crew.MP3,"energetic, upbeat, hip hop, rap, male, popular, trending"
dataset/Cuppy - Vybe Ft  Sarkodie.mp3,"upbeat, energetic, Afrobeat, mixed, collaboration"
dataset/HypemanRicky UGF (Understanding Girlfriend) Radio clean.mp3,"upbeat,happy,romantic, hip-hop, male, radio clean"
dataset/Dremo - Confam Ft Simi.mp3,"upbeat,happy, Afrobeat, male, collaboration"
dataset/J cole - Punchin' the clock.MP3,"energetic, determined, hip hop, male, punchy"
dataset/Umjabulisi-Vuma.mp3,"uplifting, energetic, afro-pop, male, "
dataset/Blaqbonez  Go Home.mp3,"energetic, upbeat, hip hop, male, Nigerian rapper"
dataset/Khaid-Jara-.mp3,"upbeat,happy, pop, male, energetic"
"dataset/Beyonce, shatta wale and major lazer - Already.MP3","empowering, energetic, afrobeat, dancehall, female, male, collaboration, popular"
dataset/Timaya - Amayanagbo.mp3,"upbeat, energetic, afrobeat, male, party"
dataset/W3rewolves - Wanderer.MP3,"mysterious, adventurous, rock, mixed, band"
dataset/Falz ft timaya and boy spyce - Inside.MP3,"energetic,happy, afrobeats, mixed, collaboration"
dataset/A-Q Ft Blaqbonez Family.mp3,"energetic, hip hop, male, collaboration"
dataset/Mr Eazi & Dre Skull - Sekkle & Bop Ft Popcaan.mp3,"upbeat, dance, Afrobeats, Dancehall, male, collaboration, catchy"
dataset/Terri - On me.MP3,"energetic, upbeat, Afrobeat, female, "
dataset/Jason derulo ft farruko - Mamacita.MP3,"upbeat, dance, pop, reggaeton, male, collaboration"
dataset/Verchi - Amen.mp3,"uplifting,hopeful, Afrobeat, male, spiritual"
dataset/Nicki minaj - Super freaky girl.MP3,"energetic, confident, playful, hip-hop, female, explicit lyrics, catchy melody"
dataset/Johnny Drille - Romeo & Juliet.mp3,"romantic,sad, Afrobeat, male, "
dataset/Ayox-Early-20s.mp3,"upbeat,happy, Pop, Male, catchy"
dataset/DJ Bobbi - Red Alert(Refix) ft Nyanda & Maze x Mxtreme.mp3,"energetic, upbeat, dancehall, mixed, party, remix"
dataset/Stonebwoy ft teni - Ololo.MP3,"upbeat, energetic, Afrobeats, male, female, collaboration"
dataset/Kizz Daniel - Jombo.mp3,"upbeat,happy, Afrobeats, male, Nigerian"
dataset/Oladapo - Alone.mp3,"lonely,sad, R&B, male, introspective"
dataset/Jhene aiko - None of your concern.MP3,"soulful, contemplative, R&B, female, breakup, emotional"
dataset/Asake - 2;30.MP3,"upbeat,happy, Afrobeat, male, Nigerian"
dataset/Dde ft teni and phyno - Pray.MP3,"uplifting, inspirational, Afrobeat, mixed, collaboration"
dataset/Wurld-Sarafina.mp3,"peaceful, soothing, Afrobeat, male, R&B"
dataset/T_Dollar_-_One_Day.mp3,"happy, uplifting, pop, male, motivational"
dataset/Navos - Believe.MP3,"energetic, uplifting, dance, mixed, upbeat, motivational"
dataset/Sheye Banks - Rotation ft Dapo Tuburna.mp3,"energetic, upbeat, Afrobeats, male, collaboration"
dataset/Wizkid - Final (Baba Nla).mp3,"upbeat, energetic, Afrobeats, male, danceable"
dataset/Nasty c ft t.i - All in.MP3,"energetic, powerful, hip hop, male, collaboration"
dataset/DJ-Stokie-Aw-ufani-Nabanye-Ft-Ben-Da-Prince-Nkosazana-Daughter.mp3,"upbeat,happy, Amapiano, male, collaboration"
dataset/Ashnikko - Halloweenie V The Moss King clean.mp3,"energetic, spooky, intense, pop, hip hop, female, featured in the movie Kill Bill"
dataset/STYL PLUS - OLUFUNMI.mp3,"nostalgic, love, R&B, mixed, Nigerian"
dataset/Skales - Gbefun One Time ft Burna Boy.mp3,"energetic, upbeat, afrobeat, male, collaboration"
dataset/Yemi alade - Enjoyment.MP3,"joyful, happy, Afrobeat, female, "
dataset/Cityman - Call Me Ft Adeh .mp3,"energetic, upbeat, pop, mixed, collaboration"
dataset/Patoranking - Hale Hale.mp3,"upbeat,happy, Afrobeats, male, Nigerian"
dataset/Wande Coal x Leriq - Will You Be Mine.mp3,"romantic, upbeat, Afrobeats, male, collaboration"
dataset/Olamide -  Jinja.mp3,"upbeat, energetic, Afrobeats, male, popular"
"dataset/Pop Sermon - Dope Caesar, Fave  Ajebo Hustlers.mp3","upbeat, energetic, Afropop, hip hop, mixed, collaboration"
dataset/Cruel Santino - DEADMAN BONE ft Koffee.mp3,"upbeat, energetic, Afrobeat, Dancehall, male, female, collaboration"
dataset/Boy spyce - Bad things.MP3,"upbeat, energetic, pop, male, catchy"
dataset/Bandros-Lastborn-s-Corner-Ft-Nkukza-SA-Ndibo-Ndibs.mp3,"upbeat,happy, gqom, mixed, collaboration"
dataset/Stakev-Formation-Yama-Nyora-442-(JustNaija.com).mp3,"energetic, upbeat, amapiano, male, South African"
dataset/STYL PLUS - RUNAWAY.mp3,"upbeat, energetic, R&B, male, Nigerian"
dataset/Ric-Hassani-Confidence.mp3,"romantic, uplifting, Afrobeat, male, "
dataset/Major-League-DJz-Bad-For-Business-Ft-Kojey-Radical-Magicsticks.mp3,"energetic, upbeat, hip hop, male, collaboration"
"dataset/Loose Kaynon, A-Q, M.I Abaga, Blaqbonez - Fears.mp3","energetic, confident, hip hop, rap, male, Nigerian artists"
dataset/AJEBO HUSTLERS - APIAN WAY.mp3,"upbeat, energetic, Afrobeats, mixed, Nigerian"
dataset/Boontle RSA feat. Al Xapo & Bhut_manandi_nand - MANZISA.mp3,"upbeat, energetic, Afrobeat, Hip Hop, male, "
dataset/Kaestyle Ft Omah Lay - Dealer .mp3,"upbeat, energetic, Afrobeats, male, collaboration"
"dataset/Blaq Major - Nguwe ft. Ndoni, Fey M, Charlotte Lyf & Upfront.mp3","upbeat, energetic, afro-pop, house, mixed, collaboration"
dataset/Aylo - Romantic.MP3,"romantic, pop, female, "
dataset/Taiyel Ft Portable - Mukulu Remix.mp3,"energetic, upbeat, Afrobeats, female, collaboration"
dataset/Post malone - When i am alone.MP3,"lonely, hip hop, male, introspective"
dataset/Taves-Folake.mp3,"uplifting, happy, Afrobeat, female, energetic, dance"
dataset/Elephant hearts - Lenguas.MP3,"energetic, upbeat, pop, female, "
dataset/Lito - Charger .mp3,"Energetic, Powerful, Hip Hop, Male, Car, Speed"
dataset/Ckay ft joeboy and kuami eugene - Love nwantiti.MP3,"romantic, upbeat, Afrobeats, male, collaboration"
"dataset/Steel banglez ft yungen, mostack, mr eazi, not3s - Bad.MP3","energetic, urban, hip hop, mixed, collaboration"
dataset/Stakev-Bitter-Sweet-626-(JustNaija.com).mp3,"upbeat, energetic, Amapiano, male, South African music"
dataset/Adekunle-Gold-Wrong-Person-ft-ODUMODUBLVCK.mp3,"upbeat,romantic, Afrobeat, male, collaboration, Nigerian music"
dataset/G2 amani - Peace of mind.MP3,"peaceful, calm, pop, female, uplifting"
dataset/Reminisce - Prosperity ft Falz.mp3,"upbeat,happy, Afrobeat, male, collaboration"
dataset/TI-BLAZE-Looku-Looku-ft-Magixx.mp3,"upbeat,dance, afrobeat, male, collaboration"
dataset/Joeboy - Loose ya.MP3,"upbeat,happy, afrobeats, male, Nigerian"
dataset/Timaya - M O N E Y Ft  Flavour.mp3,"upbeat, energetic, Afrobeats, male, collaboration"
dataset/Burna Boy - Glory feat Ladysmith Black Mambazo.mp3,"uplifting, celebratory, Afrobeat, Gospel, male, collaboration, African"
dataset/Dj spinall ft reminisce - Edi.MP3,"upbeat, energetic, Afrobeats, male, collaboration, Nigerian music"
dataset/Blaqbonez-Haba dflamz radio .mp3,"upbeat, energetic, afrobeats, male, n/a"
dataset/Naira Marley - O dun ft Zinoleesky.mp3,"upbeat, energetic, Afrobeats, male, collaboration"
dataset/John Legend - All of Me (Amapiano Remix) by Renaissance.mp3,"upbeat, romantic, Amapiano, male, remix"
dataset/Dice ailes - Monica.MP3,"upbeat,happy, afropop, male, Nigerian"
dataset/Olamide ft bella shmurda - Triumphant.MP3,"upbeat,happy,energetic, afrobeat, male, collaboration"
dataset/Kabza-De-small-x-Dj-Maphorisa Ft-Young-Stunna -Abaphuthume.mp3,"energetic,happy, Amapiano, male, collaboration"
dataset/Aanu - Otilo.mp3,"happy, energetic, Afrobeats, female, Nigerian"
dataset/Wake N Bake  (Radio Edit) Jeriq Ft Odumodublvck.mp3,"upbeat, energetic, hip-hop, male, collaboration"
dataset/Dookie - Work The Middle.mp3,"energetic, fun, pop, female, upbeat"
dataset/Spyro ft davido - Billing (nobody go dey).MP3,"upbeat, groovy, Afrobeats, male, collaboration, Nigerian music"
dataset/Nelly The Goon - Sijai Kuona.mp3,"energetic,happy, bongo, male, upbeat"
dataset/Pnua ft ollie gabriel - All of us.MP3,"uplifting, energetic, pop, mixed, collaboration"
dataset/Burna Boy - Different feat Damian Marley & Angelique Kidjo.mp3,"uplifting, energetic, afrobeat, reggae, male, collaboration"
dataset/Mejja - Wivu (feat. Dyana Cods).mp3,"energetic, happy, gengetone, male, collaboration, catchy"
dataset/Wande Coal - Check .mp3,"energetic,happy, Afrobeat, male, "
dataset/Nasty-C-Endless.mp3,"energetic,hype, hip hop, male, South African"
dataset/Omah Lay - Reason (KU3H Amapiano Remix).mp3,"upbeat, energetic, Amapiano, male, remix"
dataset/Lil - baby ft drake - Yes indeed.MP3,"upbeat, energetic, hip hop, male, collaboration"
dataset/DI'JA - BABY (Prod. By Oscar).mp3,"upbeat, afropop, female, Nigerian"
dataset/Gaba_Cannal_-_Umsebenzi_Main_Mix_.mp3,"upbeat, energetic, house, male, instrumental"
dataset/Rexxie ft ajebo hustlers - Call my phone.MP3,"energetic, upbeat, afrobeat, mixed, collaboration"
"dataset/Pharrell williams ft 21 savage, tyler the creator - Cash in cash out.MP3","energetic, upbeat, pop, rap, male, collaboration"
dataset/Dj irem ft layydoe - party shortz.mp3,"energetic, upbeat, party, electronic, pop, female, ft. Layydoe"
dataset/King-Promise-Mad-Oh.mp3,"upbeat,happy, afrobeats, male, catchy"
dataset/Somadina - Y I Want U.mp3,"romantic, happy, Afrobeats, male, upbeat, love"
"dataset/Njelic - Abadala (feat. Laud, Luu Nineleven & Faith Strings).mp3","upbeat,happy, amapiano, mixed, collaboration"
dataset/Akon  ft. Mr Brown - Enjoy That Remix.mp3,"upbeat,happy, R&B, male, remix"
dataset/DJ-Sbu-I-ll-Be-There-ft-Tina-Ardor-(JustNaija.com).mp3,"upbeat,dance, Afro House, male, "
"dataset/Loose Kaynon, A-Q, M.I Abaga, Blaqbonez - Badman.mp3","energetic, confident, hip hop, male, Nigerian rap"
dataset/Chike - Out of love.MP3,"romantic, sad, soul, male, Nigerian"
dataset/Show Dem Camp - Feel Something ft Tim Lyre.mp3,"smooth, relaxing, vibey, hip hop, male, collaboration"
dataset/Niniola - All eyes on me.MP3,"energetic, dance, afrobeat, female, upbeat"
dataset/Bad To Me (Radio Edit) Wizkid.mp3,"energetic,happy, afrobeats, male, "
"dataset/Dj sly ft teni, daphne, skales & el - Ole alo.MP3","upbeat, energetic, Afrobeat, Dancehall, mixed, collaboration, international"
dataset/Burna Boy ft Major League DJz - Tested Approved Trusted Major League DJz Amapiano_Mix_.mp3,"upbeat, lively, energetic, Amapiano, Male, collaboration, DJ mix"
dataset/Burna Boy - Toni-Ann Singh feat. Popcaan.mp3,"upbeat, lively, afrobeat, dancehall, male, collaboration"
dataset/OneRepublic  I Aint Worried.mp3,"upbeat, positive, pop, male, OneRepublic"
dataset/06-Zerrydl-Pull-Up-(JustNaija.com).mp3,"energetic,dance, afrobeats, male, upbeat"
dataset/Jeriq-Ije-Nwoke.mp3,"uplifting, energetic, Afrobeats, male, Nigerian"
dataset/Graham_D_Ft_Terry_Apala_-_Sapa.mp3,"upbeat,happy, Afrobeat, male, collaboration"
dataset/Boj - See me (a colors show).MP3,"energetic, upbeat, lively, Afrobeats, male, Colors show"
dataset/Dumomi the jig - More .mp3,"upbeat, energetic, Jig, Male, Dumomi"
dataset/Ugoccie-Ezi-Enyi.mp3,"upbeat,happy, Afrobeats, female, Nigerian"
dataset/Soft - Bentley benz gucci.MP3,"soft, hip hop, male, luxury"
dataset/Bad Boy Timz - One In Town.mp3,"upbeat, energetic, lively, afrobeat, male, "
dataset/Kayode-All-I-Need.mp3,"uplifting,happy, pop, male, love"
dataset/Chop Life Crew feat. PrettyboyD-O .mp3,"energetic, lively, Afrobeat, male, collaboration"
dataset/Harrysong ft Majeeed x Camidoh - Asante.mp3,"upbeat, happy, grateful, Afrobeats, male, collaboration, African music"
dataset/Soulja boy - Amiri.MP3,"upbeat,happy, hip hop, male, catchy"
dataset/Teni-Control.mp3,"upbeat,happy, Afrobeat, female, "
dataset/Bontle-Smith-Khuzani-ft-Rivalz.mp3,"energetic,upbeat, afro-pop, female, collaboration"
dataset/Buju ft burna boy - Lenu remix.MP3,"upbeat, energetic, afrobeat, male, collaboration"
dataset/Wande coal ft fireboy - Jabo.MP3,"upbeat, energetic, Afrobeat, male, collaboration"
dataset/Ty dolla $ign - Motion.MP3,"upbeat, energetic, R&B, hip hop, male, featured artist: Ty Dolla $ign"
dataset/08-Tems-Gangsta-(JustNaija.com).mp3,"dark, intense, R&B, female, Nigerian, contemporary"
"dataset/Mavins ft rema , ladipoe , bayanni , crayon , magi - Alle.MP3","energetic, vibrant, Afrobeats, mixed, collaboration, Nigerian artists"
dataset/Rolling Loud (RADIO) (1).mp3,"energetic, lively, hip hop, male, festive"
dataset/Good Morning_DroMix 4.mp3,"uplifting,happy, pop, male, energetic"
dataset/Wizkid - Deep.MP3,"deep,reflective, afrobeat, male, "
dataset/Black_Motion_feat_Msaki_-_Marry_Me_Edit_71183053.mp3,"romantic, celebratory, house, mixed, upbeat"
dataset/Doja cat ft. gunna - Why why.MP3,"upbeat, energetic, hip-hop, female, collaboration"
dataset/Taylor swift - Delicate.MP3,"upbeat, romantic, pop, female, popular"
dataset/03-Daliwonga-Relokeleng-Ft-Mas-Musiq-Myztro-(JustNaija.com).mp3,"upbeat, lively, amapiano, male, collaboration, South African music"
dataset/Skallah - Y.G.L.L (You Go Live Long).mp3,"positive, uplifting, hip-hop, male, inspirational"
dataset/DJ Tunez & D3AN - Undeniable Ft Efya.mp3,"upbeat, energetic, Afrobeats, mixed, collaboration"
dataset/Genesis-99-Kwela-ft-Mellow-Sleazy-DJ-Maphorisa-Shaunmusiq-Xduppy-(JustNaija.com).mp3,"energetic, lively, afrobeats, amapiano, mixed, collaboration"
dataset/Jaywillz - Medicine.mp3,"upbeat, energetic, Afrobeats, male, Nigerian"
dataset/Dj xclusive ft kizz daniel - Ori mi.MP3,"uplifting, energetic, Afrobeats, male, collaboration, Nigerian music"
dataset/Jimohsoundz - No Drama ft Owen Ace and Tk Swag.mp3,"upbeat,happy, afrobeats, male, collaboration"
dataset/Big shaq ft busta rhymes - Man's not hot.MP3,"energetic, humorous, hip-hop, male, collaboration"
dataset/Ft-Sjava Big-ZuluInkabi-Zezwe - Sayona.mp3,"energetic, powerful, hip hop, male, collaboration, South African music"
dataset/Chiké   Winner.mp3,"upbeat,happy, afrobeat, male, nigerian"
dataset/Falz - Bon Soir ft  Olu Maintain.mp3,"upbeat, energetic, Afrobeat, male, collaboration, Nigerian"
dataset/DJ Neptune - Gaza Ft Patoranking.mp3,"upbeat,dance, afrobeats, male, collaboration"
dataset/Dj neptune ft omah lay and joeboy - Abeg.MP3,"upbeat,happy, afrobeats, male, collaboration"
dataset/Asake-I-Believe (radio clean).mp3,"inspirational, uplifting, Afrobeat, male, radio clean"
dataset/Glass animals - Heat waves.MP3,"upbeat, energetic, summer, indie pop, mixed, popular"
dataset/Falz - Hypocrite ft Demmie Vee.mp3,"upbeat, energetic, Afrobeats, male, collaboration"
dataset/Johnny drille - Spending.MP3,"sentimental, romantic, R&B, male, acoustic"
dataset/Cheque ft fireboy dml - History.MP3,"uplifting, nostalgic, afrobeat, male, collaboration"
dataset/Gunna & future - Too easy.MP3,"energetic, hip hop, male, "
dataset/Dababy ft stunna 4 vegas - No dribble.MP3,"energetic, hype, hip-hop, male, collaboration"
dataset/Victor-AD-Celebrate.mp3,"energetic,happy, afro pop, male, party"
dataset/Falz_ft_Tekno_-_Owa.mp3,"upbeat,happy, Afrobeat, male, collaboration"
dataset/Touzani - Ouira Deka (Urmet K Remix).mp3,"energetic,upbeat, electronic, male, remix"
dataset/Ayra Starr - Lagos Love-Story.mp3,"romantic, upbeat, afrobeat, pop, female, Nigeria, love"
dataset/Nyengelezi-Yodumo-KWA-DJ-MLUNGU-ft-Umjabulisi.mp3,"upbeat,happy,dance, house, male, featuring"
dataset/Lil-Frosh-Money-Is-My-Guy-MIMG-Ft-Zlatan.mp3,"energetic, upbeat, Afrobeat, male, collaboration"
dataset/Fiokee - No Way  [Prod. Jaypizzle & Fiokee] .mp3,"upbeat, energetic, Afrobeat, male, instrumental"
dataset/On My Own Ms.mp3,"sad, lonely, pop, female, "
dataset/Olootu - Never Far Away ft. Naye Ayla.mp3,"uplifting, soothing, romantic, R&B, male, female, collaboration"
dataset/Falz - Wehdone Sir.mp3,"upbeat,humorous, Afrobeat, male, Nigerian"
dataset/Fireboy dml - Ashawo.MP3,"chill, laid-back, afrobeat, male, Nigerian"
dataset/AKUCHI - ROLLS ROYCE UMBRELLAS.mp3,"energetic, upbeat, hip hop, male, catchy"
dataset/Ajebo Hustlers & Fave - In Love.mp3,"romantic, upbeat, afrobeat, mixed, collaboration"
dataset/Sheye Banks - Over ft  Kayjay.mp3,"upbeat,happy, Afrobeats, male, "
dataset/E kelly and mr eazi - Need somebody.MP3,"upbeat, energetic, romantic, Afrobeats, male, collaboration"
dataset/Praiz - Me & You ft Sarkodie.mp3,"romantic, love, R&B, male, collaboration"
dataset/Rexxie ft-Zlatan-NSG-Credit-Score.mp3,"energetic, lively, Afrobeats, male, collaboration"
dataset/Veen - Ice Cold.mp3,"chill, calm, electronic, male, instrumental"
dataset/GRACE LADE MIGHTY.mp3,"uplifting, powerful, gospel, female, religious"
dataset/Skales - God is good.MP3,"uplifting, joyful, afrobeat, male, religious"
dataset/Ayox-Walking-Dead-Tribute-to-Mohbad-ft-Zlatan.mp3,"energetic, lively, Afrobeats, male, Tribute, Mohbad, Zlatan"
dataset/Cuppy - Feel Good Ft Fireboy.mp3,"excited,happy, afrobeat, female, collaboration"
dataset/Waje - Bottom Line.mp3,"upbeat,happy, afrobeat, female, "
dataset/If I Die - Sho Madjozi.mp3,"upbeat, energetic, afrobeats, female, South African artist"
dataset/J hus - Must be.MP3,"upbeat, energetic, rap, male, urban"
dataset/Reminisce ft tiwa savage - Eja osan.MP3,"nostalgic, upbeat, Afrobeat, mixed, collaboration"
dataset/Omah lay - Purple song.MP3,"relaxing, chill, soothing, Afrobeat, male, Nigerian artist"
dataset/Burna boy - Ye.MP3,"upbeat, energizing, afrobeat, male, popular, danceable"
dataset/Ruby gyang - Crushing monstar.MP3,"dreamy, melancholic, indie pop, female, piano, emotional"
dataset/Wizkid - Daddy Yo ft Efya.mp3,"upbeat, energetic, afrobeat, male, collaboration"
dataset/Mystro ft wizkid - Immediately.MP3,"upbeat,dance, afrobeats, male, collaboration"
dataset/Asake-Remember (radio clean) .mp3,"upbeat, nostalgic, Afrobeats, male, radio clean"
dataset/Praiz - Mercy.mp3,"soulful, soothing, emotional, R&B, male, Nigerian"
dataset/Nyengelezi-Yodumo-UBEDUNUSEL-AMADODA.mp3,"upbeat,dance, house, male, South African"
dataset/Runtown ft tekno - Summer luv.MP3,"upbeat, romantic, Afrobeats, male, collaboration, summer"
dataset/Bnxn & Ruger - BaeBae.mp3,"energetic, upbeat, Afrobeats, male, collaboration"
dataset/Kelvyn-Boy-Roma-Ft-BABYBOY-AV.mp3,"upbeat,happy, Afrobeats, male, "
dataset/DJ Neptune - Why (Love & Greatness Remix).mp3,"upbeat,happy, remix, male, DJ Neptune, Love & Greatness"
dataset/TENI - JALINGO.mp3,"upbeat, energetic, afrobeat, female, "
dataset/Nasty_C_-_Strings_and_Bling dflamz radio .mp3,"energetic, confident, hip hop, male, radio"
dataset/Victony Ft Asake - Stubborn.mp3,"upbeat, energetic, Afrobeats, male, collaboration"
dataset/Amaarae - Sad Girlz Luv Money Remix.mp3,"sad, confident, alternative R&B, female, remix"
dataset/Ice Prince - Hit Me Up Ft  PatrickXXLee & Straffitti.mp3,"energetic, upbeat, hip-hop, rap, male, collaboration"
dataset/Spyro_Ft_Davido_-_Billing CLEAN RADIO.mp3,"upbeat, energetic, Afrobeats, male, Collaboration, Clean version"
dataset/King Perryy Ft Victony Tight Condition (Radio Edit) Clean Version.mp3,"energetic,happy,upbeat, Afrobeat,Dancehall, male, collaboration,radio edit,clean version"
dataset/LadiPoe - Jaiye (Time of My Life).mp3,"upbeat,happy, Afrobeat, Male, Nigerian"
dataset/Soft - Money.mp3,"soft, pop, female, money"
dataset/Oxlade ft dave - Intoxycated.MP3,"upbeat, energetic, Afrobeats, male, collaboration"
dataset/Efe - Scammer ft Tulenkey.mp3,"energetic, upbeat, afrobeat, male, collaboration"
dataset/Falz - Way Ft  Wande Coal.mp3,"upbeat,happy, Afrobeat, male, collaboration"
dataset/Carterefe-Oyinmo-ft-Young-Duu- clean.mp3,"upbeat, cheerful, Afrobeat, male, collaboration, Nigerian music"
dataset/Dj tunez ft omawunmi and d3an - Answer.MP3,"upbeat,happy, Afrobeats, mixed, collaboration"
dataset/Dookie-Make money - Dookie-Make money ft  Magnito prod Tunezfaktory.mp3,"energetic, upbeat, hip hop, male, collaboration, production by Tunezfaktory"
dataset/Buju - Mind games.MP3,"chill, relaxed, r&b, male, introspective"
dataset/Idyl ft harrysong - Juju (remix).MP3,"upbeat, energetic, Afropop, mixed, collaboration, remix"
dataset/Elemxy - Jogodo.mp3,"upbeat,happy, Afrobeats, female, danceable,energetic"
dataset/Olamide Ft Fireboy DML  Asake Uptown Disco.mp3,"energetic, upbeat, Afrobeat, male, collaboration"
dataset/Sarkodie - Try Me.mp3,"energetic, determined, confident, hip hop, male, "
dataset/Balloranking-Toronto.mp3,"energetic, upbeat, dance, afrobeat, male, party"
dataset/Danny-S-Kerewa-Ft-Qdot.mp3,"energetic,happy, Afrobeats, male, collaboration,upbeat"
dataset/Seyi-Vibez-Today.mp3,"upbeat, energetic, Afrobeats, male, Nigeria"
dataset/Joeboy-Osadebe.mp3,"romantic, upbeat, joyful, Afrobeat, male, Nigerian artist"
dataset/Sam smith ft burna boy - My oasis.MP3,"emotional, calming, R&B, Afrobeat, male, male, collaboration, soulful"
dataset/Blxst & snoop dogg - Go to war.MP3,"intense, aggressive, hip hop, male, "
dataset/Skales - Temper (Remix) ft Burnaboy.mp3,"energetic, upbeat, Afrobeat, male, collaboration, remix"
dataset/Prince-Kaybee-Inkumbulo-Ft-Azana-(JustNaija.com).mp3,"uplifting,happy, house, male, collaboration,featured artist"
dataset/Aluna and tekno - Don't hit my line.MP3,"upbeat, energetic, pop, mixed, collaboration"
dataset/Bandros-Vini-JNR-10-Ft-Soulful-Disciple.mp3,"upbeat, energetic, afrobeat, male, collaboration"
dataset/Lowsheen-Yimi-Nawe-ft-Azana-CHARLOTTE-LYF-Lwami.mp3,"upbeat, energetic, afrobeats, mixed, collaboration, featured artists"
dataset/Rexxie - All Ft Davido.mp3,"energetic,happy, afrobeats, male, "
dataset/Asake - Trabaye.MP3,"upbeat,happy, Afrobeats, male, "
dataset/Davido ft nicki minaj - Holy ground.MP3,"upbeat, energetic, Afrobeats, male and female, collaboration"
dataset/Harrysong ft fireboy dml and olamide - She knows.MP3,"upbeat, energetic, afrobeats, male, "
dataset/Calema - Perfume.mp3,"romantic, soothing, kizomba, male, Portuguese"
dataset/Teni - Super woman.MP3,"upbeat, empowering, Afrobeat, female, Nigerian"
dataset/Harrysong ft zlatan ibile - Chacha (remix).MP3,"upbeat, energetic, Afrobeats, male, collaboration, remix"
dataset/10-Prince-Kaybee-Fearless-ft-Pilani-Bubu.mp3,"upbeat, energetic, house, male, collaboration"
dataset/Amerado - Grace ft Lasmid.mp3,"uplifting, positive, hip hop, male, collaboration"
dataset/Juice wrld - Wishing well.MP3,"melancholic, reflective, hip hop, male, popular, emotional"
"dataset/Kabza-De-small-x-Dj-Maphorisa Ft Njelic , Youn Stunna , Xolani ,Guitars - Nana-Thula.mp3","energetic, groovy, amapiano, mixed, collaboration"
dataset/Ruggedman ft mr real - Sucasa mica.MP3,"energetic, lively, hip hop, male, "
dataset/12-Tems-Free-Fall-Ft-J-Cole-(JustNaija.com).mp3,"energetic, emotional, R&B, female, collaboration, popular"
dataset/Burna boy - Gbona (Sigag Lauren Remix).mp3,"upbeat, energetic, Afrobeat, Male, Remix"
dataset/Tulenkey-22-feat-Kweku-flick-Oseikrom-Sikanii.mp3,"energetic, lively, upbeat, hip hop, male, collaboration"
dataset/Ajebutter22 African Man.mp3,"upbeat, energetic, Afrobeats, male, Nigerian"
dataset/Ntombi music ft heavy k - Touch.MP3,"upbeat, energetic, house, mixed, "
dataset/Harmonize ft burna boy and diamond platnumz - Kainama.MP3,"upbeat, energetic, catchy, Afrobeat, Male, collaboration"
dataset/Mas-Musiq-Nini-Nannini-Ft-Daliwonga-Howard-Gomba.mp3,"upbeat,happy, Amapiano, Male, collaboration"
dataset/Adele - Strangers by nature.MP3,"melancholic, emotional, Pop, Female, "
dataset/Burna Boy Ft J Cole Thanks.mp3,"chill, upbeat, afrobeat, hip hop, male, collaboration"
dataset/Kizz Daniel - Duro.mp3,"upbeat,happy, Afrobeat, male, "
dataset/Dj ab & mr eazi - Supa supa.MP3,"energetic,happy, afrobeat, male, collaboration"
dataset/Joeboy Ft-CKay -Wetin-Be-Love-.mp3,"uplifting, romantic, Afrobeats, Male, collaboration"
dataset/Johnny drille - Loving is harder.MP3,"romantic, heartbroken, pop, ballad, male, Nigerian artist"
dataset/Ms banks ft kida kudz - Snack.MP3,"energetic, upbeat, hip hop, female, collaboration"
dataset/Skiibii - Ft Don Jazzy - Open Bareta.mp3,"energetic,happy, Afrobeats, male, collaboration"
dataset/Crayon-FADE-AWAY.mp3,"upbeat,happy, pop, male, catchy"
dataset/Iyanya My Lade Radio Edit Clean Version.mp3,"upbeat,happy, Afrobeats, male, clean version, radio edit"
dataset/If They Are Real Vector ft Bella.mp3,"upbeat, energetic, hip hop, mixed, collaboration"
dataset/Negative - dremo.mp3,"negative, hip hop, male, "
dataset/King monada - Malwedhe.MP3,"upbeat,happy, afrobeat, male, dance"
dataset/Dj tunez ft olamide - Require.MP3,"upbeat, energetic, afrobeat, male, "
dataset/Balloranking-Bamilo-Ft-LAX.mp3,"energetic,happy, Afrobeats, male, collaboration"
dataset/Victor Ad - Dangerous.mp3,"upbeat,energetic, Afrobeats, male, "
dataset/Kano ft kojo funds - Pan-fried.MP3,"energetic, upbeat, rap, male, collaboration"
dataset/VICTOR AD - MIDF.mp3,"uplifting, motivational, Afrobeat, male, Nigerian"
dataset/Kenkele (Radio Edit) BNXN (Buju) Ft Wande Coal.mp3,"energetic,upbeat, afrobeat, male, collaboration"
dataset/KO-Thatha-ft-Daliwonga-(JustNaija.com).mp3,"upbeat,happy, amapiano, male, collaboration"
dataset/Peruzzi - Show working.MP3,"energetic, upbeat, afrobeats, male, Nigerian music"
dataset/Rick ross ft drake - Gold roses.MP3,"melancholic, smooth, hip hop, male, collaboration"
dataset/Omah-Lay-imagine-ft-Aitch.mp3,"uplifting,happy, afrobeat, male, "
dataset/Maggie lindemann - Human.MP3,"introspective,sad, pop, female, personal,reflective"
dataset/Vector - Gee Boys ft CDQ.mp3,"energetic, hype, hip hop, male, collaboration"
dataset/Bella Shmurda Fire  Radio Edit Clean Version.mp3,"upbeat, energetic, afrobeats, male, clean version"
dataset/Idahams - Shima (Remix) ft Peruzzi & Seyi Shay.mp3,"energetic, romantic, Afrobeats, mixed, remix, collaboration"
dataset/Lax - Gobe(Remix) ft Simi & Tiwa Savage.mp3,"upbeat,dance, Afrobeats, mixed, remix"
dataset/Nf - The search.MP3,"introspective, emotional, hip hop, male, explicit lyrics"
dataset/Jux-Shugga-Daddy-ft-Dj-Tarico-G-Nako.mp3,"energetic, lively, bongo flava, amapiano, male, collaboration, dance"
dataset/Terri - Ojoro.MP3,"upbeat,happy, afrobeat, female, Nigerian"
dataset/Good Life.mp3,"happy, uplifting, pop, female, feel-good"
dataset/Simi - I dun care.MP3,"laid-back, carefree, Afrobeat, R&B, female, Nigerian music"
dataset/P square - No one like you.MP3,"romantic, emotional, Afrobeat, male, Nigerian music"
dataset/Peruzzi - Gunshot.MP3,"energetic, powerful, Afrobeat, male, romantic"
dataset/DJ Boat - Sugar ft. Dr.mp3,"upbeat,happy, afrobeats, male, collaboration"
dataset/Masego - Mystery lady (amapiano remix).MP3,"mysterious, upbeat, amapiano, male, remix"
dataset/Qing Madi - Why.mp3,"melancholic, reflective, pop, female, "
dataset/Bella-Alubo-African-King.mp3,"empowering, energetic, Afrobeats, female, Nigerian"
dataset/Omah lay ft 6lack - Damn (remix).MP3,"chill, emotional, R&B, Hip-hop, Male, collaboration, remix"
dataset/WIZKID- OLUWA LO NI (FATIU- 07087978372).mp3,"upbeat,happy, Afrobeats, male, Nigerian"
dataset/Zlatan - Yeye boyfriend.MP3,"energetic, playful, Afrobeats, male, Nigerian music"
dataset/Inkabi-Zezwe Impumelelo.mp3,"energetic, uplifting, powerful, hip hop, male, "
dataset/Fameye-Not-God.mp3,"inspirational, uplifting, afrobeats, male, uplifting lyrics"
dataset/Kizz-Daniel FT Davido - Twe-Twe.mp3,"upbeat, lively, Afrobeats, male, collaboration"
dataset/Teni - Amen.mp3,"upbeat, joyful, Afrobeat, female, party, celebration"
dataset/BNXN fka Buju - Many Ways feat. Wizkid.mp3,"upbeat, energetic, afrobeat, male, collaboration"
dataset/Doja cat - Need to know.MP3,"seductive, groovy, R&B, hip-hop, female, pop"
dataset/Dapo tuburna - Feel free.MP3,"happy, energetic, Afrobeat, male, upbeat"
dataset/Ill bliss ft dice ailes - Is it your money.MP3,"upbeat, playful, hip hop, male, collaboration"
dataset/Skales - Je Kan Mo.mp3,"upbeat,happy, Afropop, male, Nigerian"
dataset/Larry Gaaga - Monica  ft Ajebo Hustlers.mp3,"upbeat, energetic, Afrobeat, mixed, collaboration, Nigerian music"
dataset/Karol g and maluma - Creeme.MP3,"romantic, upbeat, reggaeton, mixed, Latin music"
dataset/Harrison  James French  Daniel de Bourg - There for you.mp3,"uplifting, hopeful, pop, male, collaboration"
dataset/Joeboy-Check - My-Phone.mp3,"upbeat,happy, Afrobeats, male, Nigerian"
dataset/Drega & SkyeWanda – Yebba’s Heartbreak (Show My Love).mp3,"heartbreak, love, emotional, Afro-house, mixed, "
dataset/Juls ft agent sasco - Slow down.MP3,"chill, relaxed, afrobeats, mixed, featuring, Juls, Agent Sasco"
"dataset/Juls ft. wizkid, agent sasco & jael - Close to me.MP3","upbeat, energetic, afrobeats, mixed, collaboration"
dataset/Savage X Zlatan - Concussion Rmx .mp3,"energetic, hype, afrobeats, male, remix"
dataset/Zoro ft lil kesh - Giddem.MP3,"energetic, Afrobeats, male, collaboration"
dataset/Caltonic_SA_-_Like_Vigro_Deep_68436135.mp3,"energetic, amapiano, male, "
dataset/Yung6ix - Everything gucci.MP3,"upbeat,happy, Afrobeat, male, Nigerian"
dataset/Ckay ft. elgrande toto - Love nwantiti (north african remix).MP3,"romantic, energetic, Afrobeat, mixed, remix, collaboration"
dataset/MAUA-SAMA-Kiss-Me.mp3,"romantic, upbeat, afro-pop, female, bouncy"
dataset/Simi-Gimme-Something.mp3,"romantic, Afrobeat, female, Nigerian"
dataset/Na Wose - UPZ  P.M Project feat Sofiya Nzau.mp3,"upbeat, lively, energetic, house, mixed, collaboration, featuring"
dataset/MO'HITS ALL STARS - JASI.mp3,"upbeat, groovy, Afrobeat, mixed, party"
dataset/Naira Marley - Idi Oremi (Opotoyi  Pt 2).mp3,"energetic, groovy, Afrobeats, male, dance, party"
dataset/Joyner lucas - Will (adhd).MP3,"empowered, nostalgic, energetic, hip-hop, male, tribute, rap"
dataset/K1-De-Ultimate-Ade-Ori-Okin_01.mp3,"upbeat, energetic, afrobeat, male, Nigerian music"
dataset/Orezi - Big Something ft Flavour & M I.mp3,"energetic, lively, Afrobeat, male, collaboration, Nigerian music"
dataset/Fireboy DML - Outside feat. Blaqbonez).mp3,"upbeat, energetic, Afrobeats, male, collaboration, Nigerian music"
dataset/Sess & falz - Thunda.MP3,"energetic, upbeat, Afrobeat, male, collaboration"
dataset/Tems - Gangsta.mp3,"dark, intense, R&B, female, soulful"
dataset/Not3s ft. tiwa savage & avelino - Bank roll.MP3,"upbeat, energetic, Afrobeat, Male, collaboration"
dataset/Wurld ft sarz - Sweet n fine.MP3,"upbeat, happy, afrobeat, male, "
dataset/Mayorkun - Under The Canopy.mp3,"upbeat,happy, Afrobeat, Male, Nigerian"
"dataset/Musa Key, Loui & Victony - Selema (Po Po) REMIX.mp3","upbeat,happy,energetic, Afrobeats, mixed, collaboration,remix"
dataset/Aylo ft fasina and psychoyp - Sassy.MP3,"upbeat, energizing, hip-hop, rap, mixed, collaboration, catchy"
dataset/Mbosso Ft Chley - Sele.mp3,"upbeat,happy, Bongo Flava, Male, collaboration"
dataset/Dj tira and prince bulo ft aka and okmalumkoolkat - No rush remix.MP3,"energetic, upbeat, afro house, male, remix, collaboration"
dataset/Phina-Sisi-Ni-Wale.mp3,"upbeat,happy, afro-pop, female, east african"
"dataset/Inkabi-Zezwe Ft Sjava ,Big Zulu - Slow Jam Sase Bergville.mp3","chill,relaxing,melancholic, hip-hop, male, collaboration"
dataset/Victor AD - Olofofo.mp3,"uplifting,energetic, afrobeats, male, Nigerian"
dataset/Kcee ft. peruzzi and okwesili eze group - Hold me tight.MP3,"romantic,upbeat, Afrobeat, male, collaboration"
dataset/TI-BLAZE Ft Bhadboi OML - Holy.mp3,"uplifting, spiritual, hip hop, male, collaboration"
dataset/Headie one ft young t and bugsey - Princess cuts.MP3,"energetic, confident, rap, male, collaboration"
"dataset/K.O – Isitha ft. Aymos, Loki & Roiii.mp3","upbeat, energetic, gqom, amapiano, male, collaboration"
dataset/EFYA - SET ME FREE.mp3,"uplifting, energetic, empowering, Afrobeat, female, Ghanaian artist, soulful vocals"
dataset/Basket Mouth - Your Body Ft  Buju.mp3,"upbeat, romantic, Afrobeats, male, collaboration, trending"
dataset/Kabza De Small - Khusela ft. Msaki.mp3,"upbeat,happy, amapiano, male, collaboration"
dataset/Ajebo Hustlers Ft Raebel - Undecided.mp3,"upbeat, energetic, Afrobeats, mixed, collaboration"
dataset/Pheelz-Stand-By-You-.mp3,"uplifting,hopeful, Afrobeat, male, collaboration"
dataset/D smoke & fireboy dml - Sleepwalking.MP3,"chill, laid-back, R&B, Afrobeat, male, collaboration"
dataset/Inga-Hina-Healing-ft-Inga-Hina.mp3,"uplifting,happy,healing, pop, female, collaboration"
dataset/LAYCON - WAKA.mp3,"upbeat,happy, afrobeats, male, Nigerian"
"dataset/Kabza-De-small-x-Dj-Maphorisa Ft Felo Le Tee , 2woshortrsa, Stompiiey, ShaunMusiQ, Ftears, Nanini.mp3","upbeat, energetic, Amapiano, mixed, collaboration"
dataset/DJ-Stokie-Soweto-s-Finnest-ft-Mkeyz.mp3,"upbeat, energetic, Amapiano, male, collaboration"
dataset/Dr Dolor - Rambo Ft  Teni.mp3,"energetic,happy, Afrobeat, mixed, "
dataset/Magixx Color (my baby).mp3,"upbeat,happy, pop, male, "
dataset/Future ft tems and drake - Wait for u.MP3,"uplifting, nostalgic, R&B, Hip hop, male, female, collaboration, popular"
dataset/Bad Girl (Radio Edit)  DJ Tunz Ft Wande Coal & Victony.mp3,"energetic, upbeat, Afrobeats, mixed, collaboration, party"
dataset/PsychoYP - Commitment.mp3,"energetic, motivational, rap, male, upbeat"
dataset/Oladips-No-Gree-For-Anybody-ft-Otega.mp3,"energetic, upbeat, hip hop, male, collaboration"
dataset/Masterkraft ft tekno - 10 sure oddz.MP3,"upbeat, energetic, Afrobeats, male, collaboration"
dataset/Lojay - Availabu.MP3,"upbeat,happy, Afrobeats, male, "
dataset/Davolee FT  Zatan - West Africa Time.mp3,"energetic, upbeat, Afrobeat, male, collaboration"
dataset/Enrique_Iglesias_Ft_Pitbull_I_Like_It_Avicii_Remix.mp3,"energetic, upbeat, electronic, dance, male, remix"
dataset/Lisa yaro - Savage.MP3,"energetic, powerful, pop, female, upbeat"
dataset/Rate Me - Fozter CENSORED.mp3,"energetic, confident, pop, male, explicit"
dataset/Rema_-_Iron_Man.mp3,"energetic, upbeat, Afrobeats, male, Nigerian"
dataset/Yung l - Anya.MP3,"energetic, upbeat, afrobeats, male, Nigerian, danceable"
dataset/Stakev-Strategy-Ft-Focalistic-Ch-cco-(JustNaija.com).mp3,"energetic, upbeat, Amapiano, male, collaboration"
dataset/Ayox-IF-BEING-SAD-IS-A-CRIME.mp3,"sad, hip hop, male, emotional"
dataset/Obongjayar - Message in a hammer.MP3,"uplifting, powerful, experimental, electronic, male, lyrical, thought-provoking"
dataset/Yemi Alade - True Love.mp3,"happy, upbeat, Afrobeat, female, love"
dataset/Ajebo Hustlers Ft Jeriq - Last Week.mp3,"energetic, upbeat, Afrobeats, male, collaboration, Nigerian music"
dataset/Ed sheeran - Boat.MP3,"uplifting,happy, pop, male, "
dataset/Ugoccie - Sunny.mp3,"calm, happy, uplifting, Afrobeats, female, Nigerian"
dataset/Lil durk - Pelle coat.MP3,"energetic, confident, rap, male, "
dataset/Uzikwendu ft m.i abaga - Lyrical cardio.MP3,"energetic, upbeat, hip hop, male, collaboration"
dataset/Dj khalid ft h.e.r and migos - We going crazy.MP3,"upbeat, energetic, hip-hop, mixed, collaboration"
dataset/Hotkid - At This Point.mp3,"upbeat, energetic, powerful, Afrobeat, male, "
dataset/Cheque - Lpd.MP3,"energetic,upbeat, afrobeat, male, Nigerian"
dataset/LuuDadeejay-Siya-Shova-ft-2woshort-Stompiiey.mp3,"upbeat, energetic, amapiano, male, collaboration"
dataset/Seyi Shay x Harmonize - Ko Ma Roll.mp3,"upbeat, energetic, Afrobeats, mixed, collaboration"
dataset/WONDA VIBES - SWEET INSIDE.mp3,"happy, upbeat, pop, female, summer vibes"
dataset/Tiz east ft. boj & donae'o - Hello (remix).MP3,"upbeat, energetic, Afrobeats, mixed, collaboration, remix"
dataset/Lava-Lava-Tuna-Kikao-ft-Diamond-Platnumz.mp3,"upbeat,energetic, bongo flava, male, collaboration"
dataset/Meghan Trainor - All About That Bass.mp3,"upbeat,happy, pop, female, empowering, body positivity"
dataset/Iyanya - Mr Oreo.mp3,"upbeat,dance, afrobeat, male, clubbing"
dataset/Buju - L'enu.MP3,"upbeat,happy, Afrobeat, male, "
dataset/Johnny drille ft. don jazzy - Ova.MP3,"upbeat, joyful, Afrobeat, male, collaboration"
dataset/Oxlade ft mayorkun - Bad boy.MP3,"upbeat, groovy, Afrobeats, male, collaboration"
dataset/Rayvani - Down.mp3,"happy, upbeat, bongo flava, male, trending"
dataset/Kida kudz - Majestical.MP3,"energetic, upbeat, afrobeats, male, club, dance"
dataset/Dj khalid ft drake - Popstar.MP3,"upbeat,hype, hip hop, male, collaboration"
dataset/Asake - Yoga.mp3,"upbeat, energetic, Afrobeats, male, "
dataset/King Perry - Eastern Baby.mp3,"upbeat,happy, Afrobeat, male, Nigerian"
dataset/Super Soma Clean Master.mp3,"energetic, uplifting, electronic, instrumental, energetic beats, futuristic"
dataset/E major - Jara.MP3,"upbeat,happy, pop, female, "
dataset/Ugoccie-Maranma.mp3,"emotional, Afrobeats, female, Nigerian"
"dataset/Sean Paul Ft Shenseea, Gwen Stefani - Light My Fire.mp3","upbeat, energetic, dancehall, pop, mixed, collaboration"
dataset/Burna boy - Destiny.MP3,"upbeat, energetic, inspirational, Afrobeat, male, Nigerian"
dataset/Terri - Come around.MP3,"upbeat,happy, pop, female, catchy"
dataset/Meskey - Life.MP3,"upbeat,happy, pop, male, "
dataset/Tiwa savage - Dangerous love.MP3,"sensual, romantic, Afrobeats, R&B, female, upbeat"
dataset/Zlatan-Oganigwe-feat-Odumodublvck-Jeriq.mp3,"energetic,dance, afrobeats, male, collaboration"
dataset/LeriQ - Wish List ft  Wande Coal.mp3,"upbeat, Afropop, male, collaboration"
dataset/PLANTATION BOIZ - DON'T YOU KNOW.mp3,"upbeat,happy, hip hop, male, catchy"
dataset/Zlatan-Bust-Down-Ft-Asake.mp3,"energetic, upbeat, hip-hop, male, collaboration"
dataset/Yemi alade ft dadju - I choose you.MP3,"romantic, uplifting, afro-pop, R&B, female, collaboration, love song"
dataset/DJ Maphorisa Kabza De Small feat. Busiswa - Suka.mp3,"upbeat,happy, Amapiano, mixed, dance"
dataset/Dj spinall ft fireboy dml - Sere.MP3,"upbeat, lively, afrobeat, male, collaboration"
dataset/Koffee  Where Im From .mp3,"upbeat,happy, reggae, female, Jamaican"
dataset/Bryson tiller - Blame.MP3,"chill, melancholic, R&B, male, smooth"
dataset/Native_Sound_System_Ft_Gabzy_-_TGIF.mp3,"upbeat,happy,celebratory, Afrobeats, male, weekend,party"
dataset/Yung6ix - International.mp3,"upbeat, energetic, hip hop, male, international"
dataset/Shisha marioo ft Mr . Nice.mp3,"energetic, upbeat, bongo flava, male, collaboration"
dataset/Zlatan ft odumodublvck and jeriq - Oganigwe.MP3,"energetic, lively, Afrobeats, male, collaboration"
"dataset/Yung6ix ft erriga, payper corleone and dr barz - You don see am.MP3","energetic, upbeat, hip hop, male, collaboration"
dataset/DJ Tunez - Require ft Olamide.mp3,"upbeat, energetic, Afrobeats, male, collaboration"
dataset/Darkoo ft blanco - She like.MP3,"upbeat, energetic, rap, female, collaboration, UK artist"
dataset/UGOCCIE Phenominal Girl PT.mp3,"Energetic, Powerful, Pop, Female, Upbeat, Catchy"
dataset/Wande Coal - Your Body (One Dance Cover).mp3,"upbeat, dance, Afrobeat, male, cover"
dataset/Toxicated-Keys-Omaann-O-Betha-Kick-KingsOfRoughMusiQ-ft-GemValleyMusiQ-OwGee-DJ-Fonzi.mp3,"energetic, upbeat, amapiano, mixed, feat GemValleyMusiQ, OwGee, DJ Fonzi"
dataset/Damian Marley ft Stephen Marley  Medication  Clean Version.mp3,"upbeat, energetic, reggae, male, collaboration, clean version"
dataset/Cuppy - Karma Ft Stonebwoy.mp3,"upbeat,happy,energetic, Afrobeats, female, collaboration"
dataset/Quamina MP feat. KiDi - Your Love.mp3,"romantic, upbeat, afrobeats, male, collaboration, Ghanaian music"
dataset/09-Tommy-Flavour-Niombee.mp3,"upbeat, energetic, bongo flava, male, Tanzanian music"
dataset/Jorja smith ft popcaan - Come over.MP3,"chill, romantic, R&B, Reggae, female, collaboration"
dataset/Goya Menor Ehen.mp3,"calm, soothing, peaceful, classical, male, instrumental"
dataset/Iyanya - Believe.MP3,"hopeful, optimistic, Afropop, male, uplifting"
dataset/Wizkid ft burner boy - Ginger.MP3,"energetic, happy, afrobeats, male, "
dataset/REMA-BOOTY BOUNCE-RADIO EDIT FINAL.mp3,"energetic, upbeat, Afrobeat, male, "
dataset/Bella Shmurda - My-Brother (Tribute to Mohbad).mp3,"emotional,sad, Afrobeats, male, tribute"
dataset/AttiFaya & Kemuel - Fresh Boy Riddim.mp3,"Energetic, Upbeat, Reggae, Male, Collaboration"
dataset/Sun el musician ft simmy and lelo kamau - Sonini.MP3,"upbeat,happy, afro-house, mixed, collaboration"
dataset/Bare With Me (Radio Edit) Ms Bank.mp3,"upbeat, energetic, pop, female, "
dataset/Kanye west ft xxxtentacion - True love.MP3,"emotional, intense, hip hop, male, collaboration, rap"
dataset/DJ Spinall - Pressure ft DiceAiles.mp3,"energetic, lively, afrobeats, male, collaboration"
dataset/Burna Boy - Its Plenty.mp3,"energetic, uplifting, afrobeat, male, Nigeria, dance"
dataset/LAIME FT ODUMODUBLVCK - WHERE DEM DEY.mp3,"energetic, lively, upbeat, afrobeats, male, collaboration"
dataset/Speed Darlington Bomb.mp3,"energetic, fast-paced, Afrobeats, male, hip-hop, Nigerian"
dataset/We Run The Road (Radio Edit) Big Zulu ft Patoranking & Nasty C.mp3,"energetic, upbeat, hip hop, mixed, collaboration, radio edit"
dataset/Reekado Banks - Ozumba Mbadiwe Ft Fireboy DML.mp3,"upbeat, energetic, Afrobeats, male, collaboration"
dataset/Peruzzi ft davido - Somebody baby.MP3,"upbeat, romantic, Afrobeats, Male, collaboration"
dataset/Bnxn ft Popcaan - Final Answer.mp3,"upbeat,happy, dancehall, male, collaboration"
dataset/Gucci mane ft bruno mars & kodak black - Wake up in the sky.MP3,"upbeat,happy, hip-hop, male, collaboration,chart-topping"
dataset/Ajebutter22 Ft. Jeff Akoh -- Fire.mp3,"energetic, upbeat, Afrobeat, male, collaboration"
dataset/Maleek berry - My way.MP3,"upbeat, energetic, Afrobeat, male, catchy"
dataset/Wurld - Sad tonight.MP3,"sad, R&B, male, Wurld"
dataset/VJ Adams - Based On Believe Ft  Harrysong.mp3,"uplifting, positive, Afrobeat, male, collaboration"
dataset/Dj thakzin ft gwen - Nako.MP3,"upbeat,happy, afro-house, mixed, "
dataset/DANCEHALLING - Unco JingJong.mp3,"energetic, uplifting, dancehall, male, upbeat"
dataset/Rexxie ft bella shmurda - Back to back.MP3,"upbeat, energetic, afrobeat, male, collaboration, Nigerian"
dataset/ANGELOH FT WAJE - JEJE.MP3,"joyful, upbeat, Afrobeat, mixed, collaboration"
dataset/Heavy-K-Andikayeki-ft-Ami-Faku-(JustNaija.com).mp3,"upbeat,dance, afrobeats, male, collaboration"
dataset/Drake - Not nice.MP3,"upbeat, energetic, Rap, Male, popular"
dataset/Noah Aire - Nuh Fi Deny.mp3,"upbeat,happy, reggae, male, positive"
dataset/Kizz daniel - Need somebody.MP3,"romantic, intimate, Afrobeats, male, love song"
"dataset/King Tone SA, Oskido, Ze2 - Kuzolunga (Radio Edit).mp3","energetic, uplifting, afro house, mixed, collaboration"
dataset/Dookie - Cash Or Transfer  Ft  Verse Gunzalo.mp3,"energetic, playful, rap, male, collaboration"
dataset/Responsibility (Radio Edit) Graham_D_Ft_Jaywillz.mp3,"uplifting, pop, male, radio edit, featuring"
dataset/Buju - Kilometer.MP3,"energetic, upbeat, Afrobeat, male, popular, trending"
dataset/Xowla-ft-Big-Zulu-DJ-Tira-Bengdakiwe.mp3,"energetic, lively, gqom, male, collaboration, dance"
dataset/Lady donli - M.k.k.MP3,"upbeat, energetic, afrobeats, female, Nigerian"
dataset/Distruction boyz ft dj tira naakmusiq - Sinenkani.MP3,"energetic, lively, gqom, male, collaboration"
dataset/Guchi-Leave-Me-Now.mp3,"upbeat, energetic, Afrobeats, female, catchy"
dataset/Taylor Swift  End Game feat Ed Sheeran  Future RadioVersion.mp3,"energetic, upbeat, pop, female, collaboration, radio version"
dataset/Megan thee stallion ft dua lipa - Sweetest pie.MP3,"energetic, fun, pop, female, collaboration"
dataset/Zlatan - Quilox.mp3,"energetic, upbeat, Afrobeats, male, danceable"
dataset/Bad_Boy_Timz_-_Big_Money.mp3,"energetic, lively, afrobeats, male, uptempo"
dataset/Oskido ft niniola - Banky banky.MP3,"upbeat, energetic, afrohouse, mixed, collaboration"
dataset/Brainee - Baby.MP3,"upbeat,happy, Afrobeats, male, dance"
dataset/Olakira - Sere Ft Zuchu.mp3,"upbeat, tropical, Afrobeat, male, collaboration, East African"
dataset/Deekay ft peruzzi - Everything.MP3,"upbeat,happy, Afrobeat, male, collaboration"
dataset/KDD-Ukwenzeka-ft-Kiddyondebeat-Thatohatsi.mp3,"upbeat,happy, Afrobeat, male, collaboration"
dataset/Already Won.mp3,"uplifting, victorious, pop, female, "
dataset/PLANTATION BOIZ - EMEMMA.mp3,"energetic,happy,upbeat, afrobeat, male, Nigerian"
dataset/Sound sultan ft small doctor - Twin broda.MP3,"energetic,hype, Afrobeats, male, collaboration"
dataset/MI Abaga - Plan B.mp3,"energetic,hype, hip hop, male, Nigerian,rap"
dataset/Ladi Poe - Feeling Ft  Buju.mp3,"upbeat,happy, Afrobeats, male, collaboration"
dataset/P-SQUARE - SAY YOUR LOVE.mp3,"romantic, emotional, Afrobeat, male, Nigerian"
dataset/Bella shmurda & popcaan - So cold.MP3,"energetic, chilling, Afrobeats, Dancehall, male, collaboration"
dataset/Wizkid - Bad to me.MP3,"energetic, emotional, Afrobeats, male, soulful"
dataset/Fredo - Scorpion.MP3,"energetic, aggressive, rap, male, explicit lyrics"
dataset/Adekunle gold - Ogaranya.MP3,"calm, upbeat, Afrobeat, male, Nigerian music"
dataset/Bongza-Umlomo-Wakho-ft-Mkeyz-DSAX.mp3,"energetic,upbeat, amapiano, male, collaboration,featured artist"
dataset/Rema ft alpha p - Starboy.MP3,"energetic,happy, Afrobeats, male, collaboration"
dataset/J cole ft bas - 100 mil'.MP3,"energetic, confident, Hip Hop, male, collaboration, rap"
dataset/QingMadi - Sins For U.mp3,"upbeat,happy, pop, female, catchy"
dataset/Rema - Peace of mind.MP3,"calm, peaceful, Afrobeats, male, Nigerian"
dataset/Fireboy dml - High on life.MP3,"uplifting, energetic, Afrobeats, male, Nigerian"
dataset/Janelle monae - Make me feel.MP3,"energetic, funky, pop, funk, female, 2010s"
dataset/Ceeza milli - Based on what.MP3,"upbeat,happy, Afrobeat, male, danceable"
dataset/Wretch 32 - Mummy's boy.MP3,"emotional, rap, male, UK"
dataset/Patoranking - Lenge lenge.MP3,"upbeat, lively, Afrobeat, male, dancehall"
dataset/Speroachbeatz ft mayorkun & peruzzi - Constantly.MP3,"happy, upbeat, Afrobeats, male, collaboration"
dataset/Tems - Born in the Wild.mp3,"mellow, soulful, reflective, R&B, Afrobeat, female, acoustic"
dataset/Amaarae-Counterfeit.mp3,"upbeat, energetic, groovy, afrobeat, neo-soul, female, catchy"
dataset/Skales ft davido - This your body.MP3,"upbeat, energetic, Afrobeats, male, collaboration"
dataset/Young-Duu-Rora.mp3,"energetic,happy, pop, male, "
dataset/Cardi B Kanye West  Lil Durk  Hot Ish Clean.mp3,"energetic, hype, hip-hop, female, male, collaboration, trending"
dataset/Ruger-Party-Monster-Ft-Bnxn.mp3,"party, energetic, Afrobeats, male, collaboration"
dataset/Yung l - Kpononor.MP3,"upbeat, energetic, Afrobeats, male, danceable"
dataset/RECOUP RECORDS FT OVAHFLO - FALLING.mp3,"energetic, powerful, hip hop, mixed, collaboration"
dataset/Black sherif - 45.MP3,"energetic,emotional, afrobeat, male, Ghanaian"
dataset/Little mix - The cure.MP3,"uplifting, energetic, pop, female, empowering"
dataset/Rexxie ft mohbad - Kpk (ko por ke).MP3,"energetic, upbeat, Afrobeats, male, Nigerian music"
dataset/Chop life crew ft. l.k and mojo - Clc step.MP3,"Energetic, Upbeat, Afrobeats, Male, Collaboration, Danceable"
dataset/Wizkid - Gucci Snake ft Slimcase.mp3,"energetic, upbeat, Afrobeats, male, club, dance"
dataset/J cole - Hunger on hillside.MP3,"introspective, reflective, hip hop, male, J Cole"
dataset/Sisi Omotara - Don’t Back Down.mp3,"uplifting, empowering, Afrobeat, female, Nigerian"
dataset/Falz - Mercy.MP3,"upbeat,dance, Afrobeat, male, Nigerian"
dataset/JERRY TAPA FT G2 AMANI - ABOBI.mp3,"energetic, uplifting, afrobeat, hip hop, male, collaboration, African music"
dataset/Kofi mole - Your love.MP3,"romantic, Afrobeats, male, "
dataset/Illbliss - Ayakata Ft  Falz.mp3,"upbeat, energetic, Afrobeats, male, collaboration, Nigerian music"
dataset/Crazy (Radio Edit) MI Abaga Ossi Grace Crazy.mp3,"uplifting, energetic, hip hop, male, Radio Edit, MI Abaga, Ossi Grace"
dataset/Olamide-Letter-To-Milli.mp3,"inspirational, reflective, hip hop, male, Nigerian"
dataset/Imnotsteelo & Cyfred - Udlala Ngami (feat. Sino Msolo).mp3,"energetic, upbeat, amapiano, male, collaboration"
dataset/Jaido P Ft Fireboy DML One Of A Kind.mp3,"upbeat, energetic, Afrobeats, male, collaboration"
dataset/Wande coal ft wizkid - Ebelebe.MP3,"upbeat, Afrobeat, male, collaboration"
"dataset/Ella mai ft nicki minaj , quavo - Boo'd up remix.MP3","romantic, uplifting, R&B, mixed, remix, collaboration"
dataset/De magnus - Olohun.MP3,"upbeat,happy, Afrobeats, male, energetic,exciting"
dataset/Blaqbonez ft boj and ckay - Good boy.MP3,"happy, upbeat, Hip-hop, Afrobeats, Male, collaboration"
dataset/Seyi shay ft kiss daniel - Surrender.MP3,"romantic,smooth, Afropop, female, collaboration"
dataset/P-Square_-_Jaiye_Ihe_Geme__Okhype.com_.mp3,"energetic,dance, Afrobeats, male, Nigerian"
dataset/Sarkodie-ft-Rudeboy-Lucky dflamz clean .mp3,"upbeat, happy, Afrobeat, male, collaboration, clean"
dataset/Show Dem Camp - Rolling ft Tobi.mp3,"upbeat, groovy, Hip Hop, Male, collaboration"
dataset/Davido Ft Asake No Competition.mp3,"energetic, upbeat, Afrobeats, male, collaboration"
dataset/Taylor swift - Daylight.MP3,"uplifting, hopeful, nostalgic, pop, female, love, reflection"
dataset/Focalistic_ft_Davido_-_Champion_Sound.mp3,"energetic, upbeat, Amapiano, Afrobeat, male, collaboration"
dataset/07-Ruger-Not-Done-ft-Bnxn.mp3,"upbeat, energetic, hip hop, male, collaboration"
dataset/Burna Boy - Gum Body ft Jorja Smith.mp3,"sensual,romantic, afrobeats, male, collaboration"
"dataset/VibezInc ft Seyi-Vibez,BloodyCivilian - WhatsApp.mp3","upbeat, energetic, Afrobeats, male, collaboration"
dataset/Joe-el ft yemi alade - Celebrate.MP3,"celebratory, upbeat, Afrobeat, mixed, collaboration"
dataset/Larruso-New-Hope.mp3,"upbeat,hopeful,energetic, afrobeats, male, danceable"
"dataset/Metro boomin ft don toliver, wizkid, beam and toia - Link up (spider verse remix).MP3","energetic, upbeat, hip hop, mixed, remix, collaboration"
dataset/Burna Boy - Dangote (Extended Intro).mp3,"upbeat,happy, afrobeat, male, Nigerian"
dataset/Skiibii-Are-You-Vhere dflamz radio .mp3,"upbeat,dance, afrobeats, male, radio"
dataset/CANDY BLEAKZ FT. BAD BOY TIMZ - FREE FOR ALL.mp3,"energetic, lively, Afrobeats, female, collaboration, Nigerian music"
dataset/Selena gomez - Loose you to love me.MP3,"reflective, melancholic, pop, female, heartbreak"
dataset/Zlatan - 10 Bottles.mp3,"energetic, upbeat, lively, Afrobeats, male, party, dance"
dataset/Shady blue - Kampe.MP3,"calm, reflective, mysterious, pop, male, uplifting"
dataset/Rick ross ft wale - Act a fool.MP3,"energetic, upbeat, hip hop, rap, male, collaboration"
dataset/YOUNG JONN - AQUAFINA.mp3,"upbeat, energetic, afrobeat, male, dance"
dataset/Phyno ft the cavemen. - Chizoba.MP3,"relaxing, soulful, Afrobeats, male, collaboration, Nigerian"
dataset/Victony - Chop slide.MP3,"energetic, upbeat, hip hop, male, Nigerian"
dataset/Tiwa savage - Tiwas vibe.MP3,"upbeat, energetic, afrobeats, female, popular"
dataset/Crayon - On code.MP3,"upbeat,happy, pop, male, "
dataset/Ice prince ft peruzzi - Yawa.MP3,"laid-back, upbeat, afrobeat, male, collaboration"
dataset/Lil nas x ft nba young boy never broke again - Late to da party.MP3,"energetic, hype, hip-hop, rap, male, collaboration, popular"
dataset/Sarkodie - Black excellence (ebibi man).MP3,"inspirational, uplifting, hip hop, male, empowerment, success"
dataset/Rema - Why.MP3,"sad, emotional, afrobeats, male, Nigeria, R&B"
dataset/Tems - Found Ft  Brent Faiyaz.mp3,"soulful, mellow, R&B, female, collaboration"
dataset/Ninalowo (Radio Edit) 9ice ft Zlatan.mp3,"Energetic, Upbeat, Afrobeats, Male, "
dataset/Beyonce ft jayz - Lovehappy.MP3,"happy, love, R&B, female, collaboration, Beyonce, Jay-Z"
dataset/Ice Prince - Shots on Shots ft Sarkodie.mp3,"energetic, upbeat, hip hop, male, collaboration, rap"
dataset/Praiz Ft KINGXN - Tonight.mp3,"romantic, upbeat, Afrobeats, male, "
dataset/Bella shmurda - Oh oh oh.MP3,"upbeat, energetic, Afrobeats, male, danceable"
dataset/Major lazer ft karol g - En la cara.MP3,"energetic, upbeat, reggaeton, female, collaboration"
dataset/Daliwonga  Abo Mvelo Official Audio ft Mellow  Sleazy MJ.mp3,"energetic, Amapiano, male, collaboration"
dataset/Ed sheeran - F64.MP3,"upbeat,happy, pop, male, "
dataset/Teni - Malaika x Bien.mp3,"joyful, upbeat, Afrobeat, female, collaboration"
dataset/Sarz & WurlD - Sade.mp3,"upbeat,happy, Afrobeat, mixed, popular"
dataset/Adekunle Gold - Ogaranya.mp3,"upbeat, joyful, Afrobeat, male, Nigerian music"
dataset/Qdot-JUBA-Ft-Bella-Shmurda.mp3,"energetic,dance, Afrobeat, male, collaboration, Nigerian music"
dataset/Rudimental ft annie marie and tion wayne - Come over.MP3,"upbeat, energetic, pop, mixed, collaboration"
dataset/Nissi - Heavy.mp3,"energetic, powerful, pop, R&B, female, uplifting"
dataset/Timaya - Honey Na Money.mp3,"upbeat,happy, Afrobeat, male, Nigerian"
dataset/DJ Spinall - Money Ft  2Face & Wande Coal.mp3,"energetic, upbeat, Afrobeat, male, collaborative"
dataset/Konke-Hamba-Nawe-Ft-Toby-Franco.mp3,"upbeat,happy, afro-pop, male, collaboration"
dataset/Reekado Banks - You Dey Mad ft AttiFaya.mp3,"upbeat, energetic, Afrobeats, male, collaboration"
dataset/BIG YASA - OVER 18.mp3,"energetic, powerful, hip hop, male, explicit, intense"
dataset/Amaarae - Reckless sweet.MP3,"upbeat, sensual, afrobeats, alternative, female, "
dataset/Gdzilla - Chop Life.mp3,"energetic, upbeat, Afrobeats, male, party, dance"
dataset/Falz - Karishika ft Phyno.mp3,"energetic, intense, Afrobeat, male, Nigerian"
dataset/Portugal the man - Live in the moment.MP3,"upbeat,happy,energetic, indie rock,alternative, mixed, live performance"
dataset/Kranium  Yam Head Last Last Refix Clean Version.mp3,"upbeat,happy, dancehall, male, refix, clean version"
dataset/J cole - Middle child.MP3,"confident, introspective, hip hop, male, J Cole"
"dataset/Mavins ft ayra starr , rema , bayanni and crayon - Amina.MP3","upbeat,happy, afrobeat, mixed, collaboration"
dataset/One Cup - Dj Voyst - Oberz.mp3,"upbeat,happy, Afrobeat, male, party"
dataset/Flavour ft yemi alade - Crazy love.MP3,"romantic, upbeat, Afrobeat, male, female, collaboration"
"dataset/Dj envy ft derez deshon ,2 chainz , yo gotti - Hardaway (remix).MP3","energetic, hype, hip hop, male, remix"
dataset/Ruger - Kristy.mp3,"upbeat, energetic, groovy, afrobeat, male, Nigerian"
dataset/Jaywon - Saro.MP3,"melancholic, afrobeats, male, Nigeria"
dataset/Tiesto and ava max - The motto.MP3,"upbeat, energetic, dance, pop, mixed, collaboration"
dataset/VECTOR - Popular.mp3,"upbeat,dance, pop, male, "
dataset/Mali B-flat FT SjavasDaDeejay & Mellow & SleazyThe Magic Violin.mp3,"energetic,upbeat, house, mixed, violin"
dataset/D-block europe ft burna boy - She's not anyone.MP3,"energetic, upbeat, hip-hop, Afrobeats, male, collaboration"
dataset/Eugy  ft. Mamba Sounds - Ahoufe.mp3,"upbeat,happy, Afrobeats, male, collaboration"
dataset/Kohsea - Want You.mp3,"upbeat, romantic, pop, male, love"
dataset/Megan mafia - Effortless.MP3,"energetic, confident, hip hop, female, "
dataset/Kida Kudz - Bounce Ft Wiley.mp3,"energetic, upbeat, hip hop, male, collaboration, dance"
dataset/Skepta ft j hus - What do you mean.MP3,"energetic, hype, grime, rap, male, collaboration"
dataset/Magixx - All Over (radio edit).mp3,"upbeat, energetic, catchy, pop, dance, male, radio edit"
dataset/Barry jhay - Shako.MP3,"upbeat, energetic, Afrobeat, male, "
dataset/Vice and jason derulo ft ava max - Make up.MP3,"upbeat, lively, pop, mixed, collaboration"
dataset/Maroon 5 ft bantu - One light.MP3,"upbeat,happy, pop, mixed, collaboration"
dataset/Tha-Boy-Myles-Something-Special.mp3,"energetic,happy, hip hop, male, upbeat"
dataset/Summer walker ft usher - Come thru.MP3,"sensual, intimate, R&B, mixed, summer walker, usher, come thru"
dataset/Harmonize ft ruger - Single again remix.MP3,"excited, energetic, Afrobeats, male, collaboration, remix"
dataset/Eruchee - Bellefull.mp3,"upbeat,happy,energetic, pop, female, catchy"
dataset/Dj maphorisa ft 031choppa - Messiah.MP3,"energetic, uplifting, afrobeat, amapiano, male, collaboration"
dataset/Kabza-De-small-x-Dj-Maphorisa -Ft-ElaineRide-With-Me.mp3,"upbeat, energetic, amapiano, mixed, collaboration"
dataset/Fireboy dml - Someone.MP3,"romantic, soulful, Afrobeats, male, Nigerian"
dataset/Glorilla - Lick or sum.MP3,"upbeat, energetic, hip-hop, male, explicit"
dataset/Tiwa Savage - Without My Heart ft Don Jazzy.mp3,"romantic, heartfelt, Afrobeats, female, collaboration, love song"
dataset/Av - Jiggy.MP3,"upbeat, energetic, pop, male, Jiggy, Av"
dataset/Lyta - Worry.mp3,"melancholic, emotional, Afrobeats, male, Nigerian"
dataset/Olivetheboy - GOOD SIN REMIX FT OXLADE REEKADO KING PROMISE.mp3,"upbeat, happy, Afrobeat, male, remix, featuring"
dataset/Victony - Many Man (COLORS).mp3,"energetic,confident, hip hop, male, Nigerian"
dataset/Semi-Tee-Free-Your-Mind-ft-Chley-Tracey-Bongza.mp3,"upbeat,happy, amapiano, male, "
dataset/G2 amani - Energy.MP3,"energetic, powerful, hip hop, male, upbeat"
dataset/Dai_Verse -Your_Body_Cocaine.mp3,"energetic, sensual, hip hop, male, explicit"
dataset/WurlD - Chop & Pray.mp3,"soulful, reflective, Afrobeat, male, Nigerian"
dataset/Kekerenke Master 12 (1).mp3,"energetic, joyful, Afrobeat, male, danceable"
dataset/Teni - Shake am.MP3,"energetic,happy, Afrobeats, female, Nigerian"
"dataset/Semi Tee - Labantwana Ama Uber (Audio) ft. Miano, Kammu Dee.mp3","energetic, upbeat, amapiano, male, collaboration, popular"
dataset/Rita ora - New look.MP3,"energetic, upbeat, pop, female, summer, catchy"
dataset/Jidenna - Sufi woman.MP3,"upbeat, energetic, hip hop, male, catchy"
dataset/Don Novul - Show Love.mp3,"uplifting,happy, pop, male, love,positive"
dataset/RAGEE-OSHIMIRI-ft-Logos-Olori-Peruzzi.mp3,"energetic, upbeat, Afrobeats, mixed, collaboration"
dataset/Morrisson ft aitch - House and garage.MP3,"energetic,upbeat, house,garage, male, collaboration"
dataset/Masego - Queen tings (santi remix).MP3,"groovy, upbeat, R&B, Remix, Male, Santi"
dataset/Already.mp3,"upbeat,happy,energetic, pop, female, catchy"
dataset/Toby  shang idan - (Talk And Do).mp3,"upbeat,happy, Afrobeat, male, energetic"
dataset/BABYBOY AV - KUPE.mp3,"energetic, upbeat, Afrobeats, male, Nigerian music"
dataset/Rukmani ft duduboy - So fine.MP3,"upbeat,happy, afropop, female, collaboration"
dataset/If I Be You - Crayon.mp3,"melancholic, Afrobeat, male, upbeat"
dataset/King perry ft teni - Murder.MP3,"energetic, groovy, afrobeat, male, female, collaboration"
"dataset/M.i abaga ft runtown, phyno and stormrex - Bullion van.MP3","energetic, vibrant, hip hop, afrobeat, male, collaboration, Nigerian artists"
dataset/Tebza-Rsa-Mosadi-Original-ft-Jay-Eazzy-Carltronic-SA.mp3,"energetic,happy, afro house, male, South African music"
dataset/Rayvanny - WABABA.mp3,"upbeat,happy, bongo flava, male, Tanzanian"
dataset/Mr 2Kay - Sade.mp3,"romantic,sad, Afrobeat, male, "
dataset/Slyjay-iThemba-Lami-Ft-Nokwazi.mp3,"hopeful, uplifting, Afro House, female, collaboration, South African music"
dataset/Focalistic - Blecke (feat JazziDisciples)_(muzmo.pro).mp3,"energetic, upbeat, Amapiano, male, collaboration, South African music"
dataset/Wande Coal - Taboo.mp3,"sensual, passionate, Afrobeat, male, Nigerian"
dataset/O TI LO (Radio Edit) 808_Recordz_Ft_Dotman.mp3,"upbeat, energetic, Afrobeat, male, collaboration"
dataset/Black Sherif ft Empire RUN.mp3,"upbeat, energetic, hip hop, male, collaboration"
dataset/Burna Boy - Gbona.mp3,"upbeat, energetic, Afrobeat, male, Nigerian, dance"
dataset/D double e ft skepta - Don.MP3,"energetic, aggressive, grime, male, collaboration"
dataset/Sarz x Dr Alban - Hello Africa Riddim.mp3,"energetic, lively, Afrobeat, Dancehall, male, collaboration, international"
dataset/Idahams - Billion Dollar.mp3,"upbeat,happy, Afrobeat, male, Nigerian"
dataset/Ms banks - Bad b bop.MP3,"upbeat, confident, rap, female, empowering"
dataset/Basket Mouth - Dia Fada ft Sound Sultan  Item 7.mp3,"happy, upbeat, Afrobeats, male, collaboration, Nigerian music"
dataset/Davido Ft Musa Keys Unavailable.mp3,"energetic, uplifting, Afrobeat, male, collaboration"
dataset/L.a.x - Zaza.MP3,"upbeat, energetic, afrobeat, male, party"
dataset/Justin bieber - Anyone.MP3,"romantic, uplifting, pop, male, love, relationship"
dataset/Sarkodie Ft Ink_Boy One Million Cedis.mp3,"energetic, upbeat, hip-hop, male, collaboration"
dataset/KHAID FT BOYSPYCE- CARRY ME GO.mp3,"upbeat, lively, Afrobeat, male, collaboration, summer vibes"
dataset/Sean tizzle ft davido - Kpro kpro.MP3,"upbeat, Afrobeats, male, collaboration"
dataset/Yung l - Bam bam.MP3,"energetic, upbeat, Afrobeats, male, Nigerian"
dataset/Dr sid ft solidstar - Softly.MP3,"relaxed, romantic, Afrobeat, male, collaboration"
dataset/Young thug ft j cole and travis scott - The london.MP3,"energetic,leisurely, hip hop, mixed, collaboration"
"dataset/Dladla mshunqisi ft distruction boyz , dj tira - Pakisha.MP3","energetic, lively, gqom, dance, male, collaboration"
dataset/P-square - Jaiye (ihe geme).MP3,"energetic,happy, Afrobeat, male, Nigerian"
dataset/Nle choppa - Protect.MP3,"energetic, intense, rap, male, upbeat"
dataset/Ice Prince - In a Fix ft Mr Eazi.mp3,"upbeat, chill, afrobeat, male, collaboration"
dataset/Koffee - Lockdown.MP3,"upbeat,happy, reggae, female, "
dataset/Wani ft. buju - Times two (x2).MP3,"upbeat, energetic, Afrobeat, male, collaboration"
dataset/Crayon ft Yababul-CHOPLIFE.MP3,"energetic, happy, Afropop, male, collaboration"
dataset/Major_League_Djz_Abidoza_ft_Sars_Wurld_-_Trobul_Amapiano_Remix-amapianosa.com-.mp3,"energetic, vibrant, Amapiano, mixed, remix"
dataset/Gen Z Fuji Remix Ft Terry Apala.mp3,"upbeat,happy, afrobeat, male, remix,featured artist"
dataset/Stonebwoy - Gidigba (firm & strong).MP3,"firm, strong, Afrobeats, male, dancehall"
dataset/Paradise - Ed singer.MP3,"joyful, energetic, pop, male, upbeat, catchy"
dataset/Cavemen - Open your mind.MP3,"upbeat,happy, rock, male, "
dataset/Wizkid-2-Sugar-ft-Ayra-Starr.mp3,"upbeat, energetic, afrobeat, male, collaboration, hit song"
dataset/Johnny-Drille-Spending.mp3,"upbeat, lively, pop, male, piano"
dataset/Patoranking Ft Popcaan Tonight.mp3,"upbeat, energetic, dancehall, male, collaboration"
dataset/Zoro ft oxlade - African girl bad.MP3,"upbeat, romantic, Afrobeats, male, collaboration, love song"
dataset/Sarkodie Ft Black Sheriff Country Side.mp3,"upbeat, lively, hip hop, male, collaboration"
"dataset/Desto dubb ft lil pump, lil uzi vert, smokepurpp, - Bank teller.MP3","energetic,hype, hip hop, male, collaboration"
"dataset/El Mukuka, Y.LOH, Frigid Armadillo ft Mumba Yachi - Osanisiya.mp3","upbeat, happy, electronic, afro-house, mixed, collaboration"
dataset/Semi Tee - Labantwana Ama Uber (Edit)_(muzmo.pro).mp3,"upbeat, energetic, amapiano, male, South African, dance"
dataset/Black Sherif - Simmer Down.mp3,"melancholic, reflective, Afrobeats, male, upcoming artist"
dataset/Tiwa Savage - One.mp3,"upbeat, energetic, Afrobeats, female, dance"
dataset/Moonbwoi Epik - Joro.mp3,"upbeat, energetic, romantic, Afrobeats, male, Nigerian music"
dataset/Native sound system ft alpha p and lady donli - Pressure.MP3,"energetic, upbeat, lively, afrobeats, mixed, collaboration"
dataset/R2bees - Beautiful.MP3,"upbeat,happy, Afrobeat, male, Ghanaian"
dataset/Kojo funds ft raye - Check.MP3,"energetic, hip hop, mixed, collaboration"
dataset/Tolibian - Happy.mp3,"happy, pop, male, "
dataset/Nyengelezi-Yodumo-INDABA-ZABANTU.mp3,"energetic, upbeat, afro pop, male, dance"
dataset/Mix naija ft t classic - Hold on.MP3,"upbeat,happy, Afrobeats, male, collaboration"
dataset/Peruzzi x Davido - Sunshine.mp3,"happy, energetic, Afrobeat, male, collaboration"
dataset/Oyeh (Radio Edit) Idahams.mp3,"upbeat, energetic, Afrobeat, male, Nigerian music"
dataset/Yemi Alade - Sugar n Spice.mp3,"upbeat,happy, afrobeat, female, "
dataset/Korede Bello -Complete.mp3,"uplifting,happy,positive, Afropop, male, "
dataset/Polo g - Distraction.MP3,"melancholic, reflective, Hip-Hop, male, Chicago"
dataset/LuuDadeejay-Init.mp3,"upbeat,happy, afro-house, male, dance"
dataset/Kyle deutsch ft mnqobi yazo - Now that we are talking.MP3,"upbeat, energetic, Afro-pop, male, collaboration"
dataset/Zen univrse - No love.MP3,"calm, peaceful, serene, ambient, male, instrumental"
dataset/Omah Lay - Come Close.mp3,"upbeat, groovy, Afrobeats, male, catchy"
dataset/Dj tunez and wizkid - Cool me down.MP3,"upbeat,happy, afrobeat, male, collaboration,summer hit"
dataset/Sauti sol ft patoranking - Melanin.MP3,"upbeat, groovy, Afrobeat, male, collaboration"
dataset/Ice Prince - Tatabara ft Skales.mp3,"energetic,happy, afrobeat, male, collaboration"
dataset/Carly rae jepsen - Party for one.MP3,"energetic, catchy, pop, female, solo artist"
dataset/Phyno ft d smoke - I do this.MP3,"energetic, confident, hip-hop, male, collaboration, motivational"
dataset/Post malone ft young thug - Goodbyes.MP3,"melancholic, emotional, hip hop, rap, male, collaboration"
dataset/Asap rocky - Same problems.MP3,"upbeat, confident, hip hop, male, collaboration"
dataset/Rotimi ft nektunez - Make you say.MP3,"upbeat, energetic, Afrobeats, R&B, male, collaboration"
dataset/Iyanya - Plans.mp3,"upbeat, hopeful, Afrobeats, male, Nigerian"
dataset/SHOUSE  Love Tonight Edit.mp3,"joyful, energetic, upbeat, house, mixed, dance"
dataset/Laycon-Ze-Roberto.mp3,"upbeat,happy, Afrobeats, male, Nigerian"
dataset/Otega-Outside.mp3,"upbeat,happy,energetic, hip hop, male, urban"
dataset/Frankie - Prosper.MP3,"upbeat, energetic, pop, male, catchy"
dataset/Ed sheeran ft travis scott - Antisocial.MP3,"energetic, upbeat, pop, hip hop, mixed, collaboration"
dataset/Migos - Stir fry.MP3,"energetic, hip hop, male, vibes"
dataset/Lojay & sarz - Monalisa.MP3,"upbeat, romantic, afrobeat, male, "
dataset/Show Dem Camp - Popping Again Ft  Boj & Odunsi.mp3,"energetic, groovy, Afrobeat, mixed, collaboration"
dataset/Blaqbonez-NO-SLEEP-ft-Young-Jonn clean.mp3,"upbeat, energetic, hip hop, rap, male, collaboration, mainstream"
"dataset/Prinz, Rushawn, Jermaine Edwards - Beautiful Day (Thank You for Sunshine).mp3","happy, uplifting, reggae, mixed, gratitude"
dataset/Poco Lee ft HotKid Otilo Izz Gone Radio Edit Clean Version.mp3,"upbeat, energetic, Afrobeats, male, dance, radio edit, clean version"
dataset/Asake - Yoga.MP3,"upbeat,happy, Afrobeats, male, n/a"
"dataset/Tiwa savage ft wizkid , spellz - Ma lo.MP3","upbeat, romantic, Afrobeats, female, collaboration"
dataset/Timaya - Gra gra.MP3,"energetic, upbeat, Afrobeats, male, danceable"
dataset/Iyanya-Running-Ft-M3lon.mp3,"energetic, upbeat, Afrobeats, male, "
"dataset/Metro boomin ft wizkid, offset and j balvin - Only you.MP3","Energetic, Upbeat, Hip Hop, Reggaeton, Male, Collaboration"
dataset/Yemi Alade & Youssoupha - Hustler.mp3,"energetic, motivational, Afrobeats, female, collaboration, upbeat"
dataset/Show Dem Camp - Cool Me Down ft Fasina.mp3,"cool, chill, relaxed, hip hop, rap, male, collaboration"
dataset/Ice Prince - Trillions ft Phyno.mp3,"energetic, hype, hip-hop, male, collaboration"
dataset/Iyanya - Ekaette Ft  Tekno.mp3,"energetic, upbeat, afropop, male, collaboration, Nigerian artists"
dataset/Burna Boy - Higher.mp3,"uplifting, energetic, afrobeat, male, Nigeria"
dataset/Falz - Ello Bae.mp3,"upbeat,funny, Afrobeat, male, Nigerian"
dataset/NINIOLA - LEVEL.mp3,"energetic, uplifting, empowering, afrobeat, female, dance"
dataset/Boj ft wizkid and darkovibes - Awolowo.MP3,"energetic, afrobeat, male, collaboration"
dataset/MO'HITS ALL STARS - TEN TEN.mp3,"upbeat, lively, Afrobeat, mixed, collaboration, group"
dataset/Kizz Daniel - Nesesari Ft Philkeyz.mp3,"energetic, uplifting, Afrobeat, male, collaboration"
dataset/Naira Marley - Japa.mp3,"upbeat,dance, afrobeats, male, popular"
"dataset/Banx & ranx ,ella eyre ft yxng bane - Answerphone.MP3","energetic, upbeat, pop, electronic, mixed, collaboration"
"dataset/Tech n9ne, joey cool, king iso & dwayne johnson - Face off.MP3","energetic, intense, rap, hip hop, male, collaboration"
dataset/DJ-Stokie-Waze-wamuhle-ft-Ommit-MaWhoo-Oscar-MBO.mp3,"energetic, upbeat, house, mixed, collaboration, popular"
dataset/Nonso Amadi - Different Ft Majid Jordan.mp3,"chill, romantic, R&B, male, collaboration"
dataset/DJ Spinall - Serious ft Burna Boy.mp3,"energetic,upbeat, Afrobeat, male, "
dataset/Zlatan - That guy.MP3,"energetic, confident, hip hop, male, catchy"
"dataset/Rita ora ft cardi b,bebe rexha , charli xcx - Girls.MP3","upbeat, empowering, pop, female, collaboration"
dataset/Mr 2kay - Waterside Boy.mp3,"energetic, lively, Afrobeat, male, Nigerian"
dataset/Danny-S-Na-God.mp3,"upbeat,happy, afrobeat,gospel, male, Nigerian artist"
dataset/PEACE.mp3,"peaceful, calm, soothing, pop, female, acoustic"
dataset/Tekno - Sudden.MP3,"upbeat, energetic, Afrobeats, male, pop"
dataset/Creed Tha Kid - Drop That clean.mp3,"upbeat, energetic, lively, hip hop, male, clean version"
dataset/R3HAB x Mr Eazi x Wafia  I Wanna Run Away .mp3,"energetic, upbeat, EDM, mixed, collaboration"
dataset/Young thug ft gunna - Surf.MP3,"upbeat, energetic, hip hop, male, collaboration"
dataset/Korede bello - Mi casa su casa.MP3,"romantic, soothing, Afropop, male, "
dataset/BKAY YVNG PABLO radioedit.mp3,"energetic, uplifting, hip hop, male, "
dataset/Spyro ft Simi - Only fine Girl.mp3,"upbeat, romantic, Afrobeats, mixed, collaboration"
dataset/Adao - Arise.mp3,"uplifting, energizing, pop, male, motivational"
dataset/My Way - Hotkid.mp3,"energetic, upbeat, Afrobeats, male, Nigerian music"
dataset/BKAY! - Information.mp3,"energetic, upbeat, electronic, male, pop"
dataset/Mellow & sleazy  Zwonaka.mp3,"mellow, sleazy, unknown, unknown, unknown"
dataset/Bandros-Indlini-Irere-Ft-Smash-SA-Khanya-Greens-Smangi-Mingle.mp3,"upbeat,happy, afrobeat, mixed, collaboration, South African music"
dataset/T.i. ft teyana taylor - You.MP3,"upbeat, energetic, hip hop, male, female, collaboration"
"dataset/Major lazer ft beam , shensea - Tiny.MP3","energetic, upbeat, dancehall, reggae, mixed, collaboration"
dataset/Bola Moses - Wrong.mp3,"sad, melancholic, R&B, male, heartbreak, emotional"
dataset/Rexxie ft t classic - Keep your kpali.MP3,"energetic,dance, afrobeats, male, Nigerian music"
dataset/Zuchu - Chapati.mp3,"upbeat,happy, bongo, female, "
dataset/Yemi Alade - Single & Searching Ft  Falz.mp3,"upbeat, romantic, Afrobeat, female, "
dataset/Falz - Sweet Boy.mp3,"upbeat,happy, Afrobeat, male, fun, catchy"
dataset/Terry Apala - Champagne Shower.mp3,"energetic, lively, Afrobeat, male, upbeat"
dataset/Ototo (Radio Edit) Asake.mp3,"uplifting, energetic, Afrobeats, male, radio edit"
dataset/Black-Motion-Please-Stay-ft-Osaze-Bucie.mp3,"upbeat,happy, house, mixed, collaboration"
dataset/Lauv and troye sivan - I'm so tired.MP3,"chill,relaxed, pop, male, duet"
dataset/Mz Kiss -  Ife oni baje.mp3,"happy, energetic, Afrobeat, female, Nigerian"
dataset/Johnny Drille - Dear Future Wife.mp3,"romantic, love, Afropop, male, Nigerian"
dataset/Ice-Prince-Woke.mp3,"upbeat, energetic, hip hop, male, Nigerian"
dataset/Barry jhay - Ayewada.MP3,"upbeat,happy, Afrobeat, male, Nigerian"
dataset/Drake ft rick ross - Money in the grave.MP3,"energetic, rap, male, "
dataset/Yemi Alade - Vibe.mp3,"upbeat,happy, Afrobeat, female, dance"
dataset/Patoranking - Heal the world.MP3,"inspiring, uplifting, afrobeat, male, social message"
dataset/Konga ft slimcase and mr real - High tension.MP3,"energetic, lively, Afrobeat, male, collaboration"
dataset/DJ_Ngwazi_Ft_Master_KG_Nokwazi_Casswell_P_-_Ngisize_Nami.mp3,"energetic, upbeat, afro house, male, collaboration"
dataset/Alhamdulillah.mp3,"uplifting, spiritual, Islamic, male, praise, gratitude"
dataset/Kcee ft tekno - Boo.MP3,"happy, upbeat, afrobeat, male, collaboration"
dataset/Spiritual Gbedu (Radio Edit) Joeboy.mp3,"Spiritual, Upbeat, Afrobeats, Male, Radio Edit, Joeboy"
dataset/Yung6ix - Before I Go Broke ft Olamide.mp3,"energetic, upbeat, hip hop, male, collaboration"
dataset/Rod wave - Cold december.MP3,"sad, R&B, male, emotional, heartbreak"
dataset/Phyno - Zamo Zamo ft Wande Coal.mp3,"energetic,dance, Afrobeats, male, collaboration"
dataset/Teni - Lanke.MP3,"upbeat,happy, Afrobeats, female, Nigerian artist"
dataset/Ms banks ft k trap - Pull up.MP3,"energetic, upbeat, rap, hip hop, female, collaboration, UK music"
dataset/Burna boy ft byron messia - Talibans.MP3,"energetic, powerful, afrobeat, male, collaboration"
dataset/Wstrn & fireboy dml - Be my guest.MP3,"upbeat, romantic, Afrobeats, R&B, Mixed, collaboration"
dataset/Savage x Buju Confident dflamz radio .mp3,"confident, afrobeat, male, radio, dflamz"
dataset/Simi Logba Logba ( Radio Edit).mp3,"upbeat,happy, Afrobeats, female, radio edit"
dataset/Caltonic SA - Yelele_(muzmo.pro) (1).mp3,"energetic, upbeat, Amapiano, male, dance, party"
dataset/Dapo tuburna - Ajala.MP3,"upbeat, energetic, afrobeats, male, Nigerian artist"
dataset/Tjan - Omo Yi.mp3,"upbeat,happy, Afrobeat, male, Nigerian"
dataset/Lil uzi vert  ft nicki minaj - Endless fashion.MP3,"upbeat, energetic, rap, male, female, collaboration"
dataset/Sarz and wurld - Mad.MP3,"energetic,dance, afrobeats, male, collaboration"
dataset/Naira Marley - Koleyewon.mp3,"upbeat,dance, Afrobeats, male, Nigerian"
dataset/Davido ft chris brown - Blow my mind.MP3,"upbeat, energetic, Afrobeats, male, "
dataset/Preyé - Cotton Candy.mp3,"upbeat,happy, pop, female, catchy"
dataset/Trey songz ft summer walker - Back home.MP3,"soulful, romantic, R&B, male, collaboration"
dataset/Dangbana republik and bella shmurda - Far away.MP3,"upbeat, energetic, afrobeat, male, collaboration"
dataset/Reekado banks - Blessings on me.MP3,"uplifting,hopeful, Afrobeats, male, Nigerian"
dataset/Apple of Me Eye Radio (Radio Edit).mp3,"upbeat,happy, soca, male, radio edit"
dataset/Summer walker & sza - No love.MP3,"chill, soulful, R&B, female, "
dataset/Yemi alade - Oga.MP3,"upbeat,happy, afrobeat, female, Nigerian"
dataset/Eye Clear - Victor AD.mp3,"uplifting, motivational, Afrobeat, male, Nigerian"
"dataset/Olamide Ft Pheelz , Young Jonn, Lil Kesh - Synchro System.mp3","energetic, upbeat, Afrobeats, male, collaboration"
dataset/Black Sherif  Kwaku the Traveller DFLAMZ RADIO .mp3,"upbeat, energetic, afrobeat, male, radio, travel, Black Sherif, Kwaku the Traveller, DFLAMZ"
dataset/Shaye (Radio Edit) Magixx.mp3,"uplifting,happy, dance, female, radio edit"
dataset/Odunsi ft wani - Better days.MP3,"uplifting,hopeful, afrobeat, male, collaboration"
dataset/STYL PLUS - FOUR YEARS WAKA.mp3,"emotional, reflective, R&B, male, "
dataset/Guiltybeatz ft many artists - Condom collector.MP3,"energetic, upbeat, afrobeat, mixed, collaboration"
dataset/Darey ft teni - Show me love.MP3,"romantic, uplifting, Afrobeats, male, female, collaboration"
dataset/P square ft rick ross - Beautiful onyiyechi (remix).MP3,"energetic, upbeat, afrobeat, hip hop, mixed, collaboration, remix"
dataset/Skales - Heading For a Grammy.mp3,"uplifting, energetic, afrobeat, male, aspiring"
dataset/Wande Coal - Let Them Know.mp3,"upbeat,happy, Afrobeat, male, catchy"
dataset/Berri-Tiga-Bye-Bye.mp3,"energetic, upbeat, pop, female, catchy"
dataset/Roddy ricch ft mustard - High fashion.MP3,"upbeat, energetic, Hip-hop, Male, collaboration"
dataset/Eri Ife - Naughty Girl.mp3,"sensual, groovy, afrobeat, afropop, male, "
dataset/Zinoleesky - Gone far.MP3,"upbeat,happy, Afrobeats, male, "
dataset/DJ JACE X AK SMUTH - TEQUILA …..!.mp3,"energetic,happy,upbeat, EDM, male, collaboration"
dataset/Tekno - Puttin.mp3,"energetic,happy, Afrobeat, male, danceable"
dataset/Burna Boy - Killin- Dem (DysleX Remix).mp3,"energetic, upbeat, afrobeat, dancehall, male, remix"
dataset/Rayvanny “Zazazela.mp3,"energetic, upbeat, Bongo Flava, Male, Tanzanian, Afrobeats"
dataset/Sia ft burna boy - Hey boy.MP3,"upbeat, energetic, pop, afrobeat, female, male, collaboration, dance"
dataset/DJ NEPTUNE FT RUGER -- BIENVENUE.mp3,"upbeat, energetic, catchy, Afrobeat, male, collaboration"
dataset/Joeboy - Likkle riddim.MP3,"upbeat,happy, Afrobeats, male, "
dataset/Bad boy timz - Iz going.MP3,"upbeat, energetic, Afrobeat, male, summer vibes"
dataset/Simi - Love Don't Care.mp3,"love,sad, Afrobeat, female, heartbreak"
dataset/Bad Boy Timz - MJ Remix ft Mayorkun.mp3,"upbeat, energetic, Afrobeats, male, remix, collaboration"
dataset/Chris brown ft gunna - Heat.MP3,"upbeat, energetic, R&B, male, collaboration"
"dataset/Lulu, Mathumela Band - Udzindimvera.mp3","upbeat,happy,energetic, afro-pop, female, African"
dataset/Mr Drew - Sneaky.mp3,"upbeat,happy, Afrobeats, male, dance"
dataset/Mr Seed - Single Again.mp3,"upbeat,happy, afrobeat, male, "
dataset/Dr sid ft seyi shay - Deep down.MP3,"romantic, emotional, afropop, mixed, collaboration, love"
dataset/Mr 2Kay - Bad Girl Special ft Patoranking.mp3,"sensual, romantic, afrobeat, male, featured artist: Patoranking"
dataset/Russ - Easy.MP3,"chill, laid-back, hip hop, rap, male, "
dataset/GospelOnDeBeatz - Blessings ft Peruzzi Praiz Kholi & Alternate Sound.mp3,"uplifting, joyful, Afrobeats, mixed, collaboration, live band"
dataset/Summer walker and partynextdoor - My affection.MP3,"chill, romantic, R&B, female, collaboration"
dataset/Mellow ft-Sleazy-TmanXpress-Blacko-SA-DJ-Njabsta -Vin-Diesel.mp3,"mellow, house, male, collaboration, vocals"
dataset/Trio Mio - Kontrola.mp3,"energetic, upbeat, hip-hop, male, Kenyan artist, popular"
dataset/Sound sultan - Jungle.MP3,"energetic,happy, Afrobeats, male, Nigerian"
dataset/Russ ft ed sheeran - Are you entertained.MP3,"energetic, lively, pop, rap, male, collaboration"
dataset/KING PROMISE - NAANA.mp3,"upbeat, energetic, Afrobeats, male, Ghanaian"
dataset/LadiPoe - Yoruba Samurai ft Joeboy.mp3,"upbeat,happy, Afrobeats, male, collaboration"
dataset/Alessia cara - Trust my lonely.MP3,"lonely, pop, female, "
dataset/Lady donli - Dragon fruit freestyle.MP3,"upbeat, energetic, Hip Hop, female, freestyle"
dataset/Dj neptune ft kizz daniel - Wait.MP3,"upbeat,happy, Afrobeat, male, collaboration"
dataset/Dj neptune ft wande coal - Music messiah.MP3,"upbeat, energetic, Afrobeats, male, collaboration"
dataset/Simi ft fave - Loyal.MP3,"upbeat, love, afrobeat, female, collaboration"
dataset/Lil kesh - Good bad boy.MP3,"Upbeat, Playful, Afrobeats, Male, Nigerian, Party"
dataset/Sound sultan ft duktor sett - Fayaa fayaa.MP3,"energetic, uplifting, afrobeats, male, collaboration"
dataset/Mohbad - Ronaldo.mp3,"energetic,hype, Afrobeats, male, Nigerian"
dataset/Hypertension (Radio Edit) Peruzzi.mp3,"upbeat, Afrobeat, male, Nigerian"
dataset/EG ROYCE-ORORO .mp3,"energetic, lively, afrobeats, male, uptempo"
dataset/Tchella - One and only.MP3,"happy, energetic, pop, female, love, relationship"
"dataset/Sarz, gimba and millymay_pod ft fxrtune - Jam one kele.MP3","upbeat, energetic, Afrobeats, mixed, collaboration, Nigerian music"
dataset/BNXN Buju Ft Ruger - Romeo  Must Die.mp3,"romantic, emotional, afrobeats, male, collaboration"
dataset/De dynamic - At the top .mp3,"energetic, upbeat, pop, male, dynamic"
"dataset/Major league djz, abidoza ft various artists - Le plane e landile.MP3","festive, energetic, Amapiano, Male, collaboration, catchy"
"dataset/Sol Phenduka - iJager (feat. Murumba Pitch, Marsey, Fab G & Omit ST).mp3","upbeat, energetic, hip hop, mixed, collaboration"
dataset/Crazy Baby Produções -   Granadas.mp3,"energetic, lively, funk, male, Portuguese"
dataset/Candy Bleakz - Wale.mp3,"energetic, upbeat, Afrobeat, female, Nigerian, hip hop"
dataset/Flavour - My sweetie.MP3,"happy, romantic, Afropop, male, love song"
dataset/Afro b ft t-pain - Condo.MP3,"upbeat, energetic, Afrobeat, male, collaboration"
dataset/Magixx-Okay.mp3,"happy, upbeat, pop, male, catchy"
dataset/Majeeed - California.mp3,"upbeat, energetic, pop, male, summer vibes"
dataset/Johnny Drille - Papa.mp3,"nostalgic, emotional, African Folk, male, heartfelt, soulful"
dataset/BOY-PEE x HYCE x BROWN-JOEL Feat DAVIDO - OGECHI-RMX.mp3,"energetic, upbeat, Afrobeats, male, collaboration, remix"
dataset/Rexxie_Naira_Marley_Skiibii - Abracadabra.mp3,"energetic, upbeat, Afrobeats, male, collaboration"
dataset/Lifesize-Teddy-Addicted-Ft-Magixx.mp3,"upbeat, energetic, catchy, pop, electronic, female, collaboration"
dataset/Ycee & Bella - Tropicana Fruit Juice.mp3,"upbeat,happy, Afrobeat, mixed, collaboration"
dataset/Sfarzo-Rtee-Stellenbosch-ft-Mick-Man.mp3,"energetic, upbeat, afro-house, mixed, collaboration"
dataset/Morgan page - Let you go.MP3,"upbeat, energetic, electronic, male, EDM"
dataset/Modupe (Radio Edit) BNXN_ft_Olamide.mp3,"upbeat, energetic, lively, Afrobeat, male, collaboration, radio edit"
dataset/Kizz daniel ft becky g - Cough remix.MP3,"upbeat, energetic, afrobeat, pop, mixed, collaboration, remix"
dataset/Wande Coal - Naughty Girl.mp3,"sensual, upbeat, Afrobeats, male, "
dataset/Bayanni - Family.MP3,"happy, uplifting, Afrobeat, male, family, love"
dataset/Krizbeatz ft sean tizzle & ceeboi - Level.MP3,"energetic, upbeat, Afrobeats, male, collaboration, dance"
dataset/Bad boy timz - Move.MP3,"energetic, afrobeat, male, "
dataset/Phyno - Do I.mp3,"upbeat, energetic, Afrobeats, male, Nigerian, rap"
dataset/Mr Fynest Ft Lade x JayWillz  Race.mp3,"energetic, upbeat, Afrobeats, mixed, collaboration"
dataset/Vibez-Inc-Wells-Fargo-ft-Tml-Vibez.mp3,"energetic, upbeat, hip hop, male, "
dataset/Zlatan - My life.MP3,"energetic, confident, hip-hop, male, upbeat"
dataset/King promise ft shatta wale - Alright.MP3,"upbeat,happy, Afrobeat, male, collaboration"
dataset/Koffee - Pull up.MP3,"upbeat,happy, reggae, female, "
dataset/Kizz-Daniel-Complicated-ft-Jahmiel-Nomcebo-Zikode-Not3s.mp3,"upbeat,happy, Afrobeats, mixed, collaboration"
dataset/May-D  ft Chinko Ekun - Rock Your Body.mp3,"energetic, lively, afrobeat, male, collaboration"
dataset/Kizz-Daniel-Easy-To-Love-ft-Chike.mp3,"romantic, feel-good, Afrobeat, male, collaboration"
dataset/Victor AD - Wet ft  Peruzzi.mp3,"upbeat, lively, Afrobeats, male, collaboration, Nigerian artists"
dataset/Aramide-Waiting.mp3,"soulful,romantic, Afropop, female, Nigerian"
dataset/Seyi Vibez Psalm 23.mp3,"uplifting, soothing, Afrobeats, male, Nigerian"
dataset/Iyanya-Catching-Cold-ft-Soundz.mp3,"upbeat, energetic, Afrobeats, male, collaboration, Nigerian artist"
dataset/Ruby gyang - Har abada.MP3,"melancholic, reflective, Afro-pop, female, love song, Nigerian"
dataset/Vybz Kartel  Likkle Bit So Clean Version.mp3,"upbeat,danceable, dancehall, male, "
dataset/Wizkid - Everyday.mp3,"upbeat,happy, afrobeat, male, popular"
dataset/Burna Boy  Solid feat Blxst  Kehlani.mp3,"upbeat, energetic, Afrobeat, R&B, male, collaboration"
dataset/Korede Bello - My People ft Lil Kesh.mp3,"upbeat,happy, Afrobeat, male, collaboration, Nigerian music"
dataset/Kcee and skiibii - Dum dum.MP3,"upbeat, lively, Afrobeats, male, collaboration"
dataset/Fireboy-DML-YAWA.mp3,"upbeat, lively, romantic, afropop, male, Nigerian, popular"
dataset/Lokshin-Musiq-Van-Theke.mp3,"uplifting, energetic, house, afro house, male, instrumental"
dataset/Bella shmurda ft nasty c - Philo (remix).MP3,"upbeat, energetic, Afrobeats, male, remix, collaboration"
dataset/Jake miller - Wait for you.MP3,"romantic, pop, male, heartfelt"
dataset/The Chainsmokers  High Clean Version.mp3,"high energy, upbeat, electronic, mixed, pop"
dataset/ISTAR - BEND .mp3,"energetic, powerful, hip-hop, male, featured artist: BEND"
dataset/Caltonic_SA_-_Inhliziyo_Yam_(Afrobeat.Co.Za).mp3,"upbeat, energetic, lively, Afrobeat, male, South African music"
"dataset/Jax jones, martin solveig and madison beer - All day and night.MP3","energetic, upbeat, electronic, mixed, collaboration"
dataset/Patoranking ft popcaan - Tonight.MP3,"upbeat, energetic, reggae, dancehall, male, collaboration"
dataset/Tekno - Kata.mp3,"energetic, upbeat, Afrobeats, male, dance"
dataset/Tension - Tiphe.mp3,"tense, suspenseful, electronic, male, instrumental"
dataset/-Ric-Hassani-Ayiba.mp3,"happy, upbeat, Afrobeat, male, love song"
dataset/Starboy ft wizkid and blaq jerzee - Thankful.MP3,"upbeat, thankful, Afrobeats, male, collaboration"
dataset/Koffee - Burning.MP3,"upbeat, energetic, empowering, reggae, female, Jamaican"
dataset/Mistaken .mp3,"melancholic, reflective, pop, female, heartbreak, introspective"
dataset/Teni and dj neptune - Lockdown.MP3,"upbeat, energetic, Afrobeat, female, collaboration"
dataset/BERRI-TIGA --God.mp3,"energetic, uplifting, pop, electronic, female, dance"
dataset/Wizkid - Deep.mp3,"relaxing, introspective, afrobeat, male, chill"
dataset/RUNDA-Damaged-Ft-Dai-Verse.mp3,"upbeat, energetic, hip hop, mixed, "
dataset/Akwaboah-Password.mp3,"upbeat, love, afrobeats, male, Ghanaian"
dataset/King promise ft young john - Terminator remix.MP3,"energetic, lively, Afrobeats, male, collaboration, remix"
dataset/Idahams ft ajebo hustlers - Bad girl.MP3,"energetic, fun, Afrobeats, male, collaboration, Nigerian artists"
"dataset/Musa Keys & Konke feat Chley, Nkulee501 & Skroef28  - Kancane.mp3","upbeat, groovy, amapiano, mixed, collaboration"
dataset/Lil nas x - Sun goes down.MP3,"nostalgic, hopeful, pop, rap, male, Lil Nas X"
dataset/Jaywillz - Wishlist.MP3,"upbeat, energetic, afropop, male, Nigerian"
dataset/1DABANTON - Nibolowa.mp3,"upbeat,happy, afrobeats, male, dance"
dataset/Tinashe - L-o-v-e.MP3,"upbeat, romantic, R&B, female, love, catchy"
dataset/Phyno ft Burna Boy - Do I (Remix).mp3,"upbeat, energetic, Afrobeats, Hip hop, male, collaboration"
dataset/Ciara ft chris brown - How we roll.MP3,"upbeat, R&B, mixed, collaboration"
dataset/Harrysong ft rudeboy - Kona.MP3,"upbeat, Afrobeat, male, collaboration"
dataset/Zlatan - Zanku (LegWork).mp3,"energetic,happy, afrobeats, male, dance"
dataset/Stonebwoy - Body.mp3,"energetic, upbeat, dancehall, male, catchy"
dataset/Victony ft babyboy av - Jaga jaga.MP3,"energetic, confident, hip hop, male, collaboration"
dataset/Dremo - Chairman(Remix) Ft Zlatan.mp3,"energetic, lively, Afrobeat, male, remix, collaboration"
dataset/Thulasizwe ft dj sk - Amantombazane.MP3,"upbeat,happy, afro-house, male, collaboration"
dataset/Ekelebe (feat. ODUMODUBLVCK) - Stonebwoy.mp3,"upbeat, energetic, dance, Afrobeat, Dancehall, male, featuring, collaboration, African music"
dataset/Nadia nakai - Money bag.MP3,"energetic, confident, hip hop, female, "
dataset/TENI FT ODUMODUBLVCK - DEVIL DANCE.mp3,"energetic, upbeat, Afrobeats, female, collaboration"
dataset/Tekno - Rara.mp3,"upbeat,happy, afrobeat, male, Nigerian, dance"
dataset/Yinxdjinx - Swagada.MP3,"energetic, upbeat, pop, EDM, female, catchy, danceable"
dataset/Timi-Dakolo-Omo-Ayo.mp3,"joyful,happy,uplifting, Afrobeat,Soul, male, Nigerian,Pop"
dataset/Patoranking - No Kissing Baby ft  Sarkodie.mp3,"energetic, upbeat, Afrobeat, male, collaboration"
dataset/Black Sherif  Westeman Radio Edit Clean Version.mp3,"energetic, uplifting, Afrobeats, male, clean version, radio edit"
dataset/Jaywillz - Till dawn.MP3,"romantic, energetic, Afrobeat, male, party"
dataset/DJ Spinall Ft Amaarae  Bow Down (Radio Edit) Clean version.mp3,"upbeat, energetic, Afrobeats, mixed, featuring, radio edit, clean version"
dataset/Shatta Wale - Who Say.mp3,"energetic, confident, dancehall, male, upbeat"
dataset/Mankay & Choco Dynasty - Ghost ft. Jayden Lanii & Malume Spura.mp3,"energetic, mysterious, hip hop, multiple, collaboration"
dataset/Tones and i - Dance monkey.MP3,"upbeat,happy, pop, female, "
dataset/Dj Bobbi - Red Alert  Ft  Nyanda ( Brick & Lace).mp3,"energetic, upbeat, dancehall, pop, mixed, collaboration"
dataset/Joeboy Ft Kemena - The Best For You.mp3,"romantic, upbeat, Afrobeats, male, collaboration"
dataset/Penny-Penny-Sesi-Va-Rosie-Remake.mp3,"upbeat,happy, pop, male, remake"
dataset/Wizkid ft tay iywar and projexx - True love.MP3,"upbeat, love, afrobeats, male, collaboration"
dataset/Yung6ix - No Favours Ft  Dice Ailes & Mr  Jollof.mp3,"energetic, upbeat, rap, hip-hop, male, collaboration"
dataset/Hotyce - We don't do that over here.MP3,"energetic, hip hop, male, upbeat, rap"
dataset/11 Whats That II (feat. Nasty C)_Master 1a [Clean].mp3,"energetic, upbeat, hip hop, male, featuring Nasty C, clean version"
dataset/If You Don’t Mind Fiokee.mp3,"happy, upbeat, Afrobeat, Male, guitar"
dataset/Tekno - Maria ft Selebobo.mp3,"upbeat,happy, Afrobeats, male, collaboration"
dataset/Victony ft Shorae Moore - Oshaprapra.mp3,"energetic, upbeat, Afrobeats, mixed, collaboration"
dataset/MAKE SENSE Master 3.mp3,"upbeat,happy, pop, male, catchy"
dataset/Steady (Radio Edit) Trod ft Sossick.mp3,"upbeat, energetic, Afrobeats, male, collaboration, radio edit"
dataset/Lyta - This side.MP3,"upbeat, positive, Afropop, male, Nigerian"
dataset/Mabel - Let Love Go feat Lil Tecca.mp3,"upbeat, romantic, pop, female, collaboration"
dataset/Beyonce - Spirit (from disney's the lion king).MP3,"inspirational, powerful, pop, soundtrack, female, Disney, Lion King"
dataset/M.anifest ft burna boy - Tomorrow.MP3,"upbeat, energetic, Afrobeats, male, collaboration"
dataset/Alternate-Sound-Spending-ft.-Okiemute dflamz radio .mp3,"upbeat, energetic, lively, Afrobeat, female, collaboration, radio"
dataset/Mr p - Ebeano internationally.MP3,"energetic, upbeat, afrobeat, male, party, dance"
dataset/Kaybl3ss - K Walk.mp3,"energetic, upbeat, hip hop, male, urban"
dataset/Mbosso Ft-Ya-Levis -Wayo.mp3,"energetic,happy, bongo, male, collaboration"
dataset/Omah lay - Godly.MP3,"upbeat, positive, afrobeats, male, Nigerian"
dataset/Internet money ft youngboy never broke again - Flossin.MP3,"energetic, upbeat, hip-hop, rap, male, collaboration"
dataset/Ceeza Milli - Paper Ft Sammie Cash.mp3,"upbeat, energetic, Afrobeats, male, collaboration"
dataset/Johnny-Drille-Believe-Me.mp3,"hopeful, inspirational, pop, male, acoustic"
dataset/Kanye West  XXXTENTACION TRUE LOVE Clean.mp3,"energetic, emotional, hip hop, male, collaboration, clean version"
dataset/Adekunle gold - All my life.MP3,"joyful, romantic, Afrobeat, Male, Nigerian"
dataset/Chinko ekun - Able god.MP3,"upbeat, energetic, afrobeats, male, danceable"
dataset/Maroon 5 - Three little birds.MP3,"cheerful,happy,upbeat, pop, mixed, cover"
dataset/Kizz Daniel - Showa.mp3,"upbeat,happy, Afrobeat, male, "
dataset/Martin garrix ft bonn - Home.MP3,"energetic,happy, electronic, male, collaboration,uplifting"
dataset/Kizz daniel - Flex.MP3,"upbeat, energetic, Afrobeat, male, dance"
dataset/Chris brown - Undecided.MP3,"romantic, upbeat, R&B, male, pop"
dataset/Shoday Ft Bella shurmda  - Billi .mp3,"energetic, upbeat, Afrobeat, mixed, collaboration"
dataset/Yemi Alade - Go Down.mp3,"energetic, upbeat, Afropop, female, dance"
dataset/Naira marley ft ms banks - Anywhere.MP3,"upbeat, energetic, Afrobeats, male, collaboration"
dataset/Loski and stormzy - Flavour.MP3,"Energetic, Confident, Hip Hop, Male, Collaboration"
dataset/Toby shang Divine mixed and mastered .mp3,"uplifting, spiritual, gospel, male, mixed, mastered"
dataset/Terry Apala - Mo Popular.mp3,"upbeat, energetic, Afrobeat, male, popular"
dataset/YUNGBLUD feat Bnxn Movin' On Up.mp3,"energetic, powerful, rock, male, collaboration"
dataset/TI_Blaze_Ft_Camidoh_-_Fire_Down.mp3,"energetic, upbeat, Afrobeat, male, collaboration"
dataset/Omawumi - Without you.MP3,"romantic, love, Afrobeat, female, Nigerian"
dataset/Krishane X Smash  Lockdown dflamz radio .mp3,"energetic, upbeat, dancehall, reggae, male, lockdown, radio"
dataset/Major League DJz - Ungalahleki_(muzmo.pro).mp3,"upbeat, energetic, Amapiano, male, "
dataset/Wizkid - Dirty Whine Ft  Ty Dolla $ign.mp3,"energetic, upbeat, Afrobeat, R&B, male, collaboration, party"
dataset/Olamide - Dance with the devil.MP3,"upbeat, energetic, Afrobeats, male, Nigerian artist, danceable"
dataset/Modenine ft silver saddih - Haka te ke ( that's how it is).MP3,"upbeat, hip hop, male, collaboration"
dataset/Dababy - Masterpiece.MP3,"energetic, uplifting, hip hop, male, rap"
"dataset/Basketmouth ft jonny drille , simi and m.i abaga - Love and life.MP3","romantic, hopeful, Afrobeat, Hip hop, Multiple, collaboration"
dataset/BNXN fka Buju - Loose Emotions.mp3,"emotional, hip hop, male, BNXN, fka Buju"
dataset/Patoranking Lenge Lenge.mp3,"upbeat, energetic, happy, afrobeat, male, danceable"
dataset/SPYRO - ONLY FINE GIRL.mp3,"upbeat, afrobeats, male, danceable"
dataset/Blaqbonez Young Preacher Radio Edit Clean Version.mp3,"upbeat, energetic, hip hop, male, clean version, radio edit"
dataset/Gyakie ft-JBEE-Song-Bird -SCAR.mp3,"upbeat, energetic, Afrobeat, female, collaboration, bird sounds"
dataset/Shallipopi - ASAP.mp3,"energetic,happy,upbeat, pop, female, dance"
dataset/Illbliss ft phyno - Upper iweka.MP3,"energetic, lively, Afrobeat, male, collaboration"
dataset/Meghan trainor - Can't dance.MP3,"upbeat, dance, pop, female, catchy"
dataset/D’incredible Dj - djpiano .mp3,"energetic, happy, afrobeat, male, dj"
dataset/Shoday-Girls-Hostel.mp3,"energetic, upbeat, lively, pop, dance, female, college vibes"
dataset/Runtown - Dangerous Hearts.mp3,"upbeat,happy, Afrobeats, male, love"
dataset/Tyler ICU - Manzi Nte (feat. Masterpiece YVK_ Ceeka RSA_ M.J_ Silas Africa & Alxapo).mp3,"upbeat, energetic, Amapiano, male, collaboration, South African music"
dataset/Richkid - Bhad boy from america.MP3,"excited, rebellious, hip-hop, male, American, rich"
"dataset/Iqolo Lam (feat. Mellow & Sleazy, SjavasDaDeejay, TitoM & LK Deepstix).mp3","energetic,upbeat, Amapiano, mixed, collaboration"
dataset/Adekunle gold - To my own.MP3,"sentimental, hopeful, Afrobeat, male, love, dedication"
dataset/Larry gaaga ft joeboy - Slow burner.MP3,"romantic, soothing, Afrobeats, male, collaboration"
dataset/Armin van buuren ft james newman - Therapy.MP3,"calm, uplifting, trance, male, collaboration"
dataset/Sampha the great ft whosane - Heaven.MP3,"soulful, uplifting, R&B, male, collaboration"
dataset/Boj-2-Bad.mp3,"energetic,happy,upbeat, Afrobeats, male, danceable,party"
dataset/Seyi Shay - Pempe Ft Yemi Alade.mp3,"energetic, upbeat, Afrobeat, female, collaboration"
"dataset/Dj  khalid ft bryson tiller, lil baby, roddy richh - Body in motion.MP3","energetic, upbeat, hip hop, rap, male, collaboration, popular"
dataset/Jax jones & fireboy dml - Me & my guitar.MP3,"upbeat, energetic, pop, mixed, collaboration, dance"
dataset/Niniola ft femi kuti - Fantasy.MP3,"upbeat, afrobeat, female, collaboration"
dataset/Chyn ft ladipoe - Maybe.MP3,"upbeat,romantic, afrobeat, mixed, "
dataset/Ajebutter22 ft mayorkun - Ginger.MP3,"upbeat,happy, Afrobeats, Male, collaboration"
"dataset/Major Keys, Tyler ICU & Khalil Harrison - Forever Yena (Vocal Remix).mp3","uplifting, energetic, afro house, mixed, remix"
dataset/Falz - Ice Cream ft Bnxn.mp3,"upbeat,happy, Afrobeats, male, collaboration"
dataset/Simi-Lost-and-Found.mp3,"emotional, reflective, R&B, female, piano, soulful"
dataset/Muyeez-Emo-Remix-Ft-Seyi-Vibez.mp3,"Emo, Remix, Male, Featuring"
dataset/Iggy azalea - Savior.MP3,"upbeat, empowering, pop, hip-hop, female, catchy"
dataset/Simi - Ayo.MP3,"happy, uplifting, Afrobeat, female, Nigerian"
"dataset/Donae'o ft kyze, k trap and ld - Back down.MP3","energetic, aggressive, hip hop, male, "
dataset/Wande Coal - That's wots up.mp3,"upbeat, Afrobeat, male, Nigerian"
dataset/VANILLA FT MR DREW - How It Feels.mp3,"upbeat, happy, energetic, Afrobeats, mixed, collaboration"
dataset/Waje - Na The Way (Remix) ft Sarkodie.mp3,"uplifting, energetic, Afrobeats, female, collaboration, remix"
dataset/Bnxn-Sweet-Tea-Aduke.mp3,"happy, upbeat, pop, male, summer vibes"
dataset/Vibez-Inc-Gatti-Ft-Seyi-Vibez-Dwillsharmony.mp3,"upbeat, energetic, Afrobeats, male, collaboration"
dataset/Fitzy West - My Vibe.mp3,"upbeat,happy, pop, female, empowering"
"dataset/I Do - Goya Menor, Magnito.mp3","upbeat, energetic, Afrobeat, male, collaboration"
dataset/FADING FLOWER.mp3,"sad, melancholic, pop, female, piano, emotional"
dataset/Oladips-Right-Path-ft-Tekunbi.mp3,"upbeat, energetic, Afrobeats, male, collaboration"
dataset/Harmonize - Single again.MP3,"melancholic, reflective, Afrobeat, male, heartbreak"
dataset/Dj neptune ft spyro - Count your blessings.MP3,"upbeat, inspiring, afrobeats, male, collaboration, gratitude, motivational"
dataset/KOREDE-BELLO-BELLA .mp3,"romantic, soothing, Afropop, male, Nigerian"
dataset/Ajebo Hustlers - Barawo.mp3,"energetic, powerful, Afrobeat, male, protest, social commentary"
dataset/Young jonn - Incase.MP3,"upbeat, energetic, afrobeat, male, "
dataset/Libianca - Jah.MP3,"upbeat,happy, reggae, male, lyrical,energetic"
dataset/Cyllabus-Blessed-ft-Bella-Shmurda.mp3,"upbeat, energetic, afrobeat, male, collaboration"
dataset/Cheque Ft-Phyno - Glory-Days.mp3,"energetic,upbeat, Afrobeats, male, collaboration"
dataset/Dunnie ft oxlade - Overdose (remix).MP3,"upbeat, energetic, Afrobeat, mixed, remix"
dataset/Future - Take you back.MP3,"nostalgic, hopeful, R&B, male, romantic, emotional"
dataset/Sarz - Good Morning Riddim.mp3,"upbeat, energetic, Afrobeat, male, instrumental"
dataset/KCee-Big-Fish.mp3,"upbeat,happy, afrobeat, male, "
dataset/Phyno -  Do I.mp3,"introspective, reflective, hip-hop, male, Nigerian"
dataset/Blaqbonez Commander ( Radio Edit).mp3,"energetic, motivating, powerful, hip hop, rap, male, N/A"
dataset/AYRA STARR - SABILITY [RADIO EDIT].mp3,"upbeat,happy, pop, female, radio edit"
dataset/Teni - Askamaya.mp3,"joyful, energetic, Afrobeat, female, Nigerian"
dataset/Asake - Mr Money (Remx) ft Zlatan & Peruzzi.mp3,"energetic, upbeat, Afrobeats, male, collaboration"
dataset/T- Classic - La Cream.mp3,"upbeat,happy,energetic, Afrobeat, male, "
dataset/Justin bieber ft kehlani - Get me.MP3,"upbeat, sensual, pop, R&B, mixed, collaboration, mainstream"
dataset/Black Sherif The Homeless Song Radio Edit Clean Version.mp3,"sad, emotional, hip hop, male, clean version, radio edit"
dataset/Skye_Wanda_Harrison_Crump_-_Measure_Of_Love.mp3,"soulful, romantic, R&B, Soul, female, collaboration"
dataset/Victor AD - Left Pocket.mp3,"upbeat,happy, Afrobeat, male, Nigerian"
dataset/SHEGE PRETTY BOY.mp3,"energetic,happy, afrobeats, male, Nigerian"
dataset/Kranium - Wi deh yah.MP3,"upbeat, happy, reggae, male, Jamaican"
dataset/YKB Ft King Promise - This Must Be Love.mp3,"romantic, happy, afrobeats, male, collaboration, love song"
dataset/DJ Bobbi - Have Some Fun ft Mr 2kay.mp3,"fun, Afrobeat, mixed, collaboration"
dataset/DJ-Stoks-Siyavela-ft-Mkeyz-Mel-Muziq-(JustNaija.com).mp3,"upbeat,dance, amapiano, male, collaboration"
dataset/Burna-Boy-On-The-Low.mp3,"chill, relaxed, romantic, Afrobeat, male, popular"
dataset/Kizz daniel ft wizkid - For you.MP3,"upbeat, romantic, Afrobeats, male, collaboration"
dataset/Ice Prince - Excellency.mp3,"upbeat,happy, Afrobeat, male, Nigerian"
dataset/Crayon - Mo bad.MP3,"fun, upbeat, afrobeat, male, Nigerian"
dataset/Kaleido-Uyohlal-Ukhona-ft-Springle-T-T-MuziQ-McGee-Keys.mp3,"upbeat,happy, afrohouse, mixed, collaboration"
dataset/Ayra starr - Bridgertn.MP3,"upbeat, soulful, R&B, female, Nigerian artist"
dataset/Davido - Feel.MP3,"upbeat,happy, Afrobeat, male, Nigerian"
dataset/Victony-Everything.mp3,"uplifting, inspirational, hip hop, female, Nigerian artist"
dataset/Victony-My-Darling.mp3,"romantic, nostalgic, Afrobeat, female, Nigerian"
dataset/Laycon_-_Orijinality.mp3,"upbeat, energetic, Afrobeats, male, Nigerian"
dataset/KRANIUM FT TIWA SAVAGE - GAL POLICY RMX  clean .mp3,"upbeat, sensual, dancehall, afrobeat, mixed, remix"
dataset/Boi Chase - SHI SHI.mp3,"upbeat,happy, hip hop, male, catchy"
dataset/Fally Ipupa -Coeur Amoureux.mp3,"romantic, love, rumba, male, Congolese music"
dataset/Rotimi - Love Riddim.mp3,"romantic, sultry, R&B, male, love song"
dataset/Wande Coal - Been Long you Saw Me.mp3,"upbeat, lively, Afrobeat, male, groovy"
dataset/Odumodublvck Ft Cruel Santino & Bella Shmurda - Dog Eat Dog II.mp3,"energetic, aggressive, Afrobeat, mixed, collaboration, urban"
dataset/Angelika-Belle-Fall-ft-Fiokee-(JustNaija.com).mp3,"uplifting, joy, cheerful, Afropop, female, collaboration with guitarist Fiokee"
dataset/Yung bleu ft drake - You're mine still.MP3,"romantic, sentimental, R&B, male, collaboration, love song"
dataset/Oxlade_-_KU_LO_SA.mp3,"upbeat,happy, Afrobeat, male, Nigerian"
dataset/Vector - Mad.mp3,"energetic, aggressive, hip hop, male, fast-paced, intense"
dataset/Nasty C -  Stalling  DFLAMZ RADIO .mp3,"relaxed,chill, hip hop, male, radio edit"
dataset/Aj tracey - Little more love.MP3,"energetic,happy, grime, male, UK rap"
dataset/Mas_Musiq_Aymos_Ft_Sha_Sha_-_Ub_ukhona.mp3,"upbeat,happy,dance, Amapiano, mixed, collaboration"
dataset/Patoranking Ft BeenieMan - Amazing-Grace.mp3,"upbeat,happy, dancehall, male, collaboration"
dataset/Dremo - Dapada Ft   Mayorkun.mp3,"upbeat, energetic, Afrobeats, male, featuring"
dataset/Rayvanny-Yaya-Ft-Diamond-Platnumz-Jux-(JustNaija.com).mp3,"upbeat,happy,energetic, bongo flava, male, collaboration, popular"
dataset/Ayra Starr - Orun.mp3,"upbeat, energetic, Afrobeats, female, Nigerian"
dataset/Ajebutter 22 ft kida kudz - Confam.MP3,"energetic, upbeat, Afrobeats, male, collaboration, Nigerian music"
dataset/Wande Coal - So Mi So.mp3,"upbeat, groovy, Afrobeat, male, Nigerian"
dataset/Wande Coal -  Genesis.mp3,"upbeat, energetic, Afrobeats, male, Nigerian"
dataset/Rayvanny_Ft_Luana_Vjollca_-_Pele_Pele.mp3,"upbeat, energetic, afrobeat, male, collaboration"
dataset/Jhene aiko - Surrender.MP3,"relaxing, soothing, R&B, Soul, female, introspective"
"dataset/Terri ft bella shmurda, mohbad - Money.MP3","energetic, lively, afrobeat, mixed, collaboration"
dataset/Tekno - Uptempo.MP3,"upbeat,dance, afrobeats, male, uptempo"
dataset/Nicki Nicole  ft  Rels B - qué le pasa conmigo.mp3,"energetic, upbeat, Reggaeton, female, Latin"
dataset/M.i - Anoti.MP3,"energetic, upbeat, Afrobeats, male, Nigerian"
dataset/Eri Ife - A Little Love ft  Maka.mp3,"joyful, uplifting, Afrobeat, R&B, mixed, collaboration"
dataset/Bad Things - boyspyce .mp3,"dark, intense, pop, male, edgy"
"dataset/Kabza_De_Small_Mthunzi Ft Young Stunna DJ Maphorisa, Sizwe, Alakine, Umthakathi Kush - Imithandazo.mp3","energetic,upbeat, Amapiano, male, collaboration, South African music"
dataset/Teni - Uyo Meyo.mp3,"uplifting, celebratory, Afrobeat, female, Nigerian"
dataset/Lila Iké - Dinero.mp3,"upbeat, energetic, reggae, female, summer vibes"
dataset/Majeeed ft Tiwa Savage - Gbese .mp3,"energetic, upbeat, Afrobeats, male, female, "
dataset/Dj spinall ft wizkid and tiwa savage - Dis luv.MP3,"romantic, love, afrobeats, mixed, collaboration, Nigerian artists"
dataset/Dj xclusive - Stamina.MP3,"energetic, upbeat, Afrobeats, male, party, dance"
dataset/Burna Boy City Boys.mp3,"energetic, upbeat, Afrobeat, male, Nigeria, dance"
dataset/T.i blaze - Lock up .mp3.MP3,"energetic, powerful, hip hop, male, club banger"
dataset/Johnny Drille - Awa Love.mp3,"romantic, soothing, afrobeat, male, love song"
"dataset/Uncle Vinny, Pcee and Yumbs - Ke Mang [Feat. ANATII and Justin 99].mp3","energetic, upbeat, hip hop, mixed, collaboration"
dataset/King-Promise ft Fridayy - Paranoid.mp3,"upbeat, romantic, Afrobeat, male, "
dataset/Damo-K-Nibo-ft-MohBad.mp3,"upbeat, energetic, Afrobeats, male, collaboration, Nigerian music"
dataset/Yemi Alade - Do As I Do Ft  DJ Arafat.mp3,"upbeat, energetic, Afropop, Dance, female, collaboration"
dataset/Rukmani - Unruly.mp3,"energetic, powerful, pop, female, "
dataset/Nigo and lil uzi vert - Heavy.MP3,"energetic, hype, hip hop, male, collaboration"
dataset/Zedd ft griff - Inside out.MP3,"upbeat, energetic, electronic, mixed, collaboration"
dataset/Ice Prince - Replay.mp3,"upbeat, energetic, Afrobeat, male, Nigerian"
dataset/I Believe - Tolani.mp3,"uplifting,hopeful, pop, female, positive,inspirational"
dataset/Lava-Lava-Tajiri.mp3,"upbeat,happy, bongo, male, Tanzanian"
dataset/Teni - Marry.mp3,"happy, upbeat, afrobeat, female, love, wedding"
dataset/Lil Emm Nwanyi Oma.mp3,"upbeat,happy, Afrobeats, male, Nigerian"
dataset/Dice ailes - Dicey.MP3,"upbeat,happy, afrobeats, male, Nigerian"
dataset/Simi ft joeboy - So bad.MP3,"romantic, soothing, Afrobeats, female, collaboration, hit song"
dataset/Pcee-Ses-Fikile.mp3,"upbeat,happy, afrobeat, male, "
dataset/Sam smith - To die for.MP3,"sad, yearning, pop, male, love, heartbreak"
dataset/Fireboy dml - Scatter.MP3,"energetic, afrobeats, male, Nigerian"
dataset/Zlatan - Rara.mp3,"upbeat, energetic, Afrobeats, male, Nigerian music"
dataset/Khaid - Jolie.MP3,"upbeat,happy, pop, male, catchy"
dataset/BKEM - SOFT LIFE.mp3,"relaxed, chill, R&B, female, groovy"
dataset/Zlatan ibile - This year.MP3,"energetic, positive, afrobeats, male, Nigerian"
dataset/Caltonic_SA_Sje_Konka_-_Bambelela_Fakaza.Me.com.mp3,"upbeat,happy, amapiano, male, "
dataset/Falz - Johnny.MP3,"upbeat, energetic, Afrobeat, male, Nigeria"
dataset/Rayvanny-Gibela-Remix-ft-Chino-Kidd-Mfana-Kah-Gogo-s2kizzy-(JustNaija.com).mp3,"upbeat,dance, afrobeat, male, remix"
dataset/PsychoYP-Not-My-Fault-ft-Ajebo-Hustlers.mp3,"energetic, upbeat, Afrobeats, male, collaboration"
dataset/Jennifer lopez ft bad bunny - Te guste.MP3,"upbeat,sensual, reggaeton, female, collaboration"
dataset/M-kaze - Forever ft  Mr  Faya.mp3,"romantic, happy, Afrobeats, male, collaboration, love song"
dataset/Ycee ft nanpa basico - Intentionally (remix).MP3,"catchy, upbeat, energetic, Afrobeat, Hip hop, male, remix, collaboration, Nigerian music"
dataset/Kizz Daniel - Ghetto ft Nasty C.mp3,"upbeat,hopeful, Afrobeat, Male, collaboration"
dataset/Popcaan ft black sherif - Celebrate.MP3,"celebration, uplifting, dancehall, male, collaboration"
dataset/Solidstar - Necessary.mp3,"uplifting, energetic, Afrobeat, male, Nigeria"
dataset/UB - RIDE.mp3,"energetic, fun, pop, male, catchy"
dataset/Mafikizolo ft yemi alade - Ofananawe.MP3,"upbeat, energetic, Afrobeat, mixed, collaboration"
dataset/20-Korede-Bello-Yoruba-Girl.mp3,"upbeat, happy, afrobeat, male, Yoruba"
dataset/Kayode - Never TIred .mp3,"energetic,happy, Afrobeat, male, uplifting"
dataset/Cuppy - Currency Ft  L A X.mp3,"upbeat, energetic, Afrobeats, female, collaboration"
dataset/King perry - Work n grind.MP3,"energetic, motivational, Afrobeat, male, upbeat, danceable"
"dataset/Major league and focalistic ft gobi beast,skamza - Baebar.MP3","upbeat, energetic, amapiano, male, collaboration, South African music"
dataset/Steve angello ft sam martin - Nothing scares me anymore.MP3,"energetic, inspiring, electronic, dance, male, "
"dataset/Falz, Vector - Yakubu.mp3","energetic, hip hop, male, collaboration"
dataset/Olamide - Logba logba.MP3,"upbeat,happy, Afrobeats, male, Nigerian"
dataset/VJ Adams - Seun Rere Ft Koker.mp3,"uplifting, happy, Afrobeats, Male, collaboration, Nigerian"
dataset/Minz ft Davido - Wap.mp3,"upbeat, energetic, Afrobeats, male, collaboration"
dataset/Goya-Menor-Shakor-ft-Jaywillz.mp3,"upbeat, energetic, Afrobeats, male, collaboration, Nigerian music"
dataset/Dababy ft davido - Showing off her body.MP3,"upbeat, energetic, hip-hop, afrobeat, male, collaboration, danceable"
dataset/Korede Bello Ft Yemi Alade - For Me.mp3,"Romantic, Upbeat, Afrobeat, Male, Female, Collaboration"
dataset/Nissi - Hold.MP3,"upbeat,happy, pop, female, "
dataset/Crayon ft ayra starr - Ngozi.MP3,"upbeat,happy, Afrobeat, mixed, collaboration"
dataset/BKAY! - ALL IN (Radioedit).mp3,"energetic,happy, electronic, male, radio edit"
dataset/Patoranking - Yo body.MP3,"upbeat, energetic, Afrobeat, male, dance, summer"
dataset/Bad boy timz ft olamide - Skelele.MP3,"upbeat,dance, Afrobeats, male, collaboration"
dataset/Basiil- Vibration.mp3,"energetic,happy, pop, male, "
dataset/Olakira - Hey Lover.mp3,"romantic, happy, Afrobeat, male, love, dance"
dataset/Del b ft dice ailes - 080.MP3,"upbeat, energetic, afrobeat, male, collaboration"
dataset/Mellow  Sleazy x Justin99  Chipi ke Chipi .mp3,"Mellow, Pop, Mixed, Collaboration"
dataset/Odi-Wa-Muranga-Zimeripoti.mp3,"upbeat,happy,energetic, benga, male, "
dataset/Sam-Deep-Isthutha-Inkinga-Abangan-Bam-ft-De-Mthuda-MaWhoo-Mkeyz.mp3,"upbeat, energetic, amapiano, male, collaboration"
dataset/03-Prince-Kaybee-Amaphiko-Ezono-ft-Azana.mp3,"upbeat,happy, house, male, featuring Azana"
"dataset/Loose Kaynon, A-Q, M.I Abaga, Blaqbonez - Chasing Designers.mp3","energetic, upbeat, hip hop, male, collaboration"
dataset/Pop smoke - What you know bout love.MP3,"upbeat, romantic, rap, hip-hop, male, catchy, popular"
dataset/Sam-Deep-Lalala-Ft-Sino-Msolo-(JustNaija.com).mp3,"upbeat,happy, Afrobeat, male, collaboration"
dataset/Megadrumz-Lo-December-ft-NtoMusica-Masandi.mp3,"uplifting, energetic, afro-pop, mixed, collaboration"
dataset/Headie one ft burna boy - Siberia.MP3,"upbeat,danceable, afrobeat,hip hop, male, collaboration"
dataset/CKAY - GMAIL.mp3 (Clean).mp3,"upbeat,fun, Afrobeat, male, "
dataset/Sexy (Radio Edit) Trod.mp3,"sexy, dancehall, male, radio edit"
dataset/Blaq-Major-Uthando-Aluboni-ft-CHARLOTTE-LYF.mp3,"upbeat, romantic, Afro-pop, male, collaboration"
dataset/T.T.P.G.A.mp3,"upbeat, energetic, lively, pop, female, "
dataset/DJ Neptune - Tear Rubber ft Mayorkun.mp3,"upbeat, energetic, Afrobeat, male, collaboration"
dataset/Vershon  Somedays.mp3,"happy, uplifting, reggae, male, Jamaican"
dataset/Patoranking ft tiwa savage - Matter.MP3,"upbeat, Afrobeats, female, collaboration"
dataset/Sithelo ft skyewanda - Forever.MP3,"romantic, house, female, "
"dataset/Dmw ft davido, peruzzi, dremo and flowolf - Mafa mafa.MP3","energetic, upbeat, afrobeats, mixed, collaboration"
dataset/Khaid - Ski.mp3,"upbeat, energetic, pop, hip hop, male, "
dataset/Swizz beatz ft giggs - Come again.MP3,"energetic, hype, hip hop, male, collaboration"
dataset/LeriQ&Maddtonic - Bit of Love.mp3,"upbeat,happy, Afrobeat, Mixed, collaboration"
dataset/Tekno - Enjoy.MP3,"energetic,happy, afrobeats, male, "
dataset/Show Dem Camp - Legend Ft  Burna Boy.mp3,"upbeat, confident, hip hop, male, collaboration"
dataset/Joeboy ft mayorkun - Don't call me back.MP3,"heartbreak, sad, Afrobeat, male, "
dataset/Bagetti-Mirror-Talk.mp3,"energetic, upbeat, pop, mixed, catchy"
dataset/Machine gun kelly - Why are you here.MP3,"energetic, rebellious, hip hop, rap, male, "
"dataset/Del b ft wizkid, flavour, walshy fire - Consider ii.MP3","energetic, lively, afrobeat, mixed, collaboration, international"
dataset/Runtown - Kini issue.MP3,"upbeat, energetic, Afrobeats, male, Nigerian music"
dataset/16-Korede-Bello-Moving-Mad.mp3,"energetic,happy, Afrobeat, male, uplifting"
"dataset/Ejoya, psychoyp & laime - Like 2 party.MP3","upbeat, party, Afrobeats, mixed, collaboration"
dataset/Quavo - Huncho dreams.MP3,"emotional, confident, hip-hop, male, rap"
dataset/Luca Zuccotti - Ifunanya reclean.mp3,"uplifting,happy, afrobeat, male, "
dataset/James bay - Wild love.MP3,"romantic, passionate, pop, male, "
dataset/Konstance - melo.mp3,"upbeat,happy,energetic, pop, female, catchy,uplifting"
"dataset/Vroom - the fanatix ,davido , mologo , lil tjay , kofee , idris elba - GRAN TURISMO dflamz radio.mp3","energetic, upbeat, afrobeat, hip-hop, mixed, collaboration, potential hit"
dataset/Dj cuppy ft ycee and ms banks - P.o.y.MP3,"upbeat, energetic, Afrobeats, mixed, collaboration"
dataset/Winner. Richy Rich..mp3,"energetic,happy, pop, male, upbeat"
dataset/Mr Thela – Thunderstorm.mp3,"energetic, intense, gqom, male, instrumental"
dataset/Curtis j - Sweeter love.MP3,"romantic, uplifting, R&B, male, love song"
dataset/Ichaba - Ire.mp3,"uplifting, inspirational, Afrobeat, male, Nigerian"
dataset/Bloody-Civilian-Natural-Mystic-Bob-Marley-One-Love-Music-Inspired-By-The-Film.mp3,"calm, peaceful, uplifting, reggae, male, inspirational, film soundtrack"
dataset/Black Sherif Let Me Go My Way.mp3,"upbeat, energetic, Afrobeats, male, catchy"
dataset/Wellerman - Sea Shanty .mp3,"upbeat, energetic, Sea Shanty, Male, traditional, viral"
dataset/Basiil- Come Alive.mp3,"energetic, uplifting, pop, male, catchy"
dataset/Lil durk ft future - Never imagined.MP3,"hype, energetic, hip hop, male, collaboration"
dataset/Oladips-Aniyikaye.mp3,"energetic, upbeat, Afrobeats, male, Nigerian"
dataset/Stakev-Uyaduma-Revisit-ft-Tman-Xpress-(JustNaija.com).mp3,"energetic, lively, amapiano, male, collaboration"
dataset/Oritse-Femi-Only-Me-Ft-Aje-Billz clean.mp3,"energetic,happy, Afrobeats, male, collaboration"
dataset/Olamide -  Hardcore.mp3,"energetic, aggressive, hip hop, male, Nigerian"
dataset/Kcee - Ojapiano.mp3,"upbeat,happy, Afrobeat, male, dance"
dataset/Zlatan - Lagos Anthem (Official Video) Dflamz clean.mp3,"energetic,upbeat, afrobeats, male, Nigeria,Zanku"
dataset/Ice-Beats-Slide-JAGERMEISTER-ft-Sbuda-Maleather-2woBunnies.mp3,"energetic, upbeat, hip hop, mixed, collaboration"
dataset/Waje - Hold My Hands.mp3,"inspiring, uplifting, pop, female, collaboration, love"
dataset/Yemi Alade - Oga.mp3,"energetic, upbeat, Afro-pop, female, Nigerian"
dataset/Dababy ft pooh shiesty - Bonnet.MP3,"energetic, hype, rap, male, collaboration"
dataset/Ajebo Hustlers - Annabella.mp3,"upbeat, Afrobeats, mixed, Nigerian"
dataset/DJ Tunez Ft Wande Coal & Victony - Bad Girl.mp3,"energetic, party, Afrobeats, male, collaboration, summer vibes"
dataset/Yemi-Alade-Ogin.mp3,"energetic,happy, afro-pop, female, Nigerian"
dataset/E-Major-Aladdin-Ft-Peruzzi.mp3,"energetic,happy, Afrobeat, male, collaboration,upbeat"
dataset/Wizkid ft h.e.r - Smile.MP3,"happy, upbeat, Afrobeat, male, collaboration, featured artist"
dataset/Reekado Banks - Tomorrow.mp3,"upbeat,happy, Afrobeats, male, Nigerian"
dataset/ODUMODUBLVCK-TEARS-iN-ABiDJAN.mp3,"upbeat, energetic, emotional, Afrobeat, Hip-hop, Male, African music, Urban music"
dataset/Bella Alubo - welcome to my world.mp3,"upbeat,happy, Afrobeat, female, introductory"
dataset/Young jonn - Xtra cool.MP3,"cool, energetic, Afrobeats, male, producer: Young Jonn"
dataset/Young thug ft. post malone & a$ap rocky - Livin it.MP3,"energetic, upbeat, hip hop, male, collaboration"
dataset/Mr eazi ft slimcase - Overload.MP3,"energetic, lively, Afrobeats, male, collaboration"
dataset/Timaya - Dance feat  Rudeboy.mp3,"upbeat,dance, Afrobeat, Male, collaboration"
dataset/Yung l - Operator.MP3,"energetic, Afrobeats, male, Nigerian"
dataset/c shap - Jaye.mp3,"energetic,happy, pop, male, "
dataset/Korede bello - Real man.MP3,"romantic, Afrobeat, male, love"
dataset/02 Oh Boy (feat. Starr Healer).mp3,"upbeat,happy, pop, mixed, feat. Starr Healer"
dataset/03.Dpzle ft Niniola- Sodi.mp3,"energetic, upbeat, Afrobeat, mixed, collaboration, Nigerian artists"
dataset/Black Sherif Sad Boys Dont Fold Radio Edit Clean Version.mp3,"sad, relaxed, hip hop, male, radio edit, clean version"
"dataset/Ed sheeran ft stormzy, jaykae and aitch - Take me back to london.MP3","upbeat,happy, pop, male, collaboration,summer"
dataset/Tems - Ice T.mp3,"chill, relaxed, R&B, female, soulful"
dataset/Dj consequence ft bad boy timz - Soju.MP3,"energetic, upbeat, Afrobeats, male, collaboration, party anthem"
dataset/CKay-IS-IT-YOU.mp3,"upbeat, catchy, energetic, Afrobeats, male, Nigerian"
dataset/Dai verse - Sweet daddy.MP3,"fun, happy, energetic, hip hop, male, catchy"
dataset/Koffee - Run away.MP3,"upbeat,happy, reggae, female, Jamaican"
dataset/DJ Neptune - Demo  ft Davido.mp3,"energetic, upbeat, Afrobeats, male, collaboration"
dataset/Choplife-ft.-Patoranking.mp3,"upbeat, energetic, Afrobeat, male, collaboration"
dataset/August alsina - Wouldn't leave.MP3,"emotional, love, R&B, male, soulful"
dataset/Yemi Alade - Taking Over me ft Phyno.mp3,"upbeat, energetic, Afrobeat, female, collaboration"
dataset/Show Dem Camp - No Regrets ft Moelogo.mp3,"upbeat, confident, hip-hop, afrobeat, male, collaboration, positive vibes"
dataset/Dotman - Iyawo.mp3,"upbeat, romantic, Afropop, male, Nigerian"
dataset/Fiokee - Follow You ft Chike & Gyakie.mp3,"romantic, soothing, Afrobeat, mixed, collaboration"
dataset/Bazzi - Who am i.MP3,"upbeat,confident, pop, male, "
"dataset/Dj sk ft willionair, sharon damos , seadogy - Attention.MP3","energetic, lively, dance, hip-hop, mixed, collaboration"
dataset/Oxlade - Away.mp3,"upbeat,happy,romantic, Afrobeats, male, Nigerian"
dataset/Burna Boy-If Im Lying.mp3,"chill, confident, afrobeat, male, Nigerian"
dataset/Roddy ricch - 25 million.MP3,"energetic, confident, hip-hop, male, popular, rap"
dataset/Tekno-Play.mp3,"energetic, upbeat, afrobeats, male, dance"
dataset/Wande Coal - Who Born the Maga.mp3,"upbeat,danceable, Afrobeats, male, Nigerian music"
"dataset/Raspy, Daliwonga & Visca - Isdima (feat. Laud).mp3","upbeat, energetic, amapiano, mixed, feat. Laud"
dataset/LU - FEVA ..mp3,"upbeat, energetic, pop, male, catchy"
dataset/Sarz and wurld - Ego (nobody wins).MP3,"upbeat, lively, energetic, Afrobeat, male, collaboration, Nigerian"
dataset/HoodCelebrityy - Inside (Intro - Clean).mp3,"upbeat, energetic, dancehall, female, intro, clean"
dataset/Ceeza Mili - Lessons.mp3,"uplifting, motivating, Afrobeat, male, educational"
dataset/Bella Shmurda Oh Oh Oh Radio Edit Clean Version.mp3,"energetic, catchy, Afrobeats, male, radio edit, clean version"
dataset/Shatta wale - Shuru.MP3,"energetic, upbeat, dancehall, male, Ghanaian music"
dataset/Pop smoke - Armed and dangerous.MP3,"energetic, aggressive, rap, male, New York, drill"
dataset/Ice Prince - Komotion ft Wizkid.mp3,"upbeat, energetic, Afrobeat, male, collaboration"
dataset/Mayorkun ft davido - Betty butter.MP3,"upbeat, energetic, Afrobeat, male, collaboration"
dataset/03 Ngizokufounela (feat. DJ Ngwazi & Pouler D'Musiq).mp3,"upbeat, afrobeat, male, feat. DJ Ngwazi & Pouler D'Musiq"
dataset/Stormzy - Lessons.MP3,"inspiring, reflective, hip hop, male, lessons"
dataset/SPINALL-Loju-ft-Wizkid.mp3,"upbeat,happy, Afrobeat, male, collaboration"
dataset/Seyi Vibez BD Baby (Radio Edit) Clean Version.mp3,"laid back, chill, Afrobeats, male, clean version, radio edit"
dataset/Oxlade - Dkt.MP3,"upbeat,happy, Afrobeat, male, Nigerian"
"dataset/Kabza-De-Small Ft DJ Maphorisa , Daliwonga, Madumane , ShaunMusiQ , FtearsNo - Wahala.mp3","energetic, lively, Amapiano, mixed, collaboration"
dataset/Kygo ft whitney houston - Higher love.MP3,"upbeat, energetic, EDM, dance, female, collaboration"
dataset/Burna boy - No fit vex.MP3,"energetic, confident, afrobeats, male, Nigeria"
dataset/Ayra-Starr-Rhythm-Blues.mp3,"upbeat,happy, Rhythm and Blues, female, "
dataset/DJ Tunez - Gbese Ft Wizkid.mp3,"energetic, lively, afrobeats, male, "
dataset/CKay ft Ronisia - Lose You.mp3,"upbeat,happy, Afrobeat, mixed, collaboration"
dataset/Bad Gyal - Give Me.mp3,"energetic, upbeat, reggaeton, female, party, dance"
"dataset/Yung6ix, hanujay ft zlatan - Leg working.MP3","energetic,hype, afrobeat, male, collaboration"
dataset/Lady Steezy “Isono” ft. leezy Lindokuhle.mp3,"upbeat, energetic, funky, Afro-pop, female, collaboration"
dataset/Cheque - Shine.MP3,"upbeat, energetic, Afrobeats, male, "
dataset/Kygo ft sandro cavazza - Happy now.MP3,"happy, EDM, mixed, collaboration"
dataset/Mr Eazi - Tilapia ft  Medikal.mp3,"upbeat, energetic, Afrobeats, male, collaboration, African music"
dataset/SAUTI SOL - INSECURE .mp3,"upbeat,happy,energetic, afro-pop, male, Kenyan"
dataset/Kidi ft tyga - Touch it (remix).MP3,"lively, energetic, Afrobeats, male, remix, collaboration"
dataset/T-Classic_-_Oh_baby.mp3,"happy, energetic, afrobeats, male, upbeat"
dataset/Mz kiss - Igara.MP3,"energetic, upbeat, Afrobeats, female, Nigerian, fast tempo"
dataset/Dababy - Ball if i want to.MP3,"energetic,hype, hip hop, male, party,rap"
dataset/Marley Tomzy_Holy Father.mp3,"uplifting, spiritual, gospel, male, Christian music"
dataset/YKB FT KING PROMISE - THIS MUST BE LOVE.mp3,"romantic, uplifting, afrobeats, male, collaboration"
dataset/Bruno mars ft anderson paak and silk sonic - Leave the door open.MP3,"soulful, romantic, R&B, mixed, collaboration"
dataset/YKB-shaye-Ft-Pheelz.mp3,"upbeat, energetic, afrobeats, male, collaboration"
dataset/ODUMODUBLVCK-100-MILLION-ft-Tiwa-Savage.mp3,"energetic, Afrobeats, male, collaboration"
dataset/Soul-Jam-Ngo-shisimali-Ft-Tman-Xpress-Jay-Sax-Major-League-Djz.mp3,"Soul, Jam, Ngo-shisimali, Mixed, Tman Xpress, Jay Sax, Major League Djz"
dataset/Show Dem Camp - WYW ft Bellah.mp3,"upbeat, energetic, hip-hop, rap, male, collaboration"
dataset/Bad boy timz ft mayorkun - Mj (remix).MP3,"energetic,dance, Afrobeats, male, collaboration,remix"
dataset/Kendrick lamar - The heart part 5.MP3,"introspective, contemplative, hip-hop, male, politically charged, socially conscious"
dataset/Ed sheeran - Overpass graffitti.MP3,"upbeat, energetic, pop, male, Ed Sheeran, Overpass Graffitti"
dataset/CMajor-My-Life-Ft-Jaywillz-Erigga.mp3,"uplifting, energetic, afrobeat, male, collaboration"
dataset/Dr Malinga – Bambelela ft. Master KG & Lowsheen.mp3,"upbeat,happy, Afro House, male, collaboration"
dataset/Ayra starr - Ase.MP3,"upbeat,happy, afrobeats, female, Nigerian"
dataset/Omawumi - Bs.MP3,"uplifting, Afrobeat, female, Nigerian"
dataset/Burna boy - It's plenty.MP3,"energetic, uplifting, lively, afrobeat, male, Burna Boy"
dataset/Wizkid - Diamonds.mp3,"uplifting, energetic, Afrobeats, male, popular"
"dataset/The weeknd ft madonna, playboi carti - Popular.MP3","energetic,hype, pop,hip hop, mixed, collaboration"
dataset/Malumz on decks indlovukazi - Cwebetela.MP3,"upbeat,happy, house, mixed, vocals"
dataset/Pheelz Kamakaze.mp3,"energetic,happy, Afrobeats, male, upbeat"
dataset/DJ Latitude & Funwon x Burna Boy - Love Damini Riddim.mp3,"upbeat, energetic, Afrobeat, Dancehall, male, collaboration, club, summer"
dataset/Yemi alade - Yoyoyo.MP3,"energetic, upbeat, Afrobeats, female, dance"
dataset/DJ Neptune - Only Fan ft  Lojay & Zlatan.mp3,"energetic, lively, afrobeats, male, collaboration"
dataset/Ycee - Mo Salah.mp3,"upbeat,energetic, afrobeat, male, African"
dataset/NSG-PROUD-OF-ME-ft-Stonebwoy.mp3,"upbeat,happy, Afrobeat, male, collaboration"
dataset/Sauti sol - Suzanna.MP3,"upbeat, lively, Afro-pop, mixed, popular"
dataset/King perry - Yawa.MP3,"upbeat,happy, afropop, male, dance"
dataset/Sam smith ft normani - Dancing with a stranger.MP3,"sultry, mysterious, pop, R&B, male, female, collaboration"
dataset/Major League DJz - Margaret Ft. Victony.mp3,"upbeat,happy, amapiano, mixed, collaboration"
dataset/G2 AMANI - ENERGY.mp3,"upbeat, energetic, pop, male, danceable, trendy"
dataset/Sabrina - Sabri Gang (TIKTOK) clean radio.mp3,"energetic,happy, pop, female, catchy, trending, TikTok"
dataset/Show Dem Camp ft Ms Iye - Ewele.mp3,"upbeat, energetic, Afrobeat, mixed, collaboration"
dataset/Adekunle-Gold-Come-Back-To-Me-ft-Khalid.mp3,"romantic, nostalgic, R&B, pop, male, collaboration, soulful"
dataset/MOLIY TAKEN.mp3,"energetic, upbeat, pop, female, catchy"
dataset/Thor Rixon x Kitty Kat - NAWTI.mp3,"upbeat, energetic, electronic, dance, mixed, collaboration"
dataset/Sauti sol ft khaligraph jones - Rewind.MP3,"upbeat, afrobeat, mixed, collaboration"
dataset/Bad Boy Timz - Iz Going.mp3,"energetic, upbeat, afrobeats, male, Nigeria"
dataset/ChopLife SoundSystem - Tear Chain Ft Mr Eazi.mp3,"upbeat, energetic, Afrobeat, male, collaboration, high tempo"
dataset/Rema - Are You There.mp3,"upbeat,energetic, afrobeats, male, Nigerian"
dataset/Runtown ft darkovibes and bella shmurda - Body riddim.MP3,"upbeat, energetic, Afrobeat, male, collaboration"
dataset/Toby Shang - Update ft Naira Marley.mp3,"upbeat,dance, afrobeats, male, collaboration"
dataset/Saweetie ft jhene aiko and city girls - My time (remix).MP3,"energetic, confident, hip hop, rap, female, collaboration, remix"
dataset/Ed sheeran ft luke combs - Life goes on.MP3,"hopeful, uplifting, pop, country, mixed, collaboration"
dataset/Asa-ODO.mp3,"sad, reflective, R&B, female, heartbreak"
dataset/Mas-Musiq-Banomona-Ft-Bontle-Smith-Nia-Pearl.mp3,"upbeat, Amapiano, mixed, collaboration"
dataset/Blaqbonez ft lojay and amaarae - Whistle.MP3,"upbeat, smooth, sensual, afrobeats, hip-hop, male, female, collaboration"
dataset/Felo Le Tee  Myztro  Dipatje Tsa Felo Official Audio ft Daliwonga.mp3,"upbeat, energetic, Amapiano, male, collaboration"
dataset/Chidinma and flavour - 40 yrs.MP3,"upbeat, joyful, Afrobeat, mixed, collaboration"
dataset/Dookiee - Bill gate.mp3,"energetic, upbeat, pop, male, catchy, modern"
dataset/J cole - Lion king on ice.MP3,"introspective, reflective, hip hop, male, J Cole"
dataset/Toby Shang New Wave.mp3,"upbeat,happy, pop, male, catchy"
dataset/Post malone & the weeknd - One right now.MP3,"chill, relaxed, pop, R&B, male, collaboration"
dataset/Bend You (Radio Edit) Omah Lay.mp3,"energetic, upbeat, Afrobeats, male, "
dataset/Gabzy  Lekaa Beats - Piano.mp3,"uplifting, energetic, pop, male, instrumental"
dataset/Efe - Warri Ft  Olamide.mp3,"energetic, upbeat, Afrobeat, male, collaboration"
dataset/TeeFamous Ft Bella Shmurda - Buga (Remix).mp3,"energetic,hype, afrobeat, male, collaboration"
dataset/KOTRELL - SMILE FOR ME.mp3,"happy, upbeat, pop, male, nostalgic"
dataset/Falz - Regards To Your Mumsi Ft  Ajebutter 22 & Fresh L.mp3,"happy, upbeat, Afrobeat, male, collaboration"
dataset/Jaywon feat Spyro - For My Head.mp3,"upbeat,happy, Afrobeats, male, collaboration"
dataset/Drake - Massive.MP3,"chill, relaxed, energetic, pop, hip hop, male, catchy"
dataset/Ase (Radio Edit){Official} Ayra Starr.mp3,"upbeat, energetic, Afrobeat, female, official"
dataset/Timaya - Sili-kon.MP3,"upbeat, energetic, afrobeat, male, danceable, catchy"
dataset/Exq ft jah prayza - Pahukama.MP3,"upbeat,happy, afro-pop, male, collaboration"
dataset/Pop smoke ft burna boy - Enjoy yourself.MP3,"upbeat, chill, hip hop, afrobeats, male, collaboration"
dataset/Bella Shmurda - Oghene ft Jeriq & Zlatan.mp3,"Energetic, Upbeat, Afrobeats, Male, Collaboration"
dataset/Waje - Hold my hands.MP3,"uplifting, inspiring, soul, female, collaboration"
dataset/Mellow Ft Sleazy-LeeMckrazy-Mali-B-flat  Amanga-Akho.mp3,"mellow, Mali-B, Amanga-Akho, mixed, Sleazy-Lee, Mckrazy"
dataset/Young thug ft gunna - Hot.MP3,"energetic, hype, hip hop, male, collaboration"
dataset/Nicki minaj - Yikes.MP3,"energetic, confident, hip hop, female, rap, single"
dataset/ID CABASA x VECTOR x 9ICE - PHOTOCOPY REIMAGINED.mp3,"energetic,upbeat, Afropop, male, collaboration"
dataset/Joey b ft kwesi arthur and sarkodie - La familia.MP3,"energetic, upbeat, hip hop, male, collaboration"
dataset/Yukelle-Tonight.mp3,"upbeat,happy,energetic, pop, female, dance"
dataset/Stefflon Ft Bnxn What's Poppin.mp3,"energetic, confident, hip hop, female, collaboration, popular"
dataset/07-Illbliss-Successful-ft-Vector-Lad.mp3,"upbeat, motivational, hip hop, male, "
dataset/Cruel santino - Heating rocks.MP3,"chill, upbeat, pop, hip hop, male, Nigerian artist"
dataset/M.i abaga - The guy.MP3,"energetic, confident, hip hop, male, Nigeria, rap"
dataset/Post malone ft kid laroi - Wasting angels.MP3,"melancholic, introspective, rap, hip hop, male, collaboration"
"dataset/04 Summer Yatsena (feat. Han C, Leon Lee, Seven Step & Lebza Mfana).mp3","upbeat, energetic, Afro-house, mixed, collaboration"
dataset/Busiswa ft naira marley - Where you dey go.MP3,"energetic, upbeat, afrobeats, dance, female, collaboration, popular"
dataset/Beevlingz ft Kushamn - PFTW .mp3,"energetic, lively, afrobeat, mixed, collaboration, upbeat"
dataset/14-Tems-Turn-Me-Up-(JustNaija.com).mp3,"upbeat, Afrobeats, female, popular"
dataset/Ckay - Emiliana.MP3,"upbeat,happy, Afrobeats, male, Nigerian"
dataset/Casswell_P_Master_KG_Ft_Lwami_-_Mangihlale_360media.com.ng.mp3,"upbeat, energetic, dance, male, featured artist: Lwami"
dataset/Eltee-Skhillz-Power-Remix-Ft-Omari-Hardwick.mp3,"energetic,powerful, hip hop, male, collaboration"
dataset/BNXN fka Buju - In My Mind.mp3,"introspective, reflective, R&B, male, soulful"
dataset/Dj Therapy & Romi - Electricity..mp3,"energetic, upbeat, EDM, mixed, collaboration"
dataset/Lil Kesh - Don't Call Me ft Zinoleesky.mp3,"energetic, upbeat, Afrobeats, male, collaboration"
dataset/Dua lipa - Cool.MP3,"cool, upbeat, pop, female, dance"
dataset/DEBHIE - Like Dis.mp3,"upbeat, energizing, catchy, pop, female, modern, danceable"
dataset/DJ Spinall - Ojukokoro ft Niniola.mp3,"upbeat, Afrobeat, mixed, collaboration"
dataset/Thama-Tee-Kwazekwamnandi-ft-Chley-Sbuda-Maleather-Pabi-Cooper-(JustNaija.com).mp3,"upbeat, energetic, afro pop, mixed, collaboration"
dataset/Show Dem Camp - Incase.mp3,"chill,relaxed, hip-hop, male, Nigerian"
dataset/Laycon - All over me.MP3,"upbeat,happy, Afrobeats, male, Nigerian"
dataset/Waje - Na The Way ft J  Martins.mp3,"upbeat, romantic, Afrobeat, female, collaboration"
dataset/Falz ft patoranking - Girls.MP3,"upbeat, lively, Afrobeats, male, collaboration"
dataset/Young-Jonn-Disconnect-(JustNaija.com).mp3,"energetic, afrobeats, male, danceable"
dataset/Zinoleesky Personal.mp3,"upbeat,happy, Afrobeat, male, "
dataset/Boomboxx ft teni - I dey.MP3,"energetic, upbeat, Afrobeats, mixed, collaboration"
dataset/Fancy-Gadam-Boxer-ft-Pachino.mp3,"energetic, powerful, Afrobeat, male, "
dataset/VikOliver - Amen.mp3,"uplifting, energetic, pop, male, gospel"
dataset/L.a.x - Body.MP3,"groovy, upbeat, afrobeat, male, dance"
dataset/Nailah blackman - Games.MP3,"energetic, soca, female, Caribbean"
dataset/MI Abaga - Safe.mp3,"mellow, soothing, hip-hop, male, Nigerian"
dataset/Laycon Ft YKB Fall For Me.mp3,"romantic, soothing, Afrobeat, male, collaboration"
dataset/Graham_D_-_Delay.mp3,"upbeat,energetic, electronic, male, instrumental"
dataset/Speroachbeatz ft oxlade - Do me.MP3,"upbeat, lively, Afrobeats, male, collaboration"
dataset/Yimika ft pheelz - Smooth criminal.MP3,"smooth, criminal, afrobeat, mixed, feat. pheelz"
dataset/Patoranking - Go crazy.MP3,"energetic,happy, dancehall, male, Nigerian artist"
dataset/TYLA - WATER.mp3,"upbeat,happy, pop, female, TYLA, WATER"
dataset/mayomekun - celebration(radio version) .mp3,"celebration, pop, male, radio version"
dataset/MAVIN -AMINA.mp3,"upbeat,happy, Afrobeats, male, Afro-pop"
dataset/Swiitsam - Feel It.mp3,"upbeat,happy, pop, male, danceable"
dataset/Johnny_Drille_-_Jumoke.mp3,"upbeat,happy, Afrobeat, Male, "
dataset/Alpha p ft av - Veronica.MP3,"energetic, upbeat, Afrobeats, male, collaboration"
dataset/Fitzy West - Irony.mp3,"energetic, upbeat, pop, male, catchy"
dataset/Dave - Psychodrama.MP3,"introspective, emotional, reflective, hip hop, male, UK rap"
"dataset/Laime, PsychoYP, OdumoduBlvck & DanDizzy  Where Dem Dey (Remix) clean.mp3","energetic, upbeat, hip hop, mixed, remix, collaboration"
dataset/Chop daily ft eugy - My touch.MP3,"energetic, upbeat, Afrobeats, male, collaboration"
"dataset/Larry gaaga ft theresa onuorah, flavour & phyno - Egedege.MP3","energetic, Afrobeat, mixed, collaboration"
dataset/Dremo-Pressure-ft-Dandizzy.mp3,"energetic,hype, hip hop, male, collaboration"
dataset/Naira Marley Ft Backroad Gee Gangpiano Vawulence.mp3,"energetic, aggressive, afrobeats, male, collaboration, explicit lyrics"
dataset/Bayanni - Casanova.mp3,"romantic, upbeat, pop, male, catchy"
dataset/Dj khaled ft future and sza - Beautiful.MP3,"energetic,happy, hip hop, male,female, collaboration"
dataset/Octavian - Poison.MP3,"dark, intense, hip hop, male, UK rap"
dataset/Nailah blackman - Iron love.MP3,"upbeat, energetic, soca, female, Caribbean"
dataset/Mid3 - Showa.MP3,"upbeat,happy, pop, mixed, Showa era, Japanese"
dataset/YKB-high-and-sober-go-on-soun.mp3,"upbeat,happy, pop, male, energetic"
dataset/Eujin CEO - Backup.mp3,"energetic,upbeat, pop, mixed, "
dataset/TSC x RewardBeatz x Romi - 90.mp3,"upbeat, energetic, hip hop, mixed, "
dataset/Lizzo - 2 be loved (am i ready).MP3,"uplifting, empowering, pop, r&b, female, positive, self-love"
dataset/Burna Boy - Whiskey.mp3,"upbeat, energetic, Afrobeats, male, party, dance"
dataset/Dj neptune ft victor ad - Tomorrow.MP3,"upbeat,hopeful, Afrobeat, male, collaboration"
dataset/Flavour - To Be a Man.mp3,"inspirational, motivational, Afrobeat, male, uplifting"
dataset/Guchi ft yemi - I swear.MP3,"upbeat, love, afrobeat, mixed, collaboration"
dataset/T-Classic_-_Oliver_Twist.mp3,"upbeat,happy, Afrobeats, male, dance"
dataset/De Mthuda  Ntokzin  uMsholozi feat MalumNator.mp3,"upbeat, energetic, Amapiano, male, collaboration, dance music"
dataset/Arrdee x bugzymalone - One direction.MP3,"energetic, upbeat, rap, male, collaboration"
dataset/Patoranking ft wizkid - This kind love.MP3,"romantic,love, Afrobeat, male, collaboration"
dataset/Oladips-Die-Young.mp3,"sad, emotional, hip hop, male, Nigeria"
dataset/Karri - Tiktok shawty.MP3,"upbeat,happy, pop, female, TikTok"
dataset/Ajebutter22 Ft Ajebo Hustlers  Enjoyment.mp3,"joyful, happy, Afrobeats, male, collaboration"
dataset/Amaarae - Wasted Eyes.mp3,"sensual, groovy, energetic, afrobeats, alternative, female, upbeat"
dataset/Young John Sokoto Radio Edit Clean Version.mp3,"upbeat, energetic, pop, male, radio edit, clean version"
dataset/Olamide - Supplier.MP3,"upbeat, energetic, afrobeat, male, Nigerian"
dataset/Fireboy DML - Change.mp3,"upbeat, energetic, Afrobeats, male, Nigerian"
dataset/Trippie redd ft. lil uzi vert - Holy smokes.MP3,"energetic, upbeat, rap, male, collaboration"
dataset/Put You On (Radio Edit) King Promise.mp3,"upbeat, lively, Afrobeats, male, Ghanaian artist"
dataset/Rema - Time & Affection Ft  Chris Brown.mp3,"upbeat, romantic, Afrobeats, R&B, Male, collaboration"
dataset/Avante ft ajebo hustlers and frayz - Keep on rocking.MP3,"energetic, uplifting, afrobeat, mixed, collaboration"
dataset/MADE IN AFRICA(MIA) MASTERING 4 NEW.mp3,"upbeat, energetic, Afrobeats, male, empowering, danceable"
dataset/Kizz Daniel - Ada.mp3,"upbeat, romantic, Afrobeats, male, Nigerian"
dataset/Wurld - Ghost Town.mp3,"melancholic, haunting, R&B, male, soulful"
dataset/Alpha P - Paloma.mp3,"energetic, upbeat, Afrobeats, male, vibrant, catchy"
dataset/Yemi alade ft rudeboy - Decieve.MP3,"upbeat,sensual,romantic, Afrobeat, female,male, collaboration"
dataset/Show Dem Camp - Freaky ft Mannywellz.mp3,"upbeat, groovy, Afrobeat, male, collaboration"
dataset/Reekado banks - Pull up.MP3,"upbeat,happy, Afrobeats, male, Nigerian"
dataset/Mr eazi - Kpalanga.MP3,"upbeat, energetic, Afrobeats, male, African"
dataset/Caltonic SA - Igama Le Piano_(muzmo.pro).mp3,"upbeat, energetic, Amapiano, male, instrumental"
dataset/Majeeed-Cry-shayo-ft-Lojay.mp3,"emotional, sad, Afrobeat, male, collaboration"
dataset/Kelvyn-Boy-Getting-Better-ft-King-Promise.mp3,"upbeat,positive,hopeful, Afrobeats, male, collaboration"
dataset/Drake - I'm upset.MP3,"upset, Hip Hop, Male, Drake"
dataset/Crayon Ft Ayra Starr - Ngozi.mp3,"upbeat, joyful, Afrobeats, mixed, collaboration"
dataset/Victor-AD-See-God-ft-2Baba.mp3,"uplifting, inspirational, Afrobeat, male, "
dataset/Lojay & Sarz - Monalisa (Remix) ft Chris Brown.mp3,"upbeat, romantic, afrobeats, pop, male, collaboration, remix"
dataset/Central cee - 6 for 6.MP3,"upbeat, rap, male, UK rap"
dataset/Mr Eazi - Sample You (Remix) Ft  Lil Kesh.mp3,"upbeat, energetic, afrobeat, male, remix, collaboration"
dataset/XXXRATED - OWANA.mp3,"energetic,hype, rap, male, "
dataset/Different Size ( Radio Edit) Burna Boy Ft Victony.mp3,"upbeat, energetic, Afrobeats, male, collaboration"
dataset/T.Y.E & BNXN fka Buju - Omo Elewa.mp3,"energetic, bold, hip hop, male, "
dataset/ASA - SHOW ME OFF.MP3,"upbeat, energetic, pop, female, catchy"
dataset/iPhoolish-Kwaito-by-Fathermoh-ft-Ssaru-Iphoolish-Exray.mp3,"upbeat,dance, Kwaito, mixed, collaboration"
dataset/Chiké  Tell Am.mp3,"energetic,happy, Afrobeats, male, Nigerian"
dataset/Sauti soul - Lil mama.MP3,"upbeat,happy, Afro-pop, mixed, Kenyan"
dataset/TROD  Loyal Ghetto Gospel featuring Junior Boy.mp3,"loyal, gospel, hip hop, male, featuring"
dataset/Olamide - No time.MP3,"energetic, upbeat, Afrobeat, male, Nigeria, hip hop"
dataset/Chillibite-Bashimane-Ba-Di-Polo-Ft-Lesmahlanyeng-Dr-Malinga-Mapara-A-Jazz-Shandesh-Teammosha-MRD-De-Heavyweight.mp3,"chill, Amapiano, mixed, collaboration, dance"
dataset/Candy Bleakz ft HotKid - Ko Possible.mp3,"upbeat, energetic, Afrobeats, female, collaboration"
dataset/Dave & boj - Lazarus.MP3,"upbeat, energetic, hip hop, male, collaboration"
dataset/Teni - Case.MP3,"upbeat,happy, afrobeat, female, love,storytelling"
dataset/Fireboy dml ft ed sheeran - Peru (acoustic).MP3,"relaxing, emotional, acoustic, male, collaboration, popular"
dataset/Kizz daniel - Anchovy.MP3,"upbeat,happy, Afrobeat, male, Dance"
dataset/Zinoleeski -  Call of Duty.mp3,"energetic,upbeat, Afrobeats, male, Nigerian"
dataset/Ninho-Eurostar-Ft-Central-Cee.mp3,"energetic, upbeat, rap, male, collaboration"
dataset/Waje - So Inspired.mp3,"inspired, R&B, female, "
dataset/Timaya - Born to win.MP3,"upbeat,happy, afrobeat, male, empowering"
dataset/Prettyboy d-o & nissi - Belly of the beast.MP3,"energetic, dark, Afrobeat, male, collaboration"
dataset/Kanye west - Closed on sunday.MP3,"energetic, inspirational, hip hop, male, Kanye West"
dataset/Aymos_Jessica_LM_-_Amandla.mp3,"upbeat, energetic, afro-house, mixed, collaboration"
dataset/Eddy-Kenzo-Long-to-Be-Home-ft-morgan-heritage.mp3,"upbeat,happy, Afrobeat, male, collaboration"
dataset/Soma ft efe - Soft touch.MP3,"peaceful, soothing, Afrobeats, male, collaboration, soft vocals"
dataset/John legend ft nas and florian picasso - Tomorrow.MP3,"uplifting, inspiring, pop, hip hop, male, collaboration, featured artists"
dataset/Cheque - Loco.MP3,"energetic, upbeat, hip hop, male, Cheque"
dataset/Olamide - Eleda Mi (KU3H Amapiano Remix).mp3,"upbeat, energetic, Amapiano, Male, remix"
dataset/Buju ft zlatan ibile - Spiritual.MP3,"energetic, upbeat, Afrobeats, male, collaboration"
dataset/Highlyy - Honest.mp3,"upbeat,happy, pop, female, catchy"
dataset/Tesh Carter - Rebel ft Blaq Bonez (Radio edit).mp3,"rebellious, energetic, hip hop, rap, female, collaboration, radio edit"
dataset/R2Bees ft. Wizkid - TO NIGHT.mp3,"upbeat, energetic, Afrobeats, male, collaboration"
"dataset/DJ Maphorisa x Kabza De Small - Lorch (feat. Semi Tee, Miano Kammu Dee).mp3","energetic, lively, amapiano, male, collaboration, South African music"
dataset/Beyonce - Find your way back.MP3,"upbeat,empowering, R&B, female, popular"
"dataset/Loose Kaynon, A-Q, M.I Abaga, Blaqbonez - Plus 254 ft Bien x Khaligraph Jones.mp3","energetic,hype, hip hop, male, collaboration"
dataset/Idahams_-_Che_Che.mp3,"upbeat, energetic, Afrobeat, male, dance"
dataset/AJEBO HUSTLERS- YOU GO KNOW.mp3,"energetic, uplifting, Afrobeat, male, Nigerian"
dataset/Wizkid - Electric Ft  London.mp3,"energetic, upbeat, Afrobeats, male, "
dataset/Mavokali-Nalego).mp3,"upbeat,happy, Afrobeat, male, collaboration"
dataset/Yung6ix - Follow Me f  Wizkid.mp3,"upbeat,happy, Afrobeats, male, collaboration"
dataset/Waje - Omini-Knowest.mp3,"soulful,powerful, Afrobeats, female, Nigerian"
"dataset/Kizz daniel ft olamide, falz and lk kuddy - Currently.MP3","upbeat, lively, Afrobeats, multiple, collaboration, Nigerian artists"
dataset/Skales - Gum Body Ft  Da Les  Young D.mp3,"upbeat, funky, Afropop, male, collaboration"
dataset/MBA All Stars  - Different Feeling.mp3,"energetic, upbeat, pop, mixed, collaboration, positive vibes"
dataset/Asake - Peace be unto you (pbuy).MP3,"peaceful, inspirational, Gospel, Male, religious"
dataset/Mayorkun -  For Daddy.mp3,"joyful,happy, Afrobeat, male, celebratory"
dataset/Ric Hassani - Ngozi.mp3,"melancholic, romantic, Afrobeats, male, Nigerian artist"
dataset/04-Candy-Bleakz-Celepiano.mp3,"upbeat, energetic, Afrobeats, female, dance"
dataset/Nonso Amadi - Comfortable ft Kwesi Arthur.mp3,"chill,relaxing, R&B, male, collaboration"
dataset/Wande Coal -  Dues.mp3,"upbeat,happy, Afrobeat, male, dance"
dataset/Skales ft davido - Currency.MP3,"energetic, upbeat, afrobeats, male, collaboration"
dataset/Reminisce ft adekunle gold - Toxic.MP3,"romantic, nostalgic, Afrobeat, male, "
dataset/Dna - Ifesinachi.MP3,"upbeat,happy, Afrobeat, male, Nigerian"
dataset/M-Kaze - You Be The One.mp3,"happy, upbeat, Afrobeat, male, love, romantic"
dataset/Avicii ft aloe blacc - Sos.MP3,"uplifting,happy, electronic, male, collaboration"
dataset/Major lazer  ft burna boy - All my life.MP3,"energetic, upbeat, lively, electronic, afrobeats, male, collaboration, danceable"
dataset/Sarkodie Ft Oxlade She Bad.mp3,"upbeat, energetic, Afrobeats, Hip hop, male, collaboration"
dataset/Mgiftoz-Be-Patient-ft-Dj-Vino-Lolo-SA-And-Busta-929.mp3,"energetic, upbeat, Amapiano, mixed, collaboration"
dataset/LAX - Ayaya Ft  Bella Shmurda.mp3,"energetic, upbeat, Afrobeats, male, collaboration"
dataset/Ceeza Milli - Shayo ft Wizkid.mp3,"upbeat,happy, afrobeats, male, collaboration"
"dataset/Beyonce ft jay-z , quavo - Apeshit.MP3","energetic, aggressive, hip hop, rap, female, collaboration"
dataset/Nicki minij - Hard white.MP3,"energetic, hip hop, female, empowering"
dataset/Seyi Vibze Ogochukwu.mp3,"upbeat,happy,energetic, Afrobeat, male, "
dataset/Shatta_Wale_-_Cold_Store.mp3,"energetic, lively, Afrobeats, male, danceable, upbeat"
dataset/Arrdee - Flowers (say my name).MP3,"upbeat, catchy, energetic, rap, hip hop, male, popular, trending"
dataset/Bnxn - Pray.MP3,"somber, hopeful, hip-hop, male, chill"
dataset/Omawumi - For My Baby.mp3,"upbeat, romantic, Afrobeat, female, love song"
dataset/Kel-P Ft Blaqbone - Warning.mp3,"energetic, bold, Afrobeats, female, collaboration"
dataset/Focalistic - This Year.mp3,"energetic, upbeat, Amapiano, male, South African music"
dataset/SHATTA WALE - CAMPAIGN.mp3,"energetic, upbeat, Afrobeat, male, campaign, motivational"
dataset/Olamide-Hello-Habibi.mp3,"upbeat,happy,energetic, afrobeats, male, "
dataset/Majeeed ft Lojay - Shayo radio edit.mp3,"energetic, party, Afrobeats, male, collaboration, radio edit"
"dataset/Juls ft kida kudz, ms banks and pa salieu - Like tu dance.MP3","upbeat, party, Afrobeats, mixed, collaboration"
dataset/Olamide ft wande coal - Hate me.MP3,"energetic, hip hop, male, collaboration"
dataset/Crayon x Rema_Too Correct Radio Edit MAIN.mp3,"exciting,happy, afrobeats, male, collaboration"
dataset/Ayanfe  - Temptation.mp3,"romantic, seductive, Afrobeats, male, Nigerian"
dataset/Sevyn streeter ft davido - Kisses.MP3,"romantic, upbeat, R&B, Afrobeat, female, male, collaboration"
dataset/Cardi b - Get up 10.MP3,"energetic, hip-hop, female, inspirational"
dataset/Ric hassani and dbyz - Do like say.MP3,"romantic, happy, afrobeat, male, collaboration"
dataset/Olamide - Mojo.MP3,"energetic,happy, afrobeat, male, Nigerian"
dataset/DI'JA - WUTA (Prod. BY Tiklex).mp3,"upbeat, energetic, Afrobeat, female, Nigerian"
dataset/Wurld - Gbemisoke.MP3,"uplifting, positive, Afrobeat, male, Nigerian"
dataset/Blaqbonez ft Jeriq - NYEM EGO.mp3,"energetic,hype, hip hop, male, Nigerian artist"
dataset/Ice-Prince ft Hyzah - CARRY YOUR MATTER.mp3,"happy, upbeat, afrobeat, male, collaboration"
dataset/Dr malinga ft josta - Angilalanga izolo.MP3,"energetic, lively, Afro House, male, collaboration, South African music"
dataset/Ayra Star - Jazzy’s Song.mp3,"upbeat, energetic, lively, Afrobeat, female, groovy"
dataset/KHEENGZ_DEBIT_FINAL 2.mp3,"energetic, upbeat, confident, hip hop, male, N/A"
dataset/Tems - The Key.mp3,"soulful, chilled, R&B, female, Nigerian"
dataset/Darkoo-Favourite-Girl-ft-Dess-Dior.mp3,"sultry, energetic, Afrobeats, R&B, female, collaboration"
dataset/Peace (Radio Edit) Mohbad.mp3,"peaceful, uplifting, Afrobeats, male, radio edit"
dataset/Charlie puth - I don't think that i like her.MP3,"upbeat, catchy, pop, male, love, relationship"
dataset/Phyno and olamide - - Ojemba.MP3,"energetic, upbeat, hip hop, afrobeat, male, collaboration"
dataset/Wurld - Love Nobody.mp3,"sensual, romantic, R&B, male, Piano, Soulful"
dataset/Konke-Malandela.mp3,"upbeat,happy, gospel, male, African"
dataset/Rema - Holiday.mp3,"upbeat,happy,energetic, afrobeat, male, summer vibes"
dataset/Emo Grae - Gone.mp3,"sadness, heartbreak, Afrobeat, male, Nigerian"
dataset/Remy baggins - In my bed.MP3,"relaxed, mellow, R&B, male, chill"
dataset/Burna Boy - Science.mp3,"upbeat, energetic, afrobeat, male, Nigeria, dance"
dataset/Crayon - Bamiloke.MP3,"upbeat,happy, Afrobeat, male, summer vibes"
dataset/Migos - Straightenin.MP3,"energetic, upbeat, hip hop, male, group, rap"
dataset/CKay-nwayi.mp3,"upbeat,happy, Afropop, male, Nigerian"
dataset/Naira marley - Tesumole.MP3,"energetic, lively, afrobeat, male, dance, Nigerian"
dataset/Asake-Lonely-At-The-Top (radio clean).mp3,"lonely, top, afrobeats, male, radio clean"
dataset/Joeboy - Baby girl.MP3,"romantic, upbeat, Afrobeats, male, Nigerian"
dataset/Mavins all stars - Overdose.MP3,"energetic, upbeat, Afrobeats, mixed, group, collaboration"
dataset/Timaya - I don Blow Ft Shayo Pisanta.mp3,"energetic, upbeat, afrobeats, male, collaboration"
dataset/DJ_Clems_330_Alhaja.mp3,"energetic, happy, upbeat, afrobeats, male, party"
dataset/Skales  ft Rotimi - Konibaje-Remix.mp3,"energetic, upbeat, Afrobeats, male, collaboration, remix"
dataset/Ice Prince Holding On (Radio Edit) Clean Version.mp3,"uplifting, hopeful, hip hop, male, clean version"
dataset/Sound sultan ft bella shmurda - Reality cheque.MP3,"upbeat, energetic, Afrobeats, male, collaboration"
dataset/Tyla-On-My-Body-ft-Becky-G.mp3,"upbeat, energetic, pop, mixed, collaboration"
dataset/Oluwadolarz-Ball-Ft-Boy-Maliq.mp3,"energetic,happy, afrobeat, male, collaboration"
"dataset/Teezee, kofi mole and prettyboy d.o - New government.MP3","energetic, uplifting, hip hop, rap, mixed, collaboration, Nigerian music"
dataset/Amaarae-Disguise.mp3,"upbeat, energetic, vibrant, afrobeats, pop, female, catchy"
"dataset/Fuse odg ft olamide, joey b, kwamz and flava - Cool down.MP3","energetic, upbeat, afrobeat, mixed, collaboration"
dataset/Johnny Drille Stay.mp3,"melancholic, serene, folk, acoustic, male, Nigerian artist"
dataset/Kizz daniel - We wan comot.MP3,"energetic, fun, Afrobeats, male, upbeat, danceable"
dataset/Komasava (Comment Ça Va) - Diamond Platnumz.mp3,"happy, energetic, afrobeat, male, Tanzanian artist"
dataset/Kaestyle-Egberi-Ft-6lack.mp3,"energetic, upbeat, Afrobeats, male, collaboration"
dataset/Crayon - Sometimes.MP3,"upbeat,happy,energetic, pop, male, catchy"
"dataset/Harrysong, Hiro - Deliver Me.mp3","upbeat,happy, Afrobeat, male, "
dataset/Londie london - He goes.MP3,"upbeat, energetic, afro-pop, female, South African"
dataset/Shekhinah - Suited.MP3,"romantic, R&B, female, "
dataset/Wstrn ft stefflon don - Special.MP3,"upbeat,dance, pop, mixed, collaboration"
dataset/Sigag lauren - Memories (remix).MP3,"uplifting, energetic, electronic, female, remix, dance"
dataset/Kizz daniel ft diamond platnumz - Tere.MP3,"energetic, lively, afrobeat, male, collaboration"
dataset/Wizkid ft ycee - Aphrodisiac.MP3,"upbeat, romantic, afrobeat, male, "
dataset/EFYA - MR HIGH.mp3,"upbeat, energetic, Afrobeat, female, dance"
dataset/Arizona zervas - Roxanne.MP3,"upbeat, energetic, pop, hip-hop, male, catchy"
dataset/Kashcoming-Casa-ft-Zerrydl.mp3,"energetic, upbeat, afrobeat, male, collaboration"
dataset/Kizz daniel - Lie.MP3,"upbeat,happy, Afrobeats, male, Nigeria"
dataset/M - 22 ft medina - First time.MP3,"upbeat, pop, mixed, collaboration"
dataset/Beekay and jdess - Alte lover.MP3,"romantic, nostalgic, R&B, mixed, collaboration, soulful"
dataset/Asylum - Olivetheboy.mp3,"dark, intense, emotional, hip hop, male, up-and-coming"
dataset/Cassper Nyovest Pardon My Arrogance Radio Edit Clean Version.mp3,"energetic, confident, hip-hop, male, radio edit, clean version"
dataset/Justin Bieber  Honest Clean feat Don Toliver.mp3,"upbeat, romantic, pop, male, collaboration"
"dataset/Victony Ft Crayon , Bella Shmurda - OHEMA.mp3","upbeat, energetic, afrobeats, mixed, collaboration"
dataset/Ruger-I-Want-Peace.mp3,"calm, peaceful, Afrobeats, Male, Nigerian"
dataset/Bagetti-Dawn.mp3,"upbeat,energetic,happy, pop, female, dance"
dataset/Zlatan - Wake up.MP3,"energetic,hype, hip hop, male, uplifting"
"dataset/Halsey - I am not a woman, i'm a god.MP3","empowering, confident, pop, female, alternative"
dataset/Mid3 - Under G.mp3,"energetic, uplifting, electronic, male, instrumental"
dataset/Emo grae ft buju - 0903.MP3,"emotional, chill, Afrobeats, Male, collaboration"
dataset/Balloranking-Alive.mp3,"upbeat,happy, Afrobeats, male, energetic"
dataset/02. Busta 929 - Uyavala (feat. Pcee).mp3,"upbeat, energetic, amapiano, male, collaboration, featured artist"
"dataset/BLOODY CIVILIAN FT JOEBOY, ENNY AND MAJEEED - FAMILY MEETING (REMIX).mp3","energetic,happy, Afrobeats, mixed, collaboration,remix"
"dataset/Seven lions , jason ross ft jonathan mendelsohn - Ocean.MP3","Energetic, Emotional, Electronic, Trance, Mixed, Collaboration, Vocals"
dataset/Demola - Mbappe.mp3,"energetic, upbeat, afrobeats, male, Nigerian artist, danceable"
dataset/Davido ft summer walker - D & g.MP3,"upbeat, romantic, afrobeat, R&B, male, female, "
dataset/Otega-streak-ft-enitxn.mp3,"energetic, upbeat, afrobeats, male, collaboration"
dataset/Trey songz ft ty dolla sign and tory lanez - Shoot shots.MP3,"upbeat, energetic, R&B, male, collaboration"
dataset/Mr P - Just Like That ft Mohombi.mp3,"upbeat, dance, afrobeat, pop, male, collaboration"
dataset/Prohgres - Loop.mp3,"upbeat,happy, dancehall, male, Jamaican"
dataset/Dj neptune ft mayourkun - Tear rubber.MP3,"upbeat, energetic, Afrobeat, Male, collaboration"
dataset/Ayra starr - Cast (gen z anthem).MP3,"energetic, empowering, afrobeats, female, Gen Z, anthem"
dataset/Vector  Mastaa feat  DJ Neptune - Eyan Colgate.mp3,"energetic, upbeat, Afrobeats, male, collaboration, Nigerian music"
dataset/Shoday - Casanova.mp3,"upbeat, energetic, dance, male, catchy"
dataset/Fireboy dml - Afro highlife.MP3,"upbeat, energetic, Afro highlife, male, "
dataset/Calvin harris ft frank ocean and migos - Slide.MP3,"upbeat,happy, pop, mixed, collaboration"
dataset/Reminisce - Eleniyan ft Wizkid.mp3,"upbeat, energetic, Afrobeat, male, collaboration"
dataset/Sweet Escape - Amaeya.mp3,"happy, upbeat, pop, female, catchy"
dataset/ODUMODUBLVCK-WOTOWOTO-SEASONiNG.mp3,"energetic, upbeat, afrobeats, male, "
"dataset/Major Lazer & Major League Djz - Ke Shy (feat. Tyla, LuuDaDeejay & Yumbs.mp3","energetic, upbeat, Afrobeat, Dance, mixed, collaboration"
dataset/Orezi-I-Swear.mp3,"upbeat, energetic, afrobeats, male, catchy"
dataset/Muyeez-Haya-Ft-Billion-Solar.mp3,"upbeat,happy, afrobeats, male, collaboration"
dataset/Normani - Motivation.MP3,"upbeat,sassy, R&B, female, empowering"
dataset/Ceeza milli - God abeg.MP3,"upbeat, afrobeat, male, prayer, inspirational"
dataset/Zedd ft elley duhe - Happy now.MP3,"happy, electronic, mixed, collaboration"
dataset/Dj enimoney ft olamide - Sugar daddy.MP3,"energetic, lively, Afrobeats, male, collaboration"
dataset/Jungle (Clean) - Nasty C.mp3,"energetic, upbeat, hip hop, male, clean version"
dataset/DJ SPINALL Ft Azanti & Zaiam Cruise (Radio Edit) Clean Version.mp3,"energetic, upbeat, Afrobeats, mixed, radio edit, clean version"
dataset/AV - Confession.mp3,"melancholic, reflective, pop, male, singer-songwriter"
dataset/Tjan - Túre.mp3,"romantic, soothing, R&B, male, Nigerian artist"
dataset/Asap rocky - Babushka boi.MP3,"energetic, hype, hip hop, male, rap, catchy"
dataset/Rotimi ft wale - In my bed.MP3,"sensual, romantic, R&B, male, collaboration"
dataset/Ayo jay - Whine pon it.MP3,"energetic, lively, afrobeats, male, danceable"
dataset/Dyo - Real.MP3,"upbeat,happy, pop, female, "
dataset/Dj cuppy ft zlatan ibile - Gelato.MP3,"energetic, upbeat, Afrobeat, female, collaboration"
dataset/Tega-boi-dc-Sere-ft-Evil-Beast.mp3,"upbeat,happy, afrobeats, male, collaboration"
dataset/Asake ft. zlatan and peruzzi - Mr money (remix).MP3,"energetic,upbeat, afrobeat, mixed, collaboration,remix"
dataset/Camila cabello - Must be love.MP3,"romantic, upbeat, pop, female, "
dataset/08-Daliwonga-Bana-Ba-ft-Shaunmusiq-Ftears-(JustNaija.com).mp3,"laid-back, chill, amapiano, male, collaboration, South African music"
dataset/Odumodublvck - Declan rice.MP3,"upbeat,hype, afrobeats, male, Nigerian artist"
dataset/Blaqbonez - Like ice spice.MP3,"energetic, fun, hip hop, male, Nigeria"
dataset/Russ ft davido - All i want.MP3,"upbeat, energetic, hip hop, R&B, male, collaboration"
dataset/Dj-Melzi-Tlwela-Jwala-ft-Mkeyz.mp3,"energetic, upbeat, Amapiano, male, collaboration"
dataset/Psycho_YP_-_Fame_Sh_t (Radio Edit) LAMB.mp3,"upbeat,hype, hip-hop, male, radio edit"
dataset/Simi - Christmas sometin.MP3,"festive, cheerful, Afrobeat, female, Christmas"
dataset/Success muzik - Yawa.mp3,"energetic, upbeat, positive, afrobeat, male, Nigerian"
"dataset/Tyga, swae lee , lil mosey - Krabby step.MP3","energetic,hype, hip-hop, male, collaboration"
dataset/Waje ft adekunle gold - Why.MP3,"emotional, Afrobeat, Female, Collaboration"
dataset/DJ Kaywise - Yes Or No ft TClassic.mp3,"energetic, upbeat, Afrobeats, male, collaboration"
dataset/Hip hop pantsula - Jabba.MP3,"energetic, upbeat, hip hop, male, South African music"
dataset/Sojaboy - Nishadi.mp3,"upbeat,happy, Afrobeats, male, viral"
dataset/Ice-Prince Ft Tml Vibez - Seke.mp3,"energetic, lively, Afrobeats, male, collaboration"
dataset/Wande coal and sarz - Vex.MP3,"energetic, confident, Afrobeat, male, collaboration"
dataset/Victony - Risk.mp3,"dark, intense, emotional, hip hop, rap, female, Nigeria, Afrobeat"
dataset/Dj tunez ft wizkid and blaqjerzee - Gbese.MP3,"upbeat, energetic, Afrobeats, male, collaboration"
dataset/DeeTheGeneral-Umuhle-ft-Wave-Rhyder.mp3,"upbeat,happy, hip hop, male, collaboration"
dataset/Brandy-Maina-ALINI-BLOCK.mp3,"upbeat,happy, pop, female, collaboration"
dataset/DJ Tárico - Ta Fox.mp3,"energetic, groovy, lively, afro house, male, club, dance"
dataset/Bonga-Kwana-Ndibize-ft-DrumPope-Bucie.mp3,"upbeat,energetic, afro-house, mixed, collaboration"
dataset/Focalistic-Thama-tee-Icebeats-Dubai.mp3,"energetic, upbeat, amapiano, male, collaboration"
dataset/Mayten & Megadrumz - Holy Father.mp3,"uplifting, spiritual, gospel, mixed, collaboration"
dataset/AYANDA_JIYA_-_IT_S_YOU_THAT_I_WANT_FEAT_FLVME.mp3,"romantic, R&B, female, collaboration"
dataset/Paul play - Angel of my life.MP3,"romantic, soothing, R&B, male, love song"
dataset/Timaya - Charger.MP3,"energetic, upbeat, afrobeat, male, dance, party"
dataset/Gyakie_-_Something.mp3,"romantic, soothing, Afrobeats, female, love song"
dataset/Mr eazi ft giggs - London town.MP3,"energetic, upbeat, lively, Afrobeats, male, collaboration, urban"
dataset/Wizkid ft Wande Coal - ololufe.mp3,"romantic, love, Afrobeat, male, collaboration"
dataset/Dj khaled ft nipsey hussle and john legend - Higher.MP3,"uplifting, inspirational, hip hop, male, collaboration"
dataset/Kizz Daniel Pour.mp3,"upbeat,happy,dance, afrobeats, male, summer vibes"
dataset/M.i abaga - The blood.MP3,"energetic, intense, hip hop, male, Nigerian"
dataset/Rudeboyz ft zameka - Let it flow.MP3,"upbeat,energetic, dance,electronic, mixed, collaboration"
dataset/Muyeez-Trending-Remix-Ft-Tml-Vibez-Shallipopi.mp3,"upbeat,dance, Afrobeats, male, remix,featuring"
dataset/Eddy Montana-This Year.mp3,"uplifting, energetic, pop, male, yearning, hopeful"
dataset/Amaarae - Fancy.MP3,"upbeat, groovy, funky, Afrobeats, R&B, female, catchy, energetic"
dataset/Eddy-Kenzo-Welo-Ft-Fik-Fameica.mp3,"upbeat,happy, Afrobeat, male, collaboration"
dataset/Olamide - Bugle.MP3,"energetic, hype, hip hop, male, Nigerian"
dataset/Mohbad - Backside.MP3,"upbeat, Afrobeats, male, dance"
dataset/Darkovibez ft boomski radio - Jealousy.MP3,"dark, jealous, R&B, Hip Hop, mixed, collaboration"
dataset/Peruzzi - Somebody Baby Ft Davido.mp3,"upbeat, romantic, Afrobeat, male, collaboration"
dataset/Davido & Chris Brown - Blow My Mind dflamz clean .mp3,"catchy, upbeat, Afrobeats, R&B, male, collaboration"
dataset/Meek mill ft. lil baby & lil durk - Sharing locations.MP3,"energetic, intense, hip-hop, male, collaboration, rap"
"dataset/Come Correct - Fozter (prod. Kranki, mm. Mixtrosity).mp3","energetic, upbeat, hip hop, male, collaboration"
dataset/James blake ft metro boomin and travis scott - Mile high.MP3,"chill, atmospheric, electronic, R&B, mixed, collaboration"
dataset/Deejay j masta ft jaywillz and 1da banton - Elegus.MP3,"upbeat,energetic, afrobeat, male, collaboration"
dataset/PsychoYP-Disintegrate-ft-Jeriq.mp3,"energetic, aggressive, hip hop, male, collaboration, Nigerian music"
dataset/Cheque  FT Phyno - Glory Days.mp3,"uplifting, inspiring, afrobeat, male, collaboration"
dataset/Stakev-Inkwari-(JustNaija.com).mp3,"energetic, lively, Amapiano, male, South African"
dataset/Tekno - Woman.MP3,"empowering, energetic, afrobeat, male, uplifting"
dataset/Falz - Soldier Ft  Simi.mp3,"emotional, love, dramatic, Afrobeat, male, collaboration, Nigerian music"
dataset/Phina-Bandama.mp3,"happy, energetic, Afrobeats, female, upbeat"
dataset/Victor ad - Olofofo.MP3,"upbeat, motivational, Afrobeat, male, Nigerian music"
dataset/Rexxie ft zinoleesky - No more condition.MP3,"upbeat, energetic, Afrobeats, male, collaboration, Nigerian music"
dataset/Show Dem Camp - Head Over Heels ft Victony.mp3,"relaxed, chill, romantic, afrobeats, hip hop, male, collaboration, Nigerian music"
dataset/Yemi alade - Dancina.MP3,"upbeat, energetic, afrobeat, female, dance"
dataset/Johnny drille - Mystery girl.MP3,"romantic, mysterious, Alternative, Male, Nigerian"
dataset/Bnxn x Ruger - POE.mp3,"energetic,hype, Afrobeats, male, "
dataset/WIZKID - Blessed FT Damian Marley (MADE IN LAGOS).mp3,"uplifting, relaxed, afrobeat, male, collaboration, reggae"
dataset/Laycon - Underrate.MP3,"upbeat, hip hop, male, Nigerian, rap"
dataset/Tekno - Only One.mp3,"energetic,happy, Afrobeats, male, Nigerian"
dataset/Ajebo Hustlers  Loyalty dflamz radio .mp3,"upbeat, energetic, Afrobeats, mixed, Nigerian music"
dataset/HBEE ft CHEDDAR ACE & DJ MAPHY - WIRE.mp3,"upbeat, energetic, Afrobeats, male, collaboration"
dataset/Swae lee - Someone said.MP3,"upbeat, energetic, hip hop, rap, male, popular"
dataset/Kehlani ft ty dolla sign - Nights like this.MP3,"chill, emotional, R&B, female, collaboration, duet"
dataset/Burna Boy - Way Too Big.mp3,"energetic,confident, Afrobeat, male, upbeat,dance"
dataset/Wande Coal - Tofunmi Ft  Sarz x TDM.mp3,"upbeat,dance, Afrobeat, male, collaboration"
dataset/Burna boy - Sittin on top of the world.MP3,"chill, confident, Afrobeats, male, upbeat"
dataset/Asake Ft Central Cee - Wave.mp3,"energetic, upbeat, Afrobeats, Hip hop, mixed, collaboration"
dataset/Justine skye ft rema - Twisted fantasy.MP3,"dreamy, romantic, R&B, Afrobeats, Female, Male, collaboration, love song"
dataset/Backstreet boys - Don't go breaking my heart.MP3,"upbeat,happy, pop, male, 90s"
dataset/Korede Bello - Do like That (Remix)  Ft  Kelly Rowland.mp3,"exciting, energetic, Afropop, male, collaboration, remix"
dataset/Jeriq- Ifedimma.mp3,"upbeat,happy, hip hop, male, Nigerian"
dataset/Blaqbonez - Back in uni.MP3,"energetic, nostalgic, hip hop, male, Nigeria, university"
dataset/SHE'S A BANGER (feat year 1.2).mp3,"energetic, upbeat, pop, female, featuring, collaboration"
dataset/Ajebo Hustlers - Symbiosis ft Nissi.mp3,"upbeat, energetic, Afrobeat, Mixed, collaboration"
dataset/Stormzy ft headie one - Audacity.MP3,"energetic, confident, hip hop, rap, male, collaboration"
dataset/Brainee - Panic.MP3,"energetic, lively, upbeat, afrobeats, male, Nigerian artist, danceable"
dataset/KayGee The Vibe & Pronic DeMuziq - Knight Rider (feat. Njelic).mp3,"energetic,upbeat, amapiano, mixed, collaboration"
dataset/Vybz Kartel  Tik Tok Summer Clean Version.mp3,"upbeat, summer, dancehall, male, clean version"
dataset/Crayon - So fine.MP3,"upbeat,happy, Afrobeats, male, summer vibes"
"dataset/Major league djz, abidoza ft various artists - Ayeye.MP3","upbeat, energetic, Amapiano, mixed, collaboration"
dataset/DJ-Stokie-Sphesihle-Ft-Murumba-Pitch-Sir-Trill.mp3,"upbeat,happy,dance, amapiano, male, club banger"
dataset/Mannywellz - No closure.MP3,"reflective,soulful, R&B, male, heartfelt,emotional"
dataset/QING MADI - VISION.mp3,"upbeat, energetic, pop, female, futuristic"
dataset/Dj chase ft kwaaito - Kwamnandi.MP3,"upbeat,happy, Afro House, mixed, featured artist"
dataset/Teni - Wait.mp3,"upbeat,happy, afrobeat, female, pop"
dataset/Patoranking-Woman-Of-The-Year-ft-Zion-Foster.mp3,"uplifting, empowering, Afrobeat, male, collaboration"
dataset/French montana ft post malone and cardi b - Writing on the wall.MP3,"energetic, confident, hip hop, rap, male, female, collaboration, popular"
dataset/Janelle monae ft pharrel williams - I got the juice.MP3,"energetic, uplifting, pop, funk, female, collaboration"
dataset/THE REMEDIES - PEACE NIGERIA.mp3,"peaceful, uplifting, pop, mixed, Nigeria, The Remedies"
dataset/Alpha p - More.MP3,"energetic,upbeat, Afrobeats, male, Nigeria"
dataset/Eugy - Medicine (feat Maleek Berry & LADIPOE].mp3,"upbeat, energetic, catchy, Afrobeat, male, collaboration, summer vibes"
dataset/Sarkodie - Freaky & naughty.MP3,"freaky, naughty, hip hop, male, Sarkodie"
dataset/Khaid - Marry (feat. Shallipopi).mp3,"upbeat, cheerful, romantic, pop, R&B, male, feat. Shallipopi"
dataset/Miley cyrus ft dua lipa - Prisoner.MP3,"energetic,empowering,edgy, pop, female, collaboration"
dataset/Dotti The Deity - Forever Sweet _ Glitch Sessions_0vEC8MaYCsU.mp3,"sweet, glitchy, electronic, female, Dotti The Deity"
"dataset/Venom x Shishiliza - Sondela ft. Yumbs, Raspy, Blxckie, Riky Rick, Tshego.mp3","energetic, lively, upbeat, hip hop, rap, male, collaboration, South African"
dataset/T.i blaze - My life.MP3,"energetic, uplifting, hip hop, male, empowering"
dataset/Muyeez - Baybey.mp3,"upbeat,happy, Pop, Male, catchy"
dataset/Seyi Vibez ft Young Jonn - Suddenly.mp3,"upbeat, energetic, Afrobeats, male, collaboration"
dataset/MICHAEL JACKSON - THRILLER.mp3,"exciting, thrilling, pop, R&B, male, iconic"
dataset/Ycee - Dakun.MP3,"upbeat, energetic, Afrobeats, male, Nigerian"
dataset/Nandy - Ninogeshe.MP3,"romantic, bongo, female, Tanzanian"
dataset/Shallipopi Dey.mp3,"happy, upbeat, pop, female, "
dataset/Kizz daniel - Madu.MP3,"sensual, romantic, energetic, afrobeat, highlife, male, Nigerian music"
dataset/Maria - HarrySong.mp3,"uplifting,happy,joyful, Afropop, male, Nigerian"
dataset/Omawumi - Without You.mp3,"joyful, romantic, Afrobeats, female, love song"
dataset/DAVIS HOTISH - GOPE.mp3,"upbeat, energetic, pop, male, catchy"
dataset/Tems - Ft Asake Get It Right.mp3,"upbeat, energetic, Afrobeat, female, "
dataset/Marioo-Yanga-Mabingwa-(JustNaija.com).mp3,"upbeat, bongo, male, Tanzanian"
dataset/TI_Blaze Ft Bella Shmurda Alone.mp3,"upbeat, energetic, Afrobeat, male, collaboration"
dataset/T-NOT Ft Hakuna - Thank God.mp3,"grateful, upbeat, rap, mixed, collaboration"
dataset/Tekno-Twice-Shy.mp3,"upbeat, catchy, Afrobeats, male, danceable"
dataset/Pheelz ft Olamide - Joy.mp3,"joyful,happy,upbeat, Afrobeat, male, collaboration"
dataset/T-Classic - Fine Pass U (Extended Intro).mp3,"upbeat,happy, Afrobeats, male, love"
"dataset/Walshy fire, runtown and alkaline - No negative vibes.MP3","upbeat, energetic, positive, dancehall, reggae, mixed, collaboration"
dataset/Gdzilla - OT.mp3,"energetic, powerful, hip hop, male, fast tempo"
dataset/Kizz-Daniel-Side-Chick-Ft-DJ-Big-N-Yemi-Alade-Young-Jonn.mp3,"upbeat, Afrobeat, male, collaboration"
dataset/Cuppy - Jollof On The Jet Ft Rema & Rayvanny.mp3,"upbeat, energetic, Afrobeats, female, collaboration, summer vibes"
dataset/The chainsmokers ft winona oak - Hope.MP3,"hopeful, electronic, mixed, collaboration, featuring"
dataset/Toxic by Bagetti .mp3,"energetic, exciting, pop, female, hit, catchy"
dataset/Khalid - Talk.MP3,"upbeat, positive, groovy, R&B, Pop, male, catchy, modern"
dataset/Simi - Stranger.MP3,"mysterious, emotional, R&B, female, soulful"
dataset/Patoranking ft diamond platnumz - Kolo kolo.MP3,"energetic, upbeat, Afrobeats, Afro-dancehall, male, collaboration"
dataset/Chiké  Zamo.mp3,"uplifting, energetic, pop, male, African"
dataset/Adekunle Gold - Omo Eko.mp3,"upbeat, lively, Afrobeat, male, Nigerian"
dataset/FAVE - Controlla.mp3,"upbeat, energetic, groovy, pop, R&B, female, catchy, danceable"
dataset/Dookie - B A G ft HypeMc.mp3,"energetic, upbeat, hip hop, male, collaboration"
dataset/wandecoal ft burna boy  good day .mp3,"upbeat, happy, Afrobeat, male, collaboration"
dataset/Iyanya - Ijeoma ft Peruzzi.mp3,"upbeat, romantic, Afrobeats, male, collaboration, Nigerian music"
"dataset/Dj tunez ft wizkid, alpha p and tay iwar - Majo.MP3","energetic, uplifting, afrobeats, male, collaboration"
dataset/Larry gaaga ft reekado banks - Lekwa.MP3,"upbeat, lively, Afrobeat, male, collaboration, Nigerian"
dataset/DJ Tunez ft AV - FDP (Fire Di Party).mp3,"upbeat,dance, afrobeat, male, party"
dataset/Koffee - W  ft. Gunna.mp3,"energetic, upbeat, reggae, hip hop, female, collaboration, danceable"
dataset/OGOLOGO Starry.mp3,"upbeat, energetic, pop, female, catchy"
"dataset/Mut4y ft wizkid , ceeza milli - Commando.MP3","energetic, upbeat, afrobeats, male, collaboration"
dataset/Rexxie ft naira marley and skiibii - Abracadabra.MP3,"upbeat, energetic, Afrobeats, male, collaboration"
dataset/Olootu - Ghen Ghen.mp3,"energetic, upbeat, Afrobeats, male, Nigerian"
dataset/Burna Boy - Dey Play.mp3,"energetic,happy, Afrobeat, male, uplifting, dance"
dataset/Lil wayne & rich the kid - Headlock.MP3,"energetic,hype, hip hop, male, "
dataset/Wande coal - 3 square meal.MP3,"upbeat, energetic, Afrobeat, male, Nigerian"
dataset/Wande Coal - Turkey Nla.mp3,"upbeat,happy, Afrobeat, male, danceable"
"dataset/SMEEZ FT D3AN,MAJOR LEAGUE DJZ , DJ TUNEZ,SKIBOI-Too Fine.mp3","energetic, upbeat, afrobeat, mixed, collaboration"
dataset/Sauti-Sol-–-Afrikan-Star-ft.-Burna-Boy.mp3,"joyful, energetic, Afrobeats, male, collaboration, African"
dataset/Mut4Y - Commando Ft  Wizkid & Ceeza Milli.mp3,"energetic, upbeat, Afrobeats, male, collaboration, Nigerian artists"
dataset/Charli puth - Mother.MP3,"upbeat, energetic, pop, male, "
"dataset/DJ Consequence Ft Danny Brace , Runtown - On My Way.mp3","upbeat, energetic, afrobeat, male, collaboration"
"dataset/Jhene aiko ft pop smoke, tyga - Sunshine.MP3","upbeat, cheerful, R&B, Hip Hop, mixed, collaboration, summer vibe"
dataset/Kizz Daniel - Mama (House mix) ft DJ Caise.mp3,"upbeat, energetic, House, male, collaboration, remix"
dataset/MOSES _WIZARDCHAN FT BOMA NIME.mp3,"energetic, upbeat, Afrobeat, male, collaboration"
dataset/Jara ( Radio Edit ) Sir Dauda.mp3,"upbeat, energetic, Afrobeat, male, Radio Edit, Sir Dauda"
"dataset/Dzeko, riggi and piros ft veronica - Heaven.MP3","uplifting, energetic, dance, mixed, collaboration"
dataset/Ice Spice Ft Rema - Pretty Girl.mp3,"upbeat,happy, Afrobeats, male, collaboration"
dataset/Joeboy-Telephone-(JustNaija.com).mp3,"upbeat, energetic, Afrobeat, male, "
dataset/Olamide - No worries.MP3,"upbeat,happy, Afrobeats, male, Nigerian"
dataset/Majid jordan ft khalid - Caught up.MP3,"upbeat, romantic, R&B, mixed, collaboration"
dataset/Asake - Organise.MP3,"upbeat,happy, Afrobeats, male, Nigerian"
dataset/Khaid - With You.mp3,"romantic, pop, male, soulful"
dataset/Stonebwoy-Life-Money-Remix-Ft-Russ.mp3,"energetic, uplifting, Afrobeat, Dancehall, male, collaboration, remix"
dataset/THE REMEDIES - SADE.mp3,"calm, soothing, romantic, R&B, soul, female, mellow"
dataset/Oladapo-BomBoy.mp3,"upbeat, joyful, afrobeat, male, energetic"
dataset/Starboy ft wizkid and london - Electric.MP3,"energetic,hype, pop, male, collaboration"
dataset/Dremo - Kpa Ft  Davido.mp3,"energetic, lively, Afrobeats, male, collaboration"
dataset/Iyanya - 305.MP3,"upbeat, energetic, afrobeats, male, dance"
dataset/Malome Vector – Costa ft. DeeTheGeneral & Lizwi Wokuqala.mp3,"upbeat,happy, hip hop, male, collaborative"
dataset/Naakmusiq - Mamelani.MP3,"upbeat,dance, afro-house, male, south african"
dataset/Fireboy dml ft rema - Compromise.MP3,"romantic, upbeat, Afrobeat, male, collaboration"
dataset/07-Tems-Ready-(JustNaija.com).mp3,"upbeat, energetic, Afrobeat, female, Tems"
dataset/Tyler shaw - Remember.MP3,"uplifting, nostalgic, emotional, pop, male, love song"
dataset/Dremo - Bigger Meat.mp3,"upbeat, energetic, afrobeats, male, Nigerian"
dataset/Merrygo kid ft oxlade - Celebrate.MP3,"joyful, uplifting, Afrobeat, male, collaboration, celebration"
dataset/Olamide - We Outside.mp3,"energetic,happy, Afrobeats, male, Nigeria"
dataset/Blaqbonez ft bella shmurda - Okwaraji (remix).MP3,"upbeat,powerful, Afrobeats, male, collaboration,remix"
dataset/Banyana (feat. Mr JazziQ & Busiswa & Lady Du & Que DaFloor).mp3,"upbeat, energetic, lively, amapiano, mixed, collaboration, dance"
dataset/Johnny Drille  How are You My Friend.mp3,"calm, uplifting, folk, male, acoustic"
dataset/Davido - For the road.MP3,"upbeat, energetic, afrobeat, male, Nigeria"
dataset/Focalistic_feat_Riky_Rick_Semi_Tee_Reece_Madlisa_-_Onoroko_71756193.mp3,"energetic, upbeat, amapiano, male, collaboration"
dataset/RAYBEKAH - EX BOYFRIEND.mp3,"upbeat, energetic, Afrobeat, female, heartbreak, empowerment"
"dataset/Starboy ft wizkid, dj tunez - Cover me.MP3","energetic,upbeat, afrobeat, male, cover, featuring"
dataset/Rayvanny - My Lady X Reekado Banks X Lexsil.mp3,"upbeat, romantic, Afrobeats, mixed, collaboration"
dataset/Jimohsoundz - Ole ft  Dave C  1da Banton.mp3,"upbeat,happy, Afrobeats, male, collaboration, Nigerian music"
dataset/Korede Bello - Mr Vendor.mp3,"upbeat,happy, Afrobeat, male, love,romantic"
dataset/Wande Coal - Nobody Holy.mp3,"upbeat, energetic, Afrobeat, male, "
dataset/Boy Spyce Folake.mp3,"upbeat, energetic, afrobeat, male, catchy"
dataset/EFYA - MY HELPER.mp3,"uplifting, inspiring, gospel, female, "
dataset/Request (Radio Edit) Graham D.mp3,"energetic, upbeat, pop, male, radio edit"
dataset/Drake - War.MP3,"aggressive, confident, rap, male, hip hop"
dataset/Tjan - Meji ft Ycee.mp3,"upbeat, lively, Afropop, Male, collaboration"
dataset/WIZKID - Grace -  (MADE IN LAGOS).mp3,"upbeat,happy, afrobeats, male, Nigerian,feel-good"
dataset/Dj-Maphorisa-Adiwelele-ft-Tman-Xpress-Daliwonga-Sir-Trill-Shino-Kikai-TNT-MusiQ-(JustNaija.com).mp3,"upbeat,happy, Amapiano, mixed, collaboration"
dataset/Aloe blacc - I count on me.MP3,"uplifting,empowering, pop, male, "
dataset/Balloranking-Dinah-Ft-Dwillsharmony.mp3,"upbeat,happy, Afrobeat, Male, collaboration"
dataset/Charli xcx ft kim petras and tommy cash - Click.MP3,"energetic, upbeat, pop, mixed, collaboration"
"dataset/Dj tunez ft wizkid, wande coal and gimba - Blessings.MP3","uplifting, joyful, afrobeat, mixed, collaboration, Nigerian music"
dataset/Zlatan ibile and ivd - Bolanle.MP3,"energetic, upbeat, afrobeats, male, nigerian"
dataset/Skipper & DJ Sean Mannie - Gawu.mp3,"upbeat, energetic, afrobeats, male, collaboration, dance"
dataset/Fave-Belong-to-You.mp3,"upbeat,happy, pop, female, love song"
dataset/Clement-Letter-2-Mandela-ft-PD-Jokes-Sarah-G-sten-Marr.mp3,"uplifting,hopeful, hip hop, mixed, collaboration"
dataset/Stylo G - Dumpling (Intro - Clean).mp3,"energetic,fun, dancehall, male, intro,clean"
dataset/Reminisce ft mohbad - Shina peters.MP3,"upbeat, energetic, Afrobeats, male, collaboration, Nigerian"
dataset/Yaba bukulu boyz ft falz - Madam de madam.MP3,"upbeat, energetic, Afrobeat, mixed, collaboration"
dataset/LeriQ - Start All Over Ft  Odunsi.mp3,"upbeat, nostalgic, Afrobeat, male, collaboration"
dataset/Oh My Days - Smallgod.mp3,"uplifting,happy,dance, Afrobeats, male, catchy"
dataset/Prince D - Feel my bass.mp3,"energetic, upbeat, pop, dance, male, "
dataset/Sabrina -SIMPLICITY ft Prince Nico.mp3,"romantic, chill, upbeat, pop, R&B, female, collaboration"
dataset/Praiz - Reason.mp3,"uplifting, inspiring, emotional, R&B, Soul, male, Nigerian"
dataset/L.a.x ft. 2baba - Gobe.MP3,"energetic, groovy, Afropop, male, collaboration"
dataset/Khaid - Jara.MP3,"energetic,happy, pop, male, upbeat"
dataset/Sam smith ft koffee and jessie reyez - Gimme.MP3,"upbeat, energetic, soulful, pop, R&B, mixed, collaboration"
dataset/Adekunle-Gold-Not-My-Problem.mp3,"upbeat,happy, Afrobeat, male, catchy"
dataset/Omawumi-Love-You-Well-ft-Yemi-Alade.mp3,"romantic, lively, Afrobeat, female, collaboration"
dataset/Joeboy - Lonely.MP3,"melancholic, lonely, Afrobeats, male, Nigerian"
dataset/Dave ft. stormzy - Clash.MP3,"energetic, aggressive, hip hop, male, collaboration"
dataset/The black eyed peas and j balvin - Ritmo.MP3,"energetic, upbeat, pop, reggaeton, mixed, collaboration"
dataset/Idahams - Amanyanagbo.mp3,"upbeat,happy, Afrobeat, male, Nigerian"
dataset/Mr 2kay - Count it all Joy.mp3,"uplifting, joyful, Afrobeats, male, Nigerian"
dataset/Pabi Cooper Focalistic and Chcco  Banyana Ke Bafana Feat LuuDadeeja  Nobantu Vilakazi Audio.mp3,"energetic,upbeat, hip hop, mixed, collaboration"
dataset/Dremo - Izzokay ft Mayorkun.mp3,"upbeat, energetic, Afrobeat, male, collaboration"
dataset/Goldboy TML - DND.mp3,"chill, relaxed, R&B, male, "
dataset/Emo Grae X Buju - 0903 dflamz radio .mp3,"emotional,melancholic, Afrobeats, male, collaboration"
dataset/Black Sherif - Kilos Milos.mp3,"energetic, lively, Afrobeats, male, "
dataset/Wurld - Wayo (kpe le wu).MP3,"upbeat, energetic, Afrobeat, male, Nigerian"
dataset/Nonso amadi ft kwesi arthur - Comfortable.MP3,"chill, relaxed, R&B, male, collaboration"
dataset/Falz_-_All_Night.mp3,"upbeat,happy, Afrobeat, male, Nigerian"
dataset/Risky Refix Kranium (Clean).mp3,"upbeat, lively, dancehall, male, refix, clean"
dataset/Bracket - Focus.mp3,"happy, energetic, rock, male, upbeat"
dataset/Boy Spyce - Pepe.mp3,"upbeat,happy, afrobeats, male, danceable"
dataset/Kizz Daniel - Sooner.mp3,"upbeat,happy, afrobeat, male, dance"
dataset/VJ Adamz - Define Rap Ft  Ice Prince  Vector  Sound Sultan  Ms  Kizz & M I.mp3,"energetic, upbeat, hip hop, rap, multiple, collaboration"
dataset/KullKidd - BigBooty.mp3,"upbeat,energetic, hip hop, male, catchy"
dataset/(Afrobeat) Benjiflow - Somebody (Clean).mp3,"upbeat, happy, Afrobeat, male, clean"
dataset/BKAY! - Play.mp3,"energetic, uplifting, pop, male, catchy"
dataset/Stefflon don - Cant let you go.MP3,"upbeat, energetic, dancehall, female, catchy"
dataset/Funbi - Distance.mp3,"feel good, upbeat, hopeful, Afrobeat, female, love, relationships"
dataset/Magixx - Chocolate.MP3,"upbeat,happy, pop, female, love"
dataset/Jae5 x bnxn - Love made me do it.MP3,"upbeat, romantic, afrobeat, male, collaboration"
dataset/Sarz x Wurld - Ego (Extended Mix).mp3,"energetic, groovy, Afrobeat, male, collaboration"
dataset/Rema ft selena gomez - Calm down (remix).MP3,"upbeat, chill, pop, afrobeats, male, female, remix, collaboration"
dataset/Praiz - Heartbeat.mp3,"romantic, soulful, R&B, male, Nigerian artist"
dataset/Simmy feat Msaki  -   Hlelo.mp3,"upbeat, energetic, Afro house, female, collaboration"
dataset/Burna boy - Way too big.MP3,"energetic, confident, afrobeat, male, upbeat, danceable"
dataset/05 - Amina.mp3,"melancholic, reflective, pop, female, album"
dataset/DJ Neptune - Wait (Love & Greatness Remix).mp3,"energetic, Afrobeat, male, remix"
dataset/I'm Sorry (feat. Nkosazana Daughter & Master Kg).mp3,"apologetic, emotional, Afro House, mixed, feat. Nkosazana Daughter, Master KG"
dataset/Davido - Like Dat.mp3,"energetic, upbeat, Afrobeats, male, Nigerian music"
dataset/Aitch - Wait.MP3,"upbeat,happy, rap, male, British"
dataset/Zlatan Ibile - Osanle ft Davido.mp3,"energetic, Afrobeats, male, collaboration"
dataset/Praiz - Silent Night (Maze & Mxtreme Remix).mp3,"festive, upbeat, House, Male, Remix"
dataset/Show dem camp ft lady donli - For a minute.MP3,"chill, relaxed, Afrobeats, Hip-hop, Mixed, collaboration, Nigerian music"
dataset/Jason derulo ft adam levine - Lifestyle.MP3,"energetic, upbeat, pop, male, collaboration, mainstream"
dataset/Chiké  Good Things.mp3,"happy, joyful, uplifting, Afrobeats, R&B, male, Nigerian"
dataset/Tumza-D-kota-Hlasela-ft-Abidoza.mp3,"energetic,upbeat, amapiano, male, collaboration"
dataset/Adekunle-Gold-Party-No-Dey-Stop-Remix-ft-JayO-Byron-Messia clean.mp3,"upbeat,happy,party, Afrobeats, male, remix,featured artist"
dataset/Bella Shmurda Man Of The Year  Radio Edit Clean Version.mp3,"upbeat,happy, afrobeats, male, radio edit, clean version"
dataset/Kwiish-SA-Ngeke-Nibuye-Ft-Eemoh-Dr-Thulz-(JustNaija.com).mp3,"upbeat,happy, Amapiano, male, collaboration"
dataset/Selena gomez - Back to you.MP3,"nostalgic, romantic, pop, female, Selena Gomez"
dataset/Bnxn - Best Of Me.mp3,"upbeat, energetic, pop, male, "
dataset/Simi  Story Story.mp3,"upbeat, nostalgic, Afrobeat, female, storytelling"
dataset/Tumelo_za-Mnike-Zuma-Ft-Uncle-Waffles-DJ-Maphorisa.mp3,"energetic, upbeat, afro-house, male, collaboration, dance"
dataset/Wizkid - Steady.MP3,"upbeat, groovy, afrobeat, male, "
dataset/Kemuel - POLO.mp3,"uplifting, spiritual, gospel, male, worship"
dataset/Blaqbonez ft nasty c - Heartbreaker.MP3,"energetic, upbeat, hip hop, rap, male, collaboration"
dataset/Skales - Kpakurukpa.mp3,"upbeat, energetic, Afrobeat, male, Nigerian"
dataset/Mr eazi - Legalize.MP3,"upbeat, energetic, afrobeat, male, "
dataset/Khalid - Softest Touch.mp3,"relaxed, soothing, calm, R&B, male, chill, smooth"
dataset/AKUCHI - ALL MY LIFE.mp3,"energetic, uplifting, pop, R&B, female, catchy"
dataset/Fadda fox - Ducking.MP3,"energetic, fun, soca, male, party, dance"
dataset/Eltee skhillz - Odg.MP3,"energetic, upbeat, afrobeat, male, Nigerian"
dataset/Patoranking - Mon Bebe Ft Flavour.mp3,"romantic,upbeat, afrobeat, male, collaboration"
dataset/Bloody-Civilian-Mad-Apology.mp3,"angry, remorseful, rock, male, apology, civilian"
dataset/Crayon - Do me.MP3,"upbeat, playful, Afrobeats, male, "
dataset/Saint Kay ft Peruzzi - Daily 2k.mp3,"upbeat, energetic, positive, Afrobeats, male, collaboration, Nigerian music"
dataset/Lady donli - Suffer suffer.MP3,"upbeat, energetic, Afrobeat, female, Nigerian"
dataset/King Promise - Favourite Story.mp3,"upbeat, romantic, Afrobeat, male, heartfelt"
dataset/Adekunle Gold All My Life.mp3,"upbeat,happy, Afrobeat, male, love song"
dataset/Firstklaz - Fuji Radio.mp3,"upbeat,happy, pop, male, energetic, groovy"
dataset/Wande Coal - Talo Lomo.mp3,"upbeat, energetic, lively, Afrobeats, male, Nigerian, dance, party"
"dataset/Ill Bliss Ft Molade, Vector - Young & Balling.mp3","energetic, confident, hip-hop, male, collaboration"
dataset/Zinoleesky - Rocking.MP3,"upbeat,happy, Afrobeats, male, "
dataset/Skiibii - Baddest Boy.mp3,"energetic, upbeat, Afrobeats, male, dance"
dataset/Beekay - For you.MP3,"romantic, pop, male, love song"
dataset/JUNGKOOK FT LATTO - SEVEN.mp3,"energetic, upbeat, empowering, pop, hip hop, male, female, collaboration, dynamic"
dataset/Bad Man Wicked (Radio Edit) BNXN Buju.mp3,"energetic, upbeat, dancehall, male, reggae, Caribbean"
dataset/Chike - Nwoke oma.MP3,"joyful, uplifting, Afrobeats, male, Nigerian"
dataset/Fredo ft summer walker - Ready.MP3,"romantic, chill, R&B, mixed, collaboration"
dataset/Rae sremmurd - Denial.MP3,"energetic,hype, hip hop, male, popular"
dataset/Oxlade ft flavour - Ovami.MP3,"upbeat,happy, Afrobeats, male, collaboration"
dataset/Mafikizolo - Love potion.MP3,"romantic, afro-pop, mixed, "
dataset/Wizkid - Ginger Ft Burna Boy.mp3,"energetic, upbeat, Afrobeat, male, collaboration"
dataset/Glory ( Radio Edit) Burna Boy Ft Ladysmith Black Mambazo.mp3,"energetic, uplifting, afrobeats, male, collaboration, African music"
dataset/Dapo Tuburna - Nothing (Remix) ft Olamide  Ycee.mp3,"upbeat, energetic, Afrobeats, male, collaboration, remix"
dataset/02 Angele Ni Fie.mp3,"upbeat,happy, afrobeat, female, "
dataset/Lady Donli - The Bad Ones.mp3,"sultry, seductive, R&B, female, empowering"
dataset/EverythingOshaun - ALA BEKE 2 (feat. ODUMODUBLVCK) clean.mp3,"energetic, groovy, Hip-hop, Rap, Male, collaboration, clean version"
dataset/Mayorkun & gyakie - Desire.MP3,"upbeat,happy, Afrobeats, mixed, collaboration"
dataset/Wizkid ft ty dollar sign - Highgrade.MP3,"chill, relaxed, Afrobeats, male, collaboration"
dataset/Seyi-Shay-Lamba.mp3,"energetic, fun, Afrobeat, female, dance, upbeat"
dataset/Pheelz - One life.MP3,"upbeat,happy, Afrobeat, male, "
dataset/Sun-el  musician and ami faku - Into ingawe.MP3,"romantic, soothing, house, mixed, collaboration"
dataset/Oberz ft. teni - Freaky.MP3,"energetic, groovy, Afrobeats, mixed, collaboration, Nigerian artists"
dataset/DJ-Stokie-Sqhebe-ft-Dlala-Regal-Mpura-Ricky-Lenyora-Almighty-SA.mp3,"energetic, upbeat, Amapiano, male, collaboration"
dataset/Burna boy - Omo.MP3,"energetic,upbeat, Afrobeat, male, Nigerian"
dataset/Rema - Beamer (bad boys).MP3,"upbeat, energetic, afrobeats, male, Nigerian"
"dataset/Yung willis ft timaya, kabusa oriental choir - Givin dem.MP3","upbeat, energetic, Afrobeats, male, collaboration, choir"
dataset/Idahams - No One Else.mp3,"upbeat, romantic, Afrobeats, male, Nigerian"
dataset/Dj java & remy baggins ft. psycho yp - Jazz up.MP3,"jazz, hip hop, mixed, collaboration"
dataset/ILL BLISS FT UMUBILIGBO - CHUKWU EBUKA.mp3,"upbeat, energetic, Afrobeat, male, collaboration, Nigerian music"
dataset/Bad boy timz ft zlatan ibile - I salute.MP3,"energetic, upbeat, Afrobeats, male, collaboration"
dataset/Timaya – Cold Outside Ft. Buju dflamz radio .mp3,"chill,relaxing, afrobeat, male, collaboration"
"dataset/Usher ft summer walker, 21 savage - Good good.MP3","smooth, sensual, R&B, mixed, collaboration"
dataset/Lyta - Stronger.MP3,"empowering, uplifting, afrobeat, male, Nigeria"
dataset/Cheque - Holy gee.MP3,"energetic, afrobeats, male, nigeria"
dataset/Jay1 - Gwop.MP3,"energetic, confident, Hip Hop, male, "
dataset/Wurld - Drown.mp3,"chill, soothing, R&B, male, relaxing, emotional"
dataset/Esse VDM -  Duro .mp3,"energetic,dance, reggaeton, male, Latin"
dataset/DJ 787 – Bibbo ft. Sbuda Maleather & Ice Beats Slide.mp3,"energetic, upbeat, Amapiano, male, collaboration, hyped"
dataset/Dotman - My Woman.mp3,"romantic, happy, afrobeats, male, naija music"
dataset/DJ SPINALL Ft BNXN & Stefflon Don - Oshey.mp3,"energetic, upbeat, Afrobeat, mixed, collaboration"
dataset/Kida kudz ft jaykae - 1am.MP3,"energetic, upbeat, hip hop, male, collaboration, late night vibes"
dataset/REMA - CHARM.mp3,"energetic, upbeat, afrobeats, male, "
dataset/Stilo magolide - Nomungathini.MP3,"energetic, gqom, male, South African"
dataset/Kwiish sa ft love black - Sondela.MP3,"romantic, vibrant, amapiano, male, collaboration"
dataset/Wizkid - Ololufe (Audio) ft. Wande Coal.mp3,"romantic, happy, Afrobeats, male, collaboration, Nigerian music"
"dataset/Kabza De Small feat. Da Muziqal Chef, Young Stunna & Mhaw Keys - Thuma Mina.mp3","upbeat,happy, amapiano, male, collaboration,featuring"
dataset/LadiPoe - Red Light Ft  Seyi Shay.mp3,"energetic,happy, afrobeat, male, collaboration"
dataset/Dj Diamond ft Zamorra - Shomo.mp3,"energetic, upbeat, Afrobeat, male, collaboration, dance"
dataset/Outsiders by poshbugati .mp3,"energetic, powerful, hip hop, male, upbeat"
dataset/King perry - My darlina.MP3,"romantic, afrobeats, male, love"
dataset/Bongza-Imali-Ft-Mkeyz.mp3,"upbeat,happy, amapiano, male, collaboration"
dataset/Blaqbonez - Haba.mp3,"energetic, catchy, afrobeat, male, Nigerian"
dataset/Tiwa Savage - My Darlin.mp3,"romantic, soothing, Afrobeats, female, popular"
dataset/Justin bieber - Ghost.MP3,"melancholic, haunting, pop, male, Justin Bieber"
dataset/Konke-Lukimi-Ft-Al-Xapo.mp3,"energetic,happy, Afrobeat, male, collaboration"
dataset/Stonebwoy - Far away.MP3,"upbeat, cheerful, Afrobeats, male, uplifting, danceable"
"dataset/Prince Kaybee, LaSoulMates feat. TNS, Zanda Zakuza - Club Controller.mp3","energetic, uplifting, house, mixed, collaboration"
"dataset/Beyonce,tierra whack and moonchild sanelly ft nija - My power.MP3","empowering, energetic, pop, hip hop, female, collaboration, powerful vocals"
dataset/Falz- Brothers Keeper.mp3,"upbeat,happy, Afrobeats, male, collaboration"
dataset/BIG BUMPA - KEMISHAN X MUN'G [DFLAMZ RADIO]_.mp3,"energetic, upbeat, afrobeats, male, collaboration, radio edit"
dataset/Sarkodie ft la meme gang - Homicide.MP3,"energetic, intense, hip hop, rap, male, collaboration"
dataset/Laycon - Verified ft Mayorkun.mp3,"uplifting,happy, afrobeats, male, collaboration"
dataset/Nissi-Higher.mp3,"uplifting, energetic, pop, female, "
dataset/Zlatan - Wake Up.mp3,"energetic, optimistic, hip hop, male, upbeat, motivational"
dataset/Pa salieu ft mahalia - Energy.MP3,"energetic, rap, mixed, collaboration"
dataset/Deepson-HD-Impendulo-Pseudo-Video-Ft-Nhlonipho.mp3,"energetic, uplifting, pop, male, collaboration"
dataset/Olivia rodrigo - Vampire.MP3,"melancholic, dark, pop, female, Olivia Rodrigo"
dataset/Blaqnick-Wanele-ft-MasterBlaq-Paula-Sibiya-DSax.mp3,"upbeat, lively, energetic, house, mixed, "
dataset/Dj Kaysmart  Body Breaker Amapiano remix  Tiktok challengepublic.mp3,"energetic, lively, Amapiano, male, Tiktok challenge"
dataset/Fireboy dml - Havin fun.MP3,"upbeat,happy, afrobeat, male, "
dataset/Lowsheen-Oe-Phihlile-Ft-Makhadzi-Lioness-Ratang.mp3,"upbeat, energetic, Afro-pop, mixed, collaboration, African music"
dataset/Magixx - Shaye.MP3,"upbeat, energetic, pop, female, catchy"
dataset/Mr 2kay - Banging ft Reekado Banks.mp3,"energetic, upbeat, Afrobeats, male, collaboration"
dataset/Koffee  West Indies .mp3,"upbeat,happy, reggae, female, "
dataset/Sarkodie x Zlatan x Rexxie - Hasta La Visat (Official Video) Dflamz clean .mp3,"energetic, upbeat, Afrobeats, male, collaboration, music video"
dataset/Pa salieu ft m1llionz - Informa.MP3,"energetic, upbeat, hip hop, male, collaboration"
dataset/Collie Buddz - Bounce It (Intro - Clean).mp3,"energetic, upbeat, reggae, male, intro, clean"
dataset/Rema - BENIN BOYS ft. Shallipopi.mp3,"upbeat, energetic, Afrobeats, male, "
dataset/Tekno - Yawa.mp3,"upbeat, energetic, afrobeat, male, "
"dataset/Loti ft. psychoyp, eeskay, magna - Dkm (ma pa mi).MP3","energetic, lively, hype, afrobeats, mixed, collaboration, Nigerian artists"
dataset/Ebs - Wahala.MP3,"upbeat, afrobeats, male, danceable"
dataset/Falz - One trouser.MP3,"energetic, upbeat, Afrobeat, male, Nigerian music, hip-hop"
dataset/Eddy-Kenzo-Sibalaba.mp3,"upbeat,happy, afrobeat, male, danceable,energetic"
dataset/Bongo-Beats-Ngikhathazekile-Ft-Lwah-Ndlunkulu-Khethi.mp3,"upbeat, energetic, afro-house, male, "
dataset/Dua lipa ft madonna and missy elliott - Levitating.MP3,"energetic, uplifting, pop, female, collaboration, dance"
dataset/Stormzy - Longevity flow.MP3,"energetic, hip hop, male, rap"
dataset/Peruzzi - Isolova.MP3,"upbeat, energetic, Afrobeat, male, danceable"
dataset/Soundz-at-your-Service.mp3,"upbeat,happy, electronic, instrumental, energetic"
dataset/Alex-Avenues-Suka-Ft-Abileash-Thimza-Exclusive-Umooler-Spholarssa.mp3,"upbeat,happy, afrobeat, mixed, collaboration,exclusive"
dataset/Ric-Hassani-ILU-I-love-You.mp3,"romantic, love, happy, Afropop, male, Nigerian"
dataset/Yemi Alade - Ego Ft  Sarkodie.mp3,"upbeat, energetic, Afrobeats, female, collaboration"
dataset/Patoranking  Black.mp3,"upbeat, vibrant, afrobeat, male, energetic"
dataset/Shalate-I-Still.mp3,"upbeat,happy, pop, female, "
dataset/Dave - Professor x.MP3,"energetic, suspenseful, hip hop, male, instrumental"
dataset/Keep On Rocking (Radio Edit) Avante ft Ajebo Hustlers Frayz.mp3,"energetic, uplifting, rock, afrobeat, mixed, collaboration, radio edit"
dataset/Coblaze Jazz Me.mp3,"jazzy, upbeat, jazz, male, instrumental"
dataset/Larry Gaaga - Wonderful ft  Wande Coal & Sarkodie.mp3,"upbeat,happy, afrobeat, male, collaboration"
dataset/Gyakie - Forever .mp3,"romantic, soothing, Afrobeats, female, "
dataset/Bnxn - Realize Ft taves.mp3,"upbeat, energetic, hip hop, male, collaboration"
dataset/Eddy-Kenzo-Tomuta.mp3,"upbeat,happy, Afrobeat, male, dance"
dataset/Ed sheeran - Curtains.MP3,"melancholic, introspective, pop, male, love, breakup"
dataset/Central cee - Obsessed with you.MP3,"romantic, intense, rap, male, UK, love"
dataset/Tiwa savage - Owo mi da.MP3,"energetic, upbeat, Afrobeat, female, Nigerian music"
dataset/Jzyno ft lasmid - Butta my bread.MP3,"upbeat,happy, Afrobeat, male, collaboration,featured artist"
dataset/Ajebutter 22 ft boj - 24.MP3,"chill, groovy, jazzy, Afrobeats, male, collaboration"
dataset/LADIPOE-SHUT-IT-DOWN.mp3,"energetic, upbeat, hip hop, male, catchy"
dataset/PLANTATION BOIZ - IWO NI MOFE.mp3,"upbeat, energetic, Afrobeat, male, group, Nigerian"
dataset/24-Korede-Bello-My-Bed.mp3,"upbeat,happy, Afrobeat, male, Nigerian"
dataset/Dua lipa - Favorite problem.MP3,"upbeat,energetic, pop, female, "
dataset/Baby.mp3,"upbeat,happy, pop, female, love"
dataset/Basiil-Bad Girl.mp3,"sultry,sexy, R&B, female, catchy"
dataset/Cynthia morgan (madrina) - Billion dollar woman.MP3,"empowering, confident, Afrobeats, female, Nigerian"
dataset/Soma - Dm.MP3,"calm, soothing, introspective, alternative, dream pop, male, nostalgic"
dataset/Cj - Whoopty.MP3,"energetic, intensifying, rap, male, popular"
dataset/Iyanya ft davido and kizz daniel - Like.MP3,"upbeat, energetic, Afrobeats, Male, collaboration, Nigerian artists"
dataset/Zuchu - Naringa.mp3,"upbeat,happy, bongo, female, love"
dataset/Kheengz_GUY_x_Falz_x_M.I 2.mp3,"energetic, upbeat, hip hop, mixed, collaboration"
dataset/KOJO BLAK - Inside.mp3,"energetic,happy, Afrobeats, male, uptempo,uplifting"
dataset/RYAN - 4 MY MIND.mp3,"upbeat, energetic, pop, male, catchy"
dataset/Mr-Thela-Wetsalang-Remake.mp3,"energetic,uplifting, gqom, male, remake"
dataset/Burna boy - Anybody.MP3,"energetic, upbeat, afrobeat, male, dance"
dataset/YKB - san siro.mp3,"chill,relaxing, R&B, male, Nigeria,Afrobeat"
dataset/Dboi-Breakfast-ft-Raybekah.mp3,"energetic, upbeat, Afrobeats, male, collaboration, danceable"
dataset/Praiz - Show Me Love.mp3,"romantic, upbeat, Afropop, male, love song"
dataset/Rema - Calm down.MP3,"calm, afrobeat, male, Nigerian"
dataset/L.a.x - Gbefun.MP3,"energetic, upbeat, Afrobeats, male, Nigerian music"
dataset/Korede Bello ft Mr Eazi -Jejely.mp3,"relaxed, happy, Afrobeats, male, collaboration, Nigerian music"
dataset/Yingi Mao - I See You ( other God's ).mp3,"introspective, reflective, pop, female, spiritual"
dataset/Kida kudz ft prettyboy d-o - Plus 2.MP3,"energetic,hype, afrobeat, male, collaboration,hip hop"
dataset/Azana & Da Muziqal Chef ft De Mthuda - Goodbye (Amapiano Remix).mp3,"upbeat,happy,energetic, Amapiano, mixed, remix"
dataset/05 eDuze (feat. Russel Zuma & Moscow on Keyz).mp3,"energetic, upbeat, hip hop, mixed, collaboration, featured artists"
dataset/Korede Bello Ft Don Jazzy - Minding My Business.mp3,"upbeat,happy, Afropop, male, collaboration"
dataset/Reminisce ft. olamide - Omo x 100.MP3,"energetic,bouncy, Afrobeats, male, collaboration"
dataset/Bnxn ft ft zinoleesky - Kilometer (remix).MP3,"upbeat, energetic, Afrobeats, male, remix, collaboration"
dataset/Dopestiks-Molly.mp3,"upbeat, energetic, hip hop, male, party"
dataset/Fka twigs ft rema - Jealousy.MP3,"sultry, intense, R&B, Afrobeat, Mixed, collaboration"
dataset/Johnny Drille - Forever.mp3,"romantic, sentimental, pop, R&B, male, Nigerian, love song"
dataset/May d - Life.MP3,"upbeat,happy, Afrobeats, male, May D"
dataset/Ice Prince - I Swear ft French Montana.mp3,"energetic, uplifting, hip hop, male, collaboration, international"
dataset/Migos - Narcos.MP3,"energetic, upbeat, Hip Hop, male, trap"
dataset/Avicii ft agnus and vargas and lagola - Tough love.MP3,"energetic,happy, EDM, male, collaboration"
dataset/Anonymous music ft victony - Anointing.MP3,"uplifting, spiritual, gospel, hip-hop, mixed, collaboration"
dataset/Odunsi (the engine) - Drama queen.MP3,"upbeat, modern, groovy, Afrobeats, R&B, male, Nigerian, Afro-fusion, catchy"
dataset/Vector - Early Momo Ft Good Girl La.mp3,"energetic,happy, afrobeats, mixed, collaboration"
dataset/Fave - Baby Riddim.mp3,"upbeat, energetic, dancehall, male, party"
dataset/Alicia keys ft. swae lee - Lala (unlocked).MP3,"upbeat, catchy, R&B, female, collaboration"
dataset/Nonso Amadi - Tonight.mp3,"romantic, soothing, R&B, male, Nigerian, slow tempo"
dataset/Skales-I-Still-Dey.mp3,"upbeat,happy, Afrobeat, male, "
dataset/MO'HITS ALL STARS - BE CLOSE TO YOU.mp3,"upbeat, energetic, Afrobeats, mixed, collaboration"
dataset/Tekno - Mama ft Wizkid.mp3,"upbeat, energetic, Afrobeats, male, collaboration, popular"
dataset/Bella Shmurda JoJo.mp3,"upbeat,dance, afrobeats, male, Nigerian artist"
dataset/Davido - Nwa baby.MP3,"energetic, romantic, afrobeat, male, popular"
dataset/Bisa Kdei ft Gyakie  Sikaa .mp3,"upbeat, romantic, Afrobeats, mixed, collaboration"
dataset/Baby keem & kendrick lamar - Family ties.MP3,"energetic, powerful, rap, male, collaboration"
dataset/Rexxie ft-Teni x Sarkodie-Fallacy.mp3,"upbeat,happy, Afrobeats, mixed, collaboration"
dataset/T-Classic_Ft_S1mba_-_Body.mp3,"upbeat, energetic, afrobeats, male, collaboration"
dataset/Joeboy - Beginning.MP3,"romantic, Afropop, male, "
dataset/Lil durk - Moment of truth.MP3,"heartfelt, introspective, rap, male, emotional, reflective"
dataset/Kizz Daniel - Gobe.mp3,"upbeat, energetic, danceable, Afrobeat, male, catchy"
dataset/Skales ft blaqbonez - Pants on fire.MP3,"upbeat, energetic, Afrobeat, male, collaboration"
dataset/Kcee-FINE-LADY - Copy.mp3,"upbeat,happy, Afrobeat, male, dance"
dataset/Praize - Madu.MP3,"upbeat, lively, energetic, Afrobeats, male, Nigerian"
dataset/Bayanni - Tatata.MP3,"upbeat,happy, afrobeat, male, "
dataset/SayFar - AK47 (feat. Cyfred & 2woBunnies).mp3,"energetic, lively, amapiano, male, feat. Cyfred, 2woBunnies"
dataset/Tyler the creator - Okra.MP3,"energetic, upbeat, hip-hop, male, Tyler the Creator, Okra"
dataset/Peruzzi ft don jazzy and phyno - Baddest.MP3,"energetic, upbeat, afrobeats, male, collaboration"
dataset/Adanna Duru  Mannywellz - Put It Down.mp3,"upbeat, groovy, Afrobeat, R&B, Mixed, collaboration"
dataset/Normani and calvin harris - Slow down.MP3,"upbeat, energetic, catchy, pop, R&B, female, collaboration, dance"
dataset/Krept and konan ft wizkid - G - love.MP3,"upbeat, romantic, hip hop, male, collaboration"
dataset/Peruzzi ft fireboy - Southy love.MP3,"romantic, love, afrobeat, male, collaboration"
dataset/Vusic-History.mp3,"upbeat,happy, pop, male, nostalgic"
dataset/Paul play ft runtown - Angel of my life (remake).MP3,"romantic, soothing, Afrobeat, male, collaboration, remake"
dataset/Novemba - Ewo.mp3,"upbeat, energetic, afrobeat, male, African"
dataset/Chloe - Body do.MP3,"sensual, upbeat, pop, female, "
dataset/Magnito ft umu obiligbo and ninety - Ungrateful.MP3,"energetic, upbeat, afrobeat, mixed, collaboration, Nigerian music"
dataset/Patoranking - After Party.mp3,"upbeat,dance, afrobeat, male, party"
dataset/Wande Coal - Private Trips.mp3,"sensual, upbeat, afrobeat, male, party"
dataset/Nicki minaj ft drake and lil wayne - Seeing green.MP3,"energetic,hype, hip hop, female, collaboration, rap"
dataset/Ruger - Luv Again.mp3,"romantic, cheerful, afrobeats, male, Nigeria, love song"
dataset/Kizz daniel - Blood is thicker.MP3,"emotional, Afrobeats, male, Nigeria"
dataset/Dj crowd kontroller  ft orezi & voltage of hype - Money sweet.MP3,"energetic,happy, Afrobeats, male, collaboration"
dataset/Fuse ODG “100%” Kuami Eugene.mp3,"energetic, upbeat, Afrobeats, male, collaboration"
dataset/Olamide - Durosoke.mp3,"energetic, powerful, Afrobeat, male, Nigerian"
dataset/Soft - Money (Playist).mp3,"soft, pop, female, playlist"
dataset/Waje - For a Minute.mp3,"soulful, reflective, R&B, female, ballad, emotional"
dataset/One Way - RICHIE SMILE.mp3,"uplifting,happy, afropop, male, danceable"
dataset/Asake ft olamide - Amapiano.MP3,"upbeat, energetic, Amapiano, male, collaboration"
dataset/Aj tracey and mabel - West ten.MP3,"upbeat,happy, Rap,Pop, Mixed, collaboration"
dataset/Skales-E-Is-For-Energy.mp3,"energetic, upbeat, afrobeats, male, Nigerian music"
dataset/Fridayy ft asake - Blessings (remix).MP3,"upbeat, energetic, Afrobeats, male, collaboration, remix"
dataset/Oz ft falz - Party.MP3,"party, energetic, Afrobeat, male, collaboration"
dataset/MELANIN SAUTI SOL FT PATORANKING (LYRICS).mp3,"upbeat, joyful, Afrobeat, Reggae, mixed, collaboration"
dataset/Cardi b - Bickenhead.MP3,"energetic, playful, hip hop, female, explicit"
dataset/Ykb ft zlatan - Dey your dey.MP3,"energetic,happy, afrobeats, male, collaboration"
dataset/LuuDadeejay-Ethembeni-ft-Nkosazana-Daughter.mp3,"energetic, upbeat, Amapiano, male, collaboration"
dataset/Marvel-Don-t-Let-Me-Down.mp3,"uplifting, energetic, inspirational, pop, male, catchy, motivational"
dataset/Ckay - Leave Me Alone.mp3,"upbeat, Afropop, male, catchy"
dataset/Guru Remix (Radio Edit) 9ice ft Wyclef Jean.mp3,"upbeat, energetic, Afrobeat, Hip Hop, male, remix, featuring Wyclef Jean"
dataset/Imagine dragons - Machine.MP3,"energetic,powerful, pop,rock, male, upbeat"
dataset/Reekado Banks - Pull Up.mp3,"upbeat, energetic, Afrobeats, male, Nigerian"
dataset/Barry Jhay - Only You Ft  Davido.mp3,"romantic, love, Afrobeat, male, featured artist: Davido"
dataset/Lojay Ft Olamide - Arizona.mp3,"upbeat, energetic, afrobeat, male, collaboration"
dataset/Phyno-For-The-Money-ft.-Peruzzi_Dflamz Radio.mp3,"upbeat,happy, afrobeat, male, collaboration"
dataset/Soft - Kalakuta.mp3,"soft, Afrobeat, male, instrumental"
dataset/ThackzinDJ_-_Freak_Like_Me_Main_Mix_Main_Mix_65698368.mp3,"energetic, fun, Amapiano, male, dance, party"
dataset/Benny blanco ft bts and snoop dogg - Bad decisions.MP3,"upbeat, energetic, pop, hip hop, mixed, collaboration, international"
dataset/Ycee - Money I Dey Find.mp3,"upbeat, energetic, Afrobeats, male, catchy"
dataset/Usher ft young jeezy - Love in this club.MP3,"romantic, energetic, R&B, Hip Hop, male, collaboration, club music"
dataset/Ngobz-Net-So-Ft-Sthipla-Rsa-Thatsow-Nobuhle-Fister.mp3,"upbeat,happy, afrobeats, male, collaboration"
dataset/Vision2020 Remix ( Radio Edit) Bella Shmurda Ft Olamide.mp3,"energetic, upbeat, lively, Afrobeats, male, collaboration"
dataset/Olamide Ft SABRI Knockout.mp3,"energetic, upbeat, afrobeats, male, collaboration, Nigerian music"
dataset/Reekado Banks - Speak To Me ft Tiwa Savage.mp3,"romantic, lively, afrobeats, male, collaboration, Nigerian artists"
dataset/Tiwa savage ft omarion - Get it now remix.MP3,"upbeat, energetic, Afrobeats, R&B, female, collaboration"
dataset/Ric-Hassani-Call-On-Me-ft-Bella-Shmurda.mp3,"romantic, soothing, Afrobeat, male, collaboration"
dataset/Seyi Vibez Ft Mayourkun Ten (Radio Edit) Clean Version.mp3,"upbeat,happy, afrobeat, male, collaboration"
dataset/Holly rey - Looking for you.MP3,"happy, upbeat, dance, female, electronic"
dataset/Zinoleesky - Loving You.mp3,"romantic, love, happy, Afrobeats, male, Nigerian music"
dataset/LuuDadeejay-Isikhathi-se-piano-ft-Sir-Trill-Nkosazana-Daughter.mp3,"upbeat, energetic, Amapiano, mixed, collaboration"
dataset/Skiibii - Big engine.MP3,"energetic, upbeat, Afrobeats, male, fast tempo"
dataset/LADIPOE -  GUYMAN FEAT. BELLA SHMURDA.mp3,"upbeat, energetic, lively, afrobeat, hip hop, male, collaboration, Nigerian artists"
dataset/Chike ft mayorkun - If you no love.MP3,"romantic, peaceful, Afrobeats, male, "
dataset/Dave - Titanium.MP3,"energetic,happy,uplifting, pop, male, collaboration,cover"
dataset/Jimmy-Maradona-Wena-Wa-Pallwa-ft-QuayR-Musiq-Mellow-Sleazy-Ch-cco-LeeMcKrazy-Ch-cco-LeeMcKrazy.mp3,"upbeat,happy, afro-pop, male, collaboration"
dataset/Jaywilz - Wishlist.mp3,"upbeat,happy, Afrobeats, female, dance"
dataset/trod STEADY radio edit.mp3,"steady, reggae, male, "
dataset/Mayorkun - Your body.MP3,"upbeat, energetic, Afrobeat, male, dance"
dataset/Paranormal-DJ-ft-LAX-City-Boys-Up.mp3,"upbeat, energetic, party, electronic, male, collaboration"
dataset/Sgawd - Rude.MP3,"energetic, confident, hip hop, male, explicit"
dataset/Sarz Ft Lojay - Billions.mp3,"energetic, upbeat, Afrobeat, male, collaboration, Nigerian music"
dataset/Timi-Dakolo-No-Forget-Home.mp3,"sentimental, nostalgic, R&B, male, soulful"
dataset/Kida-Kudz - GTA.mp3,"energetic,upbeat, Afrobeats, male, Kida-Kudz"
dataset/Jonas brothers - Only human.MP3,"upbeat,happy, pop, male, popular"
dataset/T-classic - Monalisa.MP3,"romantic, soothing, Afrobeats, male, love song"
dataset/Wakidy banks - Cumbination.MP3,"upbeat,happy, afrobeat, male, "
dataset/Brainee-WHY.mp3,"energetic, upbeat, lively, Afrobeats, male, "
dataset/Mayorkun ft davido - Bobo.MP3,"upbeat,happy, Afrobeat, male, collaboration"
dataset/St_germain_-_So_Flute_Ludovic_Navarre_Amapiano_Version_2020_Ludovic_Navarre_Amapiano_Version_2020_71718631.mp3,"relaxed, groovy, Amapiano, Male, instrumental"
dataset/Mapopo-Silver-Fox-Ft-Babes-Wodumo-BlackCaTz-Mampintsha.mp3,"upbeat, energetic, gqom, mixed, collaboration, dance"
dataset/Ckay - Nneka ft  Tekno.mp3,"upbeat, energetic, Afrobeats, male, collaboration"
dataset/Dj java ft ozbeazy - Check this.MP3,"energetic, lively, Afrobeats, mixed, collaboration, summer vibes"
dataset/Smith-Mme-Mmatswale-Ft-Tyler-ICU-Desoul-CooperSA.mp3,"upbeat,happy, afro-house, male, "
dataset/Benny blanco and calvin harris - I found you.MP3,"happy, upbeat, pop, male, collaboration"
dataset/Crayon - Aye.MP3,"upbeat, energetic, Afrobeats, male, "
dataset/Sheebah ft runtown - Weekend.MP3,"upbeat, energetic, party, Afrobeat, dancehall, female, collaboration, weekend"
dataset/Bad Bunny  Me Fui de Vacaciones Audio Clean Version.mp3,"upbeat, lively, Reggaeton, male, vacation, travel, summer"
dataset/Sam smith ft demi lovato - I'm ready.MP3,"uplifting, empowering, pop, male and female, collaboration"
dataset/Amaarae & moliy ft. kali uchis - Sad girlz luv money (remix).MP3,"sad, love, money, remix, female, collaboration"
dataset/Kizz Daniel - Kojo ft Sarkodie.mp3,"upbeat, energetic, Afrobeats, male, collaboration, Nigerian music"
dataset/PRAIZ - REASON.mp3,"uplifting,happy, Afrobeat, male, Nigerian"
dataset/Ruger  Useless Official Audio.mp3,"upbeat, energetic, Afrobeats, male, Nigerian"
dataset/DJ Consequence · Danny Brace · Runtown - On My Way.mp3,"upbeat,happy, Afrobeats, male, collaboration"
dataset/HOLD U TECHNO.mp3,"energetic, upbeat, techno, neutral, "
"dataset/Evolution Musiq, Jazzy Boy SA - Babolaye.mp3","upbeat, energetic, afro-house, male, collaboration"
dataset/T-Classic - Fall In Love Ft  Mayorkun.mp3,"romantic, lively, afrobeat, highlife, male, collaboration"
dataset/Peruzzi-Nsogbu-ft-Odumodublvck.mp3,"upbeat,happy, Afrobeat, male, collaboration"
dataset/Dookie - Danika.mp3,"upbeat, energetic, pop, female, vocal"
dataset/MOG-Beatz-Pay-as-You-Go-ft-Sarkodie-Camidoh-(JustNaija.com).mp3,"energetic, upbeat, Afrobeats, male, collaboration"
"dataset/01. Busta 929 - Isgubhu Saka 92 (feat. 20ty Soundz, Nation-365 & Lolo SA).mp3","upbeat, lively, Amapiano, Male, feat. 20ty Soundz, Nation-365, Lolo SA"
dataset/Crayon Good Day.mp3,"upbeat,happy, pop, male, "
dataset/AyloWorldwide-Dlala-Ngesinqa.mp3,"energetic, lively, upbeat, house, male, dance"
dataset/King Perry - Waist Ft  Kizz Daniel.mp3,"upbeat, energetic, Afrobeat, male, collaboration"
dataset/Olamide - Gaza.mp3,"energetic, lively, afrobeats, male, Nigeria, dance"
dataset/Koffee - Toast.MP3,"upbeat,happy, reggae, female, popular"
dataset/Teni and dj neptune - Isolate.MP3,"upbeat, energetic, afrobeats, female, collaboration"
dataset/Loski ft popcaan - Avengers.MP3,"energetic, upbeat, hip hop, dancehall, male, collaboration"
dataset/Johnny drille ft. ladipoe - Driving in the rain.MP3,"melancholic, reflective, soul, R&B, mixed, collaboration"
dataset/Johnny Drille - Loving is Harder.mp3,"mellow, romantic, emotional, R&B, Soul, male, heartbreak"
"dataset/Beyonce ft jay-z , pharrel williams - Nice.MP3","energetic, upbeat, R&B, hip hop, female, collaboration, popular"
dataset/Lady donli ft davido - Cash remix.MP3,"upbeat,happy, Afrobeats, female,male, collaboration,remix"
dataset/22-Korede-Bello-Smile.mp3,"happy, uplifting, Afropop, male, upbeat, feel-good"
dataset/Kontei - DIRTY DANCE (1).mp3,"energetic, playful, pop, male, dance"
dataset/Nasty c - Best i ever had.MP3,"energetic,happy, hip hop, male, South African"
dataset/Ckay - Love nwantinti (ah ah ah).MP3,"romantic, catchy, Afrobeats, male, Nigerian"
dataset/Bella shmurda - New born fela.MP3,"energetic, afrobeats, male, Nigerian"
dataset/Ntosh Gazi  Ubusuku Baizolo .mp3,"energetic, upbeat, gqom, male, South African music"
dataset/Omit-ST-Zinyanya-Zami-Ft-Mawhoo-Sfarzo-Rtee-Stacy.mp3,"energetic, uplifting, afro house, mixed, collaboration"
dataset/Yung6ix - On A Daily 2 0 Ft  24 Hrs.mp3,"energetic, upbeat, hip hop, male, collaboration"
dataset/Ty dolla sign ft projact pat and juicy j - Hottest in the city.MP3,"energetic, powerful, confident, hip hop, rap, male, collaboration, party, urban"
dataset/Dj spinall ft fireboy dml and 6lack - Sere (remix).MP3,"upbeat, groovy, Afrobeat, R&B, male, remix"
dataset/Davido ft the cavemen and angelique kidjo - Na money.MP3,"energetic, upbeat, Afrobeats, Highlife, Mixed, Collaboration, African music"
dataset/Asake - Terminator.MP3,"energetic, powerful, afrobeats, male, Asake"
dataset/Teni - Billionare.mp3,"upbeat,empowering, afrobeats, female, danceable"
dataset/Dapo Tuburna - Feel Free.mp3,"upbeat, happy, Afrobeat, male, summer vibe"
dataset/Carter_Efe_Ft_Berri_Tiga_-_Machala.mp3,"energetic, lively, Afrobeats, male, collaboration, Nigerian music"
dataset/Lowbass-Djy-LTM-ft-TNK-MusiQ-Mtimban3.mp3,"energetic,upbeat, dance, male, collaboration"
dataset/Victor AD - Red Eye.mp3,"emotional, reflective, Afrobeats, male, "
dataset/Young Jonn - Dada (Remix) Ft Davido.mp3,"energetic, upbeat, Afrobeats, male, remix"
dataset/Mr raw - Obodo bu igwe.MP3,"upbeat, hip hop, male, Nigerian"
dataset/Cheque ft crayon - Sunflawa.MP3,"upbeat,joyful, afrobeat, male, collaboration"
dataset/King Perryy Oh No (Radio Edit) Clean Version.mp3,"energetic, lively, Afrobeats, male, upbeat"
dataset/Diamond Platnumz - Overdose.mp3,"upbeat, energetic, Afrobeat, male, Tanzanian artist"
dataset/Peruzzi ft aceberg - Ready.MP3,"energetic, upbeat, afrobeats, male, collaboration"
dataset/Skip marley & popcaan - Vibe.MP3,"upbeat,happy, reggae, male, "
dataset/Chisell Fire - In Control (FireBlaze).mp3,"energetic, powerful, EDM, male, club, dance"
dataset/Harry hudson ft jaden smith - Just slide.MP3,"upbeat, positive, Pop, Male, collaboration"
dataset/Jorja smith ft shaybo - Bussdown.MP3,"chill, upbeat, R&B, Hip-Hop, female, collaboration"
dataset/RUNDA-Woman.mp3,"upbeat, empowering, afrobeat, female, Africa"
dataset/J hus - Love peace and prosperity.MP3,"peaceful, calm, joyful, hip hop, male, positive vibes"
dataset/Buju-Lenu-Remix-ft.-Burna-Boy.mp3,"upbeat, energetic, Afrobeats, male, collaboration"
dataset/Otega Ft Jaido P  - Life.mp3,"upbeat,hopeful, hip hop, male, collaboration"
dataset/DJ KUSH - IAmPiano.mp3,"energetic, upbeat, EDM, male, instrumental"
dataset/Omah lay - Come closer.MP3,"upbeat, lively, Afrobeats, male, Nigerian music"
dataset/OMO RAPALA RADIO EDIT.mp3,"energetic, upbeat, hip hop, male, explicit"
dataset/Majeeed Rollercoaster - Laba-Laba.mp3,"exciting, energetic, pop, male, upbeat"
dataset/Vybz Kartel  Polo Anthem  Clean Version.mp3,"upbeat, dancehall, male, clean version"
dataset/Korede-Bello-Jejely-Ft-Mr-Eazi.mp3,"upbeat,happy, Afrobeats, male, collaboration"
dataset/August alsina ft rick ross - Entanglements.MP3,"Sensual, Conflicted, R&B, Male, Collaboration, Controversial"
dataset/Romeo Must Die (RMD) - Ruger.mp3,"energetic, passionate, Afrobeats, male, "
dataset/Kizz-Daniel - Showa.mp3,"upbeat,happy, afrobeat, male, club banger"
dataset/Simi-Stranger-(JustNaija.com).mp3,"melancholic, Afrobeat, female, Nigerian"
dataset/Afro b ft french montana - Joana (drogba) remix.MP3,"upbeat, energetic, Afrobeat, male, remix, collaboration"
dataset/Masandi - Bekezela (feat. Mthandazo Gatya).mp3,"Happy, Upbeat, Afro Pop, Male, Collaboration, Love Song"
"dataset/Dwin, The Stoic X Rhaffy ft. Kelechief - Don't Wait Up.mp3","upbeat,happy, hip-hop, mixed, collaboration,summer vibes"
dataset/Damini ft Boybreed -Disagree.mp3,"upbeat, energetic, Afrobeats, mixed, collaboration"
dataset/Officixl Rsa - France (feat. Mr JazziQ & Benzoo).mp3,"upbeat,happy, amapiano, male, feat. Mr JazziQ, Benzoo"
dataset/STYL PLUS - DRIVES ME CRAZY.mp3,"upbeat,happy, Afropop, male, romantic"
dataset/Spinall Ft Olamide Kemue --l Bunda.mp3,"energetic, lively, Afrobeat, male, collaboration, Nigerian"
dataset/Alicia keys ft miguel - Show me love.MP3,"romantic, soulful, R&B, female, "
dataset/Balloranking-We-Up-feat-Dyani.mp3,"upbeat,happy, afrobeat, male, "
dataset/Rudeboy - Reason with me.MP3,"emotional, heartbreak, Afrobeat, male, Nigerian"
dataset/KiDi ft Stoneboy - Likor.mp3,"upbeat,happy, afrobeat, male, collaboration"
dataset/Recognize  ( Radio Edit) Omah Lay.mp3,"upbeat,happy, Afrobeats, male, Radio Edit"
dataset/Tiimie-Santa-Maria.mp3,"upbeat, energetic, pop, female, catchy"
dataset/Blaqbonez - Okwaraji.mp3,"energetic,hype, hip hop, male, Nigerian"
dataset/Alpha P - Fayah.mp3,"energetic,upbeat, afrobeats, male, Nigerian"
dataset/DJ Neptune - Nobody (Icons Remix) Ft Laycon & Joeboy.mp3,"upbeat,energetic, Afrobeats, male, remix, collaboration"
dataset/Ladipoe & fireboy dml - Running.MP3,"energetic,happy, Afrobeats, male, collaboration"
dataset/Wurld - Sad Tonight.mp3,"sad, R&B, male, "
dataset/Nandy - Follow.mp3,"upbeat,happy, bongo flava, female, love"
dataset/Korede bello - Bella.MP3,"romantic, love, afropop, male, Nigeria"
dataset/Commissioner-DJ-Wysei-Body-ft-Kaptain.mp3,"energetic, uplifting, afrobeat, female, collaboration, dance"
dataset/Mr Real - Zzz ft  Falz.mp3,"energetic, lively, Afrobeats, male, collaboration"
dataset/Bad boy timz - Mj.MP3,"upbeat,dance, Afrobeats, male, Nigerian"
dataset/Kida kudz - Makaveli.MP3,"upbeat, energetic, Afrobeats, male, catchy"
dataset/Coi Leray  Aye Yai Yai with Yung Bleu dflamz radio .mp3,"energetic, hype, hip hop, rap, female, feat. Yung Bleu, dflamz radio"
dataset/Idyl - Iyoro.MP3,"calm, soothing, afrobeat, male, "
dataset/Wizkid - Kind Love.mp3,"romantic, upbeat, afrobeat, male, n/a"
dataset/The weekend ft future - Double fantasy.MP3,"upbeat,energetic, R&B,hip hop, male, collaboration"
dataset/Eddy kenzo - Zigido.MP3,"energetic,happy, afrobeat, male, "
dataset/October london - I want you.MP3,"romantic, passionate, R&B, male, soulful, emotional"
dataset/Mariechan_feat_DJ_Maphorisa_Kabza_De_Small_-_Everything_I_Wanted_DJ_Maphorisa_Kabza_De_Small_Mix_DJ_Maphorisa_Kabza_De_Small_Mix_67788612.mp3,"upbeat,happy, afro house, mixed, DJ Maphorisa, Kabza De Small"
dataset/Yungen ft jess glynne - Mind on it.MP3,"energetic, upbeat, pop, hip hop, mixed, collaboration"
dataset/Victor-AD-Healer.mp3,"hopeful, motivational, Afrobeat, male, inspirational"
dataset/Nonzo. Toyo (master).mp3,"uplifting,energetic, Afrobeat, male, dance"
dataset/Simi ft Falz - Borrow Me Your Baby.mp3,"happy, upbeat, Afrobeat, female, collaboration, Nigerian"
dataset/Efe - 6 packs.MP3,"energetic, upbeat, afrobeats, male, Nigerian"
dataset/L.a.x - Go low.MP3,"energetic,funky, afrobeat, male, "
dataset/Tariq- Pretty Like.mp3,"happy, upbeat, feel-good, pop, R&B, male, "
dataset/Chris brown ft kirko bangz - Date night.MP3,"romantic, R&B, male, collaboration"
dataset/Falz Operation - Sweep.mp3,"upbeat, energetic, Afrobeat, male, Nigerian"
dataset/Zlatan - Ale yi.MP3,"energetic, upbeat, afrobeats, male, danceable"
dataset/Zlatan ft davido and mayorkun - Chocho.MP3,"upbeat, energetic, afrobeats, male, collaboration, Nigerian music"
dataset/Crayon -  L Eko.mp3,"energetic, upbeat, Afrobeats, male, Nigerian"
dataset/Heavy-K_-_iKHANDLELA_ft_Matics_N_Peakay-M_Don_Scott.mp3,"energetic, lively, house, male, collaboration"
dataset/Waje ft timaya - Kpolongo.MP3,"upbeat,happy, Afrobeat, female, collaboration"
dataset/Felo-Le-Tee-Back-2-Basics-ft-Mellow-Sleazy.mp3,"energetic,happy, hip hop, mixed, collaboration"
dataset/Yemi Alade - Want You.mp3,"upbeat,happy, afrobeat, female, love"
"dataset/VibezInc Ft SeyiVibez,Stonebwoy-Malaika.mp3","upbeat, lively, energetic, Afrobeat, mixed, collaboration"
dataset/Skhindi – Khanda Shisa ft. Duncan & Musiholiq.mp3,"energetic, upbeat, hip hop, male, collaboration, South African music"
dataset/Wurld - Wayo.mp3,"upbeat,happy,energetic, afrobeat, male, "
dataset/Bella Shmurda Ase Radio Edit Clean Version.mp3,"energetic, upbeat, Afrobeats, male, radio edit, clean version"
dataset/illbliss - Lower Chime.mp3,"energetic,hype, hip hop, male, urban"
dataset/Kwesta - Vur vai.MP3,"energetic, upbeat, hip hop, male, South African"
dataset/Pakurumo.mp3,"upbeat,happy, Afrobeat, male, Nigerian"
dataset/12-Prince-Kaybee-Amagabade-ft-Starr-Healer.mp3,"upbeat,dance, house, male, collaboration"
dataset/The kid laroi - Without you.MP3,"upbeat, emotional, pop, male, heartbreak"
dataset/BAYANNI - YOUR WAIST.mp3,"upbeat, romantic, Afrobeats, male, Nigerian"
dataset/Lil Frosh - Kole Re Body ft Mayorkun.mp3,"energetic, lively, Afrobeats, male, collaboration, Nigerian, upbeat"
dataset/TI-BLAZE-Chop-Am.mp3,"energetic, lively, hip hop, male, danceable"
dataset/Dj Sis7even Ft Smada - Wahala.mp3,"energetic, upbeat, Afrobeats, mixed, collaboration"
dataset/Zlatan ft. buju - Alubarika.MP3,"energetic,happy, afrobeats, male, collaboration"
dataset/Lynxxx ft boj - She likes.MP3,"upbeat, joyful, afrobeats, male, collaboration, catchy"
dataset/06-Uncle-Waffles-Babiee-ft-Tony-Duardo-Jelly-Babie-Chley.mp3,"upbeat, lively, pop, mixed, "
dataset/PC-Lapez-Ezinne.mp3,"upbeat,happy, Afrobeat, male, Nigerian"
dataset/EL-Soba.mp3,"upbeat,happy, afrobeat, male, instrumental"
dataset/Juls & fireboy dml - Intentionally.MP3,"upbeat, cheerful, Afrobeats, male, collaboration"
dataset/Dj cuppy ft l.a.x - Currency.MP3,"upbeat,happy, afrobeat, female, collaboration"
dataset/Korede bello - Maria.MP3,"happy,love, afrobeat, male, Nigerian"
dataset/Zlatan ft bella shmurda - Polongo.MP3,"energetic, lively, Afrobeats, male, collaboration"
dataset/TENI - CAPRICON TAURUS.mp3,"energetic,happy, afrobeat, female, upbeat"
dataset/Crayon-Jackpot-ft.-Bella-Shmurda.mp3,"energetic, upbeat, Afrobeat, Male, collaboration, Nigerian"
dataset/Rising - David Docade.mp3,"energetic, uplifting, pop, electronic, male, instrumental"
dataset/Flavour ft phyno - Doings.MP3,"upbeat, energetic, Afrobeat, male, collaboration"
dataset/Kwiish-SA-3-Step-Ft-De-Mthuda-(JustNaija.com).mp3,"upbeat,dance, Amapiano, male, South African"
dataset/Sjava-Umama.mp3,"nostalgic, sentimental, R&B, male, South African music"
dataset/ADEKUNLE GOLD FT PHARELL WILLIAMS - FALLING UP.mp3,"uplifting,happy, Afrobeat, male, collaboration"
"dataset/Manny norte, 6lack, rema, tion wayne ft (lvrn) - 4am.MP3","chill, late night, R&B, Hip Hop, mixed, collaboration, featured artists"
dataset/Yhaw Hero - Cold War.mp3,"energetic, intense, pop, male, uplifting"
dataset/TSC & Romi - London Town.mp3,"upbeat, energetic, electronic, pop, mixed, collaboration"
dataset/L.a.x ft wizkid - Nobody.MP3,"energetic,happy, Afrobeats, male, collaboration"
dataset/JOEBOY - ENEMYY.mp3,"energetic,upbeat, Afrobeats, male, Nigerian"
dataset/Oxlade - INTOXYCATED ft Dave.mp3,"uplifting, romantic, Afrobeats, male, collaboration"
dataset/Sarz x Gimba x Perfect -  Good To Me.MP3,"upbeat,happy, afrobeats, mixed, collaboration"
dataset/Peruzzi - Bounce.MP3,"upbeat,happy, Afrobeat, male, danceable"
dataset/Nifty - Balancio.MP3,"upbeat, energetic, electronic, instrumental, groovy"
dataset/Ayra Starr ft Asake - goodbye.mp3,"upbeat, emotional, Afrobeats, female, collaboration"
dataset/King promise ft. headie one - Ring my line.MP3,"upbeat, energetic, Afrobeats, male, collaboration, catchy"
dataset/Meduza & Vintage Culture - Under Pressure feat. Ben Samama.mp3,"upbeat, energetic, dance, mixed, collaboration"
dataset/Mr Eazi - Skin Tight ft Juls x Efya.mp3,"upbeat, romantic, Afrobeats, male, "
dataset/RUNDA-Next-to-Me-ft-Cheque-PsychoYP-Superboy-Cheque.mp3,"energetic, upbeat, Afrobeats, mixed, collaboration, Nigerian artists"
dataset/Adekunle-Gold-Make-It-Easy-ft-Coco-Jones.mp3,"upbeat, empowering, afrobeat, pop, male, female, collaboration"
dataset/Wande coal - So mi so.MP3,"upbeat, groovy, Afrobeat, male, danceable, catchy"
"dataset/The Kid LAROI, Jung Kook, Central Cee - TOO MUCH (Official Video).mp3","energetic,upbeat, pop,rap, mixed, collaboration"
dataset/Kida kudz ft bella shmurda - Ball till we fall.MP3,"energetic, uplifting, afrobeats, male, collaboration"
dataset/Magixx ft ayra starr - Love don't cost a dime (refix).MP3,"happy, romantic, Pop, Mixed, refix"
dataset/VJ Adams - Be Alright ft May D.mp3,"upbeat,happy, Afrobeat, male, "
dataset/Elajoe - Naija International (prod by Bigfootinyourface).mp3,"energetic, upbeat, Afrobeats, male, Nigerian, international"
dataset/Ruggedman - Situation.MP3,"energetic, intense, hip hop, male, Nigeria"
dataset/Young thug ft. doja cat - Icy hot.MP3,"energetic, playful, hip hop, rap, male, female, collaboration, popular"
dataset/Yemi alade - Fake friends (iro ore).MP3,"upbeat, lively, energetic, Afrobeats, female, Nigerian"
dataset/Kida Kudz - Issa Vibe Remix Ft  Geko & Burna Boy.mp3,"upbeat, energetic, lively, Afrobeats, male, collaboration"
dataset/Starboy ft wizkid and kel p - Ease your mind.MP3,"upbeat, relaxing, Afrobeats, male, collaboration, soothing"
dataset/Stefflon Don  Different Sides feat Adekunle Gold.mp3,"energetic, soulful, hip hop, afrobeat, female, collaboration"
dataset/Amarion Ft Ozuna  Creo Remix Clean Version.mp3,"energetic, upbeat, reggaeton, male, remix, clean version"
dataset/Slizzy E  ft Attifaya x Dr Alaska - SENIORS.mp3,"energetic, upbeat, Afrobeats, male, collaboration"
dataset/Jux-Enjoy-ft-Diamond-Platnumz.mp3,"upbeat,happy, bongo,afrobeat, male, collaboration"
dataset/Lowsheen-Thitxo-Nkulunkulu-Ft-MaWhoo-Azana-Pouler-Dmusiq.mp3,"upbeat, dance, afro-house, mixed, collaboration"
dataset/Wani - Fast Life ft Minz.mp3,"upbeat, Afrobeats, male, collaboration"
dataset/Nasty c ft tellaman - Zone.MP3,"energetic, chill, hip hop, male, collaboration"
dataset/Show Dem Camp ft Cavemen - No Love In Lagos.mp3,"chilled, mellow, Afrobeats, Male, collaboration"
dataset/Good Good (Radio Edit) Native_Sound_System_Ft_Joyce_Olong_SOLIS_Azanti.mp3,"upbeat,happy, dance, mixed, radio edit"
dataset/PENETRATE -Tarley.mp3,"energetic, powerful, pop, electronic, female, upbeat"
dataset/Young-Jonn-Tony-Montana.mp3,"energetic,hype, Afrobeats, male, Nigerian music"
dataset/Skales - O Crazy.mp3,"upbeat, energetic, Afrobeat, male, dance"
dataset/Falz - Follow follow.MP3,"happy, upbeat, Afrobeats, male, Nigerian music"
dataset/Berri tiga ft Tekno - Egopiano.mp3,"energetic, lively, upbeat, Afrobeats, male, collaboration"
dataset/Wizkid ft slimcase - Gucci snake.MP3,"energetic, dance, afrobeats, male, collaboration"
dataset/Tomi thomas - Gogo dancer.MP3,"upbeat, energetic, Afrobeat, male, dance"
dataset/Skeng - London.mp3,"energetic, aggressive, grime, male, London"
dataset/Jimohsoundz - Ojoro ft Loyz.mp3,"energetic, upbeat, Afrobeat, male, collaboration"
dataset/Joeboy Body And Soul.mp3,"romantic, happy, Afrobeats, male, danceable"
dataset/Cassper Nyovest feat. Abidoza & Boohle  - Siyathandana.mp3,"upbeat, romantic, afro-pop, amapiano, male, female, collaboration"
dataset/Coblaze-Mama.mp3,"upbeat,happy, afrobeat, male, Nigerian"
dataset/Wizkid - Master Groove.mp3,"energetic, upbeat, Afrobeats, male, danceable"
dataset/Pressure (Radio Edit) Native_Sound_System_Ft_Alpha_P_Lady_Donli_-_.mp3,"upbeat, energetic, dynamic, electronic, dance, mixed, collaboration, radio edit"
dataset/Teni - Fargin.mp3,"upbeat, energetic, Afrobeats, female, Nigerian"
dataset/Matoma ft konshens & enrique iglesias - I dont dance.MP3,"upbeat, energetic, lively, dancehall, pop, mixed, collaboration"
"dataset/Focalistic – Baja Ko Pele ft. Xduppy, ShaunMusiq & Ftears.mp3","energetic,upbeat, Amapiano, male, collaboration"
dataset/Boy Spyce - Dreams.mp3,"uplifting, hopeful, dreamy, pop, male, inspirational, motivational"
dataset/Rihanna - Lift me up.MP3,"uplifting,happy, pop, female, empowering"
dataset/Angel - Small Doctor.mp3,"happy, upbeat, Afrobeats, male, Nigerian music"
dataset/Wizkid  - Frames Whos Gonna Know.mp3,"upbeat, energetic, party, afrobeat, male, club, dance"
dataset/Majeeed x Bnxn- Waka Jeje.mp3,"energetic, upbeat, Afrobeats, male, collaboration"
dataset/Blaqbonez She Like Igb Interlude Radio Edit Clean Version.mp3,"upbeat, energetic, hip-hop, male, clean version, radio edit"
dataset/Yemi alade ft angelique kidjo - Shekere.MP3,"upbeat, energetic, Afrobeat, female, collaboration"
dataset/Show Dem Camp - Your Love ft Lojay.mp3,"smooth, romantic, groovy, afrobeats, hip-hop, male, collaboration, Nigerian artists"
dataset/Dj neptune ft flash and d'banj - Ojoro.MP3,"upbeat,dance, afrobeat, mixed, collaboration,party"
"dataset/Manny norte ft stalk ashley, ayra starr, tiana - Worth my while.MP3","upbeat, energetic, pop, afrobeats, mixed, collaboration, summer vibes"
dataset/Taylor swift ft ice spice - Karma (remix).MP3,"energetic,upbeat, pop, female, remix"
dataset/Zlatan ft burna boy - Gbeku.MP3,"energetic,dance, afrobeat, male, collaboration"
dataset/Ric-Hassani-Ngozi.mp3,"romantic, uplifting, Afrobeat, male, Nigerian"
dataset/Kizz Daniel - Boys Are Bad.mp3,"happy, upbeat, Afrobeats, male, popular"
"dataset/Gryffin, gorgon city and aluna george - Baggage.MP3","upbeat,happy, electronic, mixed, collaboration"
dataset/Yung l ft vanessa mdee - Too much.MP3,"energetic,happy, Afrobeats, male,female, collaboration"
dataset/Denzel curry ft t-pain - Troubles.MP3,"energetic, powerful, hip hop, male, collaboration"
dataset/Don toliver - What you need.MP3,"chill, vibey, R&B, male, Don Toliver"
"dataset/ADEKUNLE GOLD, ZINOLEESKY FT MAJOR LEAGUE DJZ & OMIT ST - PARTY NO DEY STOP  (MAJOR LEAGUE DJZ & OMIT ST REMIX).mp3","energetic, lively, Afrobeats, mixed, remix"
dataset/Walshy fire ft ice prince and demarco - - Round of applause.MP3,"exciting, upbeat, dancehall, afrobeats, male, collaboration"
dataset/God Abeg (Radio Edit) Ceeza_Milli.mp3,"uplifting, spiritual, Afrobeats, male, Nigerian music"
dataset/Skip marley ft ayra starr - Jane.MP3,"upbeat, groovy, reggae, afrobeat, male, female, collaboration"
dataset/Fireboy dml - Magic.MP3,"upbeat,happy, afrobeat, male, Nigerian"
dataset/Novemba - Area party.mp3,"upbeat, energetic, party, afrobeats, male, danceable"
dataset/Mary j blidge ft dj khaled - Amazing.MP3,"energetic, uplifting, R&B, female, collaboration, popular"
dataset/Boj-Rora-Ft-Ajebutter22.mp3,"upbeat,happy,dance, Afrobeat, male, collaboration"
dataset/Nobuhle – Hold On.mp3,"uplifting, inspiring, soul, gospel, female, piano"
dataset/Yemi alade - True love.MP3,"upbeat, joyful, Afro-pop, female, love"
dataset/Claudio Wade ft. Nkosazana Daughter - Emayeda.mp3,"upbeat,happy, afro-house, male, collaboration"
dataset/Mut4y ft wande coal - Start 2 dance.MP3,"energetic,happy, Afrobeats, male, collaboration"
dataset/D-Jay Sbu - Before Party (Amapiano)_(muzmo.pro).mp3,"exciting, upbeat, Amapiano, male, "
dataset/Public Demand Cabu.mp3,"energetic, uplifting, pop, male, upbeat"
dataset/Aramide ft timaya - Fall on them.MP3,"energetic, rhythmic, Afrobeats, female, collaboration, Nigerian"
dataset/Lyta ft davido - Monalisa (remix).MP3,"romantic, energetic, Afrobeat, male, collaboration, remix"
dataset/Young t & bugsey - Big bidness.MP3,"energetic, upbeat, rap, male, "
dataset/EL-Yal.mp3,"energetic,happy, pop, male, upbeat"
dataset/Starboy ft wizkid and blaq jerzee - Blow.MP3,"energetic, upbeat, Afrobeat, male, collaboration"
dataset/Falz - Parampe.MP3,"energetic, upbeat, Afrobeats, male, Nigerian"
dataset/Darkovibes ft. kwesi arthur & joey b - Confirmed.MP3,"confident, energetic, Afrobeats, male, collaboration, Ghanaian music"
dataset/Johnny Drille  Lover feat Phyno.mp3,"romantic, uplifting, Afrobeat, male, collaboration with Phyno"
dataset/Tove styrke - Vibe.MP3,"energetic, upbeat, pop, female, dance"
dataset/Little mix - Joan of arc.MP3,"sassy, confident, pop, female, empowering"
dataset/Mr Eazi Ft DJ Tarico & Joey B - Patek.mp3,"upbeat, energetic, Afrobeats, male, collaboration"
dataset/Kwesi arthur ft kofi mole - Nirvana.MP3,"upbeat,happy, Afrobeats, male, collaboration, Ghanaian artists"
dataset/TIME - SMALLSTY ft AREEZY .mp3,"upbeat, energetic, optimistic, Afrobeat, male, collaboration, catchy"
dataset/Soft-Free-Your-Mind.mp3,"soft, free, relaxing, calm, pop, female, uplifting"
dataset/Eskeez ft. olamide - Loose it.MP3,"energetic, upbeat, Afrobeats, male, collaboration, dance"
dataset/Nkosazana-Daughter-Amaphutha-ft-Master-KG-Lowsheen-Murumba-Pitch-(JustNaija.com).mp3,"upbeat,happy, afrobeat, mixed, collaboration"
dataset/Teoh ft e'classy - Naturally.MP3,"upbeat, cheerful, pop, mixed, collaboration"
dataset/Dj tunez ft busiswa - Majesty.MP3,"energetic, upbeat, afrobeat, dance, male, female, collaboration"
dataset/WHO WE BE - DMX_ Dflamz Radio.mp3,"energetic, powerful, intense, rap, hip-hop, male, "
dataset/Cheque ft fireboy dml - Hustler.MP3,"upbeat, inspiring, Afrobeat, male, collaboration, motivational"
dataset/Sha sha ft dj maphorisa and kabza de small - Tender love.MP3,"romantic,love, amapiano, female, collaboration"
dataset/Otega Ft Jaido P - Questions.mp3,"upbeat, energetic, hip hop, male, collaboration"
dataset/Tory lanez - This aint working.MP3,"sad, emotional, R&B, male, breakup"
dataset/DJ DIPS FT DAI VERSE-Clown.mp3,"energetic, upbeat, EDM, hip-hop, mixed, collaboration"
dataset/Tory lanez ft t pain - Jerry sprunger.MP3,"upbeat, energetic, R&B, Hip hop, male, collaboration"
dataset/Sarz - Happiness (feat. Asake  Gunna).mp3,"upbeat, energetic, Afrobeat, male, collaboration, featured artist, happiness"
dataset/DJ-Bongz-Hey-Sister-Ft-Dlala-Thukzin-Funky-Qla-(JustNaija.com).mp3,"fun, energetic, upbeat, afro-house, male, dance"
dataset/Shimza - Surrender.MP3,"energetic,happy,upbeat, house, male, club,summer"
dataset/Goya Menor ft. Nas Tee - Brotherman.mp3,"uplifting, energetic, hip hop, male, collaboration"
dataset/Falz - Baby Boy.mp3,"upbeat,happy, Afrobeats, male, Nigerian"
dataset/SknTheDivine - Certainly.mp3,"uplifting, energetic, hip hop, male, "
dataset/M.I Abaga - 6am In Accra .mp3,"chill, reflective, nostalgic, rap, male, Nigeria, African"
dataset/Oladips-Superhero-Adugbo.mp3,"upbeat, energetic, powerful, hip hop, male, superhero, Nigerian"
dataset/Illenium and jon bellion - Good things fall apart.MP3,"melancholic, reflective, electronic, pop, mixed, collaboration"
dataset/Cobhams-Asuquo-Lady-Fiona-ft-Sauti-Sol.mp3,"energetic, uplifting, Afrobeat, mixed, collaboration"
dataset/Kiddo and davido - Beamer body.MP3,"upbeat, energetic, Afrobeat, male, collaboration"
dataset/DJ Big N - My Dear Ft  Don Jazzy & Kiss Daniel.mp3,"upbeat,happy,energetic, afrobeat, male, collaboration"
dataset/Simi - Naked Wire.mp3,"romantic, nostalgic, soothing, Afropop, female, love song, acoustic"
dataset/No Strings Attached.mp3,"upbeat, energetic, pop, mixed, catchy"
dataset/Burna Boy - Wetin Man Go Do.mp3,"upbeat, energetic, Afrobeats, male, Nigerian"
dataset/Kweyama-Brothers-Asambeni.mp3,"upbeat,happy, afro-pop, male, South African"
dataset/Adekunle-Gold-The-Life-I-Chose.mp3,"uplifting, reflective, Afrobeats, male, Nigerian music"
dataset/Mzukulu – Umsebenzi ft. Aubrey Qwana.mp3,"uplifting,happy, afro-pop, male, collaboration, South African music"
dataset/Kizz Daniel - Currently Ft Olamide & Falz & Lk Kuddy.mp3,"upbeat, energetic, catchy, Afrobeats, male, collaboration"
dataset/Metro boomin ft swae lee and wizkid - Borrowed love.MP3,"chill,romantic, hip hop, mixed, collaboration"
dataset/MYSTRO - OFEGE Prd by Mystro FInal.mp3,"energetic, upbeat, Afrobeat, male, Nigerian"
dataset/Kaptain Thankuful.mp3,"uplifting,happy,grateful, pop, male, thankful"
dataset/Kelvyn-Boy-Don-t-Know.mp3,"upbeat, energetic, Afrobeats, male, danceable"
dataset/Alikiba-Mnyama.mp3,"energetic, uplifting, Bongo Flava, male, Tanzanian"
dataset/T-Classic - Fine Pass U.mp3,"happy, upbeat, Afrobeats, male, love song"
dataset/Ycee - Say Bye Bye ft Eugy.mp3,"upbeat, energetic, Afrobeat, male, "
dataset/Reekado-Banks-Supa-ft-Valiant-Stadic-Jonny-Blaze.mp3,"upbeat,happy, afrobeat, male, collaboration"
dataset/Inkabi-Zezwe-Khaya-Lami-Ft-Sjava-Big-Zulu.mp3,"upbeat, energetic, hip hop, male, collaboration"
dataset/El alfa ft cardi b - Mi mami.MP3,"energetic, lively, urban, latin, male, female, collaboration, popular"
dataset/Hotkid ft kwesi arthur & dtg - Mandem.MP3,"energetic, lively, Afrobeat, male, collaboration, rap"
dataset/Runtown - Things i know.MP3,"upbeat,happy, afrobeats, male, catchy"
dataset/Crayon ft magixx - You vs you.MP3,"upbeat, energetic, Afrobeats, male, collaboration"
dataset/Skibii - Steeze.mp3,"energetic,hype, afrobeat, male, dance"
dataset/Tiwa savage ft naira marley - Ole.MP3,"energetic, upbeat, Afrobeats, female, collaboration"
dataset/Cardi b and bruno mars - Please me.MP3,"sexy, romantic, R&B, Pop, mixed, "
dataset/Mr eazi - Saudi arabia.MP3,"upbeat, joyful, afrobeat, male, Nigerian"
dataset/Young John - Incase.mp3,"chill, relaxed, Afrobeat, male, upbeat"
dataset/Tshego ft. shekhinah - My favourite song.MP3,"happy, upbeat, pop, male, female, collaboration"
dataset/Busta 929 - Beke Le Beke_(muzmo.pro).mp3,"energetic, upbeat, amapiano, male, popular"
dataset/Tems - No Woman No Cry.mp3,"soulful, emotional, R&B, female, cover, reggae"
dataset/Teni-Capricorn-Taurus.mp3,"upbeat,happy, Afrobeats, female, Nigerian"
dataset/Cdq - Doings.MP3,"upbeat, energetic, Afrobeats, male, hip hop"
dataset/Blaq-Jerzee-Oroboto-ft-Sofiya-Nzau.mp3,"upbeat,happy, afrobeats, male, collaboration"
dataset/Ice Prince - Big Daddy Ice.mp3,"energetic, fun, Afrobeat, male, upbeat"
"dataset/Future ft drake, dababy and lil baby - Life is good (remix).MP3","energetic,hype, hip hop, male, collaboration"
dataset/RAYE - Flip A Switch.mp3,"upbeat, energetic, pop, female, catchy"
dataset/Lil kesh  ft zinoleesky - Don't call me.MP3,"energetic,happy, Afrobeat, male, collaboration"
dataset/Whozu Feat. Billnass & Mbosso - Ameyatimba Remix.mp3,"energetic, upbeat, Bongo Flava, mixed, collaboration"
dataset/Rudeboy ft phyno and olamide - Double double.MP3,"energetic, upbeat, Afrobeats, male, collaboration"
dataset/Mellow Ft-Sleazy-Focalistic Thabza Tee - Patje RaeRata.mp3,"mellow, Afrobeat, mixed, Collaboration"
dataset/Brainee - Weak.MP3,"energetic, fun, afrobeats, male, "
"dataset/Kybba, Stylo G  Kalibwoy - HAMMA.mp3","energetic, upbeat, dancehall, reggae, male, collaboration"
dataset/Alpha P Ft Av Veronica.mp3,"energetic, upbeat, Afrobeats, male, "
dataset/Stonebwoy ft sean paul - Most original.MP3,"energetic, upbeat, reggae, dancehall, male, collaboration"
dataset/MI_Abaga_-_6am_In_Accra_.mp3,"upbeat,happy, hip hop, male, Nigerian"
dataset/T classic - Makaveli.MP3,"hype, energetic, Afrobeats, male, Nigerian"
dataset/DJ Kaywise - Informate ft Tiwa Savage.mp3,"energetic, upbeat, Afrobeat, mixed, collaboration"
dataset/Johnny drille - The best part.MP3,"emotional, soothing, soul, male, acoustic"
dataset/T- Classic - Think About It.mp3,"upbeat,happy, Afrobeats, male, popular"
dataset/Reminisce - Level Yen.mp3,"nostalgic, reflective, hip hop, male, Nigerian"
dataset/Llona - Cold War.mp3,"sad, chilling, pop, female, piano"
dataset/Oskido & X-Wise – African Prayer ft. Nokwazi & OX Sounds.mp3,"uplifting, spiritual, afro house, mixed, collaboration"
dataset/Tekno - On you.MP3,"upbeat,happy, afrobeat, male, "
dataset/Busta_929_-_Forever_Yena_ft_KNOWLEY-D_20ty_Soundz.mp3,"energetic, groovy, amapiano, male, collaboration"
dataset/Wizkid ft skillibeng and shenseea - Slip n slide.MP3,"upbeat, energetic, Afrobeats, Dancehall, Male, Female, collaboration, summer vibes"
dataset/Da Muziqal Chef & Murumba Pitch Feat Kabza De Smallz - Obrigado.mp3,"upbeat,happy, Amapiano, male, collaboration"
dataset/Kida kudz - On sight (freestyle).MP3,"Energetic, Confident, Hip Hop, Male, Freestyle"
dataset/Larry Gaaga - Egedege Ft Theresa Onuorah Flavour & Phyno.mp3,"energetic,happy, highlife, mixed, collaboration"
dataset/Joeboy-Surviving.mp3,"upbeat,happy, afrobeats, male, catchy"
dataset/Tyla - No.1 ft. Tems.mp3,"upbeat, energetic, Afrobeat, female, collaboration"
dataset/Efia Odo “Wo Be Di”.mp3,"upbeat, energetic, Afrobeat, female, Ghanaian"
dataset/Tekno Freetown.mp3,"upbeat, energetic, afrobeat, male, danceable"
dataset/Yemi alade ft phyno - Pounds and dollars.MP3,"energetic, upbeat, Afrobeat, female, collaboration"
dataset/Switch Disco - EASE MY MIND.mp3,"upbeat, groovy, dance, disco, pop, male, catchy"
dataset/Sarz x DJ Tunes - Get Up ft Flash.mp3,"energetic, upbeat, Afrobeats, male, collaboration, dance"
dataset/Ladipoe ft crayon - Based on kpa.MP3,"upbeat, energetic, lively, Afrobeat, male, collaboration, Nigerian music"
dataset/Seyi shay x vanessamdee x dj cuppy - Love u scatter.MP3,"energetic, romantic, Afrobeats, Afro-pop, female, collaboration, love song"
dataset/Bontle-Smith-Shabesa-Ft-Tyler-ICU-Tumeloza-Al-Xapo-BoontleRSA-CooperSA.mp3,"upbeat, energetic, afro-house, mixed, collaboration"
dataset/Felo-Le-Tee-Full-Set-Ft-Mellow-Sleazy-Chley.mp3,"energetic, upbeat, amapiano, mixed, collaboration"
dataset/Dj neptune ft rema - For you.MP3,"upbeat, romantic, Afrobeats, male, collaboration, love song"
dataset/Mr 2kay - Run this town.mp3,"energetic,empowering, afrobeats, male, uplifting"
dataset/Ice Prince - Boss.mp3,"energetic,hype, hip hop, male, upbeat"
"dataset/Chantel jeffries ft vory , offset - Wait.MP3","upbeat, hip hop, mixed, collaboration"
dataset/Kukbeatz ft Ruger - All of Us.mp3,"upbeat,happy, Afrobeats, male, collaboration, energetic"
dataset/Rybeena-Wise-20-ft-Olamide.mp3,"energetic,happy, afropop, male, collaboration"
dataset/Oritse_Femi_-_Double_Wahala_3_.mp3,"energetic, upbeat, Afrobeat, male, "
dataset/Dvrko ft killwill - Broken famous.MP3,"sad, reflective, electronic, dance, male, collaboration"
dataset/BKAY! - Feli Feli.mp3,"upbeat, energetic, Afrobeats, male, collaboration, party"
"dataset/SjavasDaDeejay, Mellow & Sleazy & Xduppy - 10 Past 4 (feat. Titom & Lastborndiroba).mp3","chilled, relaxed, Amapiano, mixed, collaboration, featuring artists"
dataset/Tekno - Skeletun.mp3,"upbeat,dance, Afrobeats, male, club banger"
dataset/MARTHA BEST ENOF LOV LAST.mp3,"energetic,happy, pop, female, upbeat"
dataset/Dyo ft lord afrixana - Papaya.MP3,"upbeat,happy, afrobeat, female, collaboration"
dataset/Nasty c - Palm trees.MP3,"chill, relaxed, hip hop, male, South African"
dataset/Idowest-Oshe.mp3,"energetic, upbeat, Afrobeats, male, danceable, Nigerian"
dataset/Mr Eazi - London Town Ft  Giggs.mp3,"energetic, upbeat, afrobeat, male, collaboration"
dataset/Asake - Mr Money.mp3,"upbeat,happy, Afrobeat, male, Nigerian"
dataset/Peruzzi - Lagbaja.MP3,"calm, chill, relaxed, Afrobeat, male, Nigerian music"
"dataset/Samthing ft dj maphorisa, kabza de small and shash - Akulaleki.MP3","upbeat,happy, afro-house, mixed, collaboration"
dataset/Olamide - Baba Morowo.mp3,"upbeat,happy, Afrobeats, male, Nigerian music"
dataset/Bisa Kdei - JWE .mp3,"upbeat,happy, highlife, male, Ghanaian music"
dataset/Jonas brothers - Sucker.MP3,"upbeat,happy, pop, male, catchy"
dataset/Camidoh ft magixx - Slow.MP3,"romantic, slow, Afrobeats, male, collaboration, featured artist"
dataset/King monada ft leon lee - Ke rata wena.MP3,"romantic, upbeat, dance, Male, collaboration"
dataset/Zinoleesky Ft Ayra Starr - Many Roads.mp3,"upbeat, energetic, Afrobeats, R&B, mixed, collaboration"
dataset/Wizkid - Medicine (Remix) ft Flavour  Phyno.mp3,"upbeat, energetic, Afrobeats, male, remix, collaboration"
dataset/Wande Coal - My Way~1.mp3,"upbeat,happy, Afrobeat, male, Nigerian"
dataset/Chechdaproducer ft zlatan ibile and soft - 100 bo2uls.MP3,"energetic, upbeat, afrobeats, male, collaboration"
dataset/Reekado banks - Self esteem.MP3,"confident,happy, Afrobeats, male, Nigerian"
dataset/Young thug ft. gunna - Recognize real.MP3,"energetic,upbeat, hip hop, male, collaboration"
dataset/Seyi vibez - Hat trick.MP3,"upbeat,happy, Afrobeat, male, Nigerian"
dataset/Oritsefemi - Agadatu.MP3,"upbeat,dance, afrobeat, male, "
dataset/Kamo Mphela - Nkulunkulu mp3.mp3,"energetic,upbeat, amapiano, female, South African"
dataset/omah lay - Holy Ghost .mp3,"uplifting,soulful, afrobeats, male, Nigerian"
dataset/I-Octane - Substitute.mp3,"energetic, upbeat, dancehall, male, Jamaican"
dataset/Davido ft the samples - Stand strong.MP3,"inspirational, uplifting, Afrobeats, male, collaboration, empowering"
dataset/10-Daliwonga-Cellular-Ft-Da-Muziqal-Chef-Kabza-De-Small-(JustNaija.com).mp3,"upbeat,happy, amapiano, male, collaboration"
dataset/Falz ft tekno - O wa.MP3,"energetic, upbeat, Afrobeats, male, collaboration"
dataset/Headie one - Both.MP3,"hype, rap, male, UK"
dataset/Thebelebe_-_JEBSON-amapiano.org-.mp3,"upbeat,happy, Amapiano, male, South African music"
dataset/Lizzo ft sza - Special.MP3,"uplifting, pop, female, collaboration"
dataset/Majeeed-Cheers-To-Life.mp3,"upbeat,happy,celebratory, afrobeat, male, energetic,positive"
dataset/Sean paul ft mavado - I'm sanctify.MP3,"energetic, upbeat, dancehall, male, collaboration, reggae"
dataset/BERRI TIGA --MMBM (Money Must Be Made).mp3,"energetic, upbeat, Afrobeat, male, party, dance"
dataset/Rexxie ft-Berri-Tiga - Taka-Oshi.mp3,"energetic, upbeat, Afrobeats, mixed, collaboration"
dataset/Ayra Starr - Jazzy Song.mp3,"upbeat, energetic, jazzy, afropop, alternative, female, new artist, Nigeria"
dataset/Falz ft niniola - Squander.MP3,"energetic, upbeat, Afrobeat, Afropop, Male, Female, collaboration, Nigerian music"
dataset/Kanye west ft. young thug - Remote control.MP3,"hypnotic, energetic, hip-hop, male, collaboration"
dataset/The him - Unstoppable.MP3,"upbeat,happy, electronic, male, energetic,summer vibes"
dataset/Mr JazziQ - Jika_(muzmo.pro).mp3,"upbeat,dance, amapiano, male, popular"
dataset/Skiibii - By Gone.mp3,"upbeat, energetic, Afrobeat, male, Nigerian"
dataset/Jimohsoundz - Body Ft Loyz.mp3,"upbeat, energetic, afrobeat, male, collaboration"
dataset/Fireboy DML - Sofri.mp3,"chill, romantic, soothing, Afrobeat, male, Nigerian"
dataset/Arrdee - Oliver twist.MP3,"energetic, catchy, UK drill, male, viral, danceable"
dataset/Mariechan – Thembalami ft. Tyler ICU.mp3,"uplifting, romantic, afro-pop, female, duet"
dataset/Russ - Handsomer.MP3,"upbeat, energetic, hip hop, male, solo artist"
dataset/Eno-Barony-Warning.mp3,"empowering, confident, hip hop, female, warning"
dataset/Sean-Tizzle-Witness.mp3,"upbeat,happy, Afropop, male, Nigerian"
dataset/YG Marley - Praise Jah in the Moonlight.mp3,"uplifting, hopeful, joyful, reggae, dancehall, male, spiritual"
dataset/Tuale - Fofo.MP3,"upbeat, energetic, lively, Afrobeats, female, Nigerian, danceable"
dataset/Dj spinall ft kranium - Everytime.MP3,"upbeat, energetic, Afrobeat, Dancehall, Male, Collaboration"
dataset/Ayra Starr Ft Asake - Goodbye Warm Up.mp3,"upbeat, energetic, Afrobeats, female, collaboration"
dataset/Mac Lopez - Thethelele (feat. Soulful G).mp3,"upbeat, energetic, afro pop, male, collaboration, featured artist"
dataset/Tulenkey-Kom.mp3,"upbeat, energetic, Afrobeat, male, "
dataset/Thutmose ft rema - Love in the morning.MP3,"romantic, hip hop, mixed, collaboration"
dataset/Marshmello ft chvrches - Here with me.MP3,"upbeat, energetic, electronic, pop, mixed, collaboration"
dataset/Shallipopi Ft- Zlatan - Elon Musk Remix.mp3,"energetic, upbeat, Afrobeats, mixed, remix, collaboration"
dataset/LuuDadeejay-Authority-1869.mp3,"energetic,happy, amapiano, male, upbeat"
dataset/Donae'o - The party's over here.MP3,"upbeat, energetic, dancehall, male, party"
dataset/Erigga - Bad Persin 2.mp3,"aggressive, energetic, confident, hip hop, male, Nigerian, rap"
dataset/Olamide - Makaveli.mp3,"energetic, lively, Afrobeats, male, hip hop"
"dataset/Dominic Neill, DJ Kent - The Best Is Yet To Come clean.mp3","upbeat,hopeful, dance, mixed, collaboration"
dataset/DJ Spinall - Tonight ft Omah lay.mp3,"upbeat, lively, Afrobeat, male, club, dance"
dataset/Kygo ft donna summer - Hot stuff.MP3,"upbeat, energetic, dance, mixed, collaboration"
"dataset/Falz ft medikal , maleek berry - Next.MP3","energetic, upbeat, afrobeat, male, collaboration"
dataset/Whiskey ( Radio Edit) Burna Boy.mp3,"energetic, uplifting, Afrobeat, male, party"
dataset/Falz - Squander ft Niniola.mp3,"upbeat, lively, energetic, Afrobeat, male, collaboration, danceable"
dataset/YBB - Navela ft Jux (Radio edit).mp3,"upbeat,happy, Afrobeat, mixed, collaboration"
dataset/T-Classic - Hold On.mp3,"upbeat,hopeful, afrobeat, male, Nigerian"
dataset/STYL PLUS - READY TO GO.mp3,"upbeat,happy, Afropop, male, Nigerian"
dataset/Johnny drille - Bad dancer.MP3,"upbeat, fun, Afropop, male, Nigerian artist"
dataset/Babyboy-AV - Rage.mp3,"energetic, intense, hip hop, male, "
dataset/DONDI.mp3,"energetic, upbeat, lively, pop, male, catchy"
dataset/Claye - Honestly.mp3,"melancholic, reflective, pop, male, "
dataset/Dave ft central cee - Sprinter.MP3,"energetic,hype, rap, male, "
dataset/Little mix - Bounce back.MP3,"upbeat, energetic, pop, female, dance"
dataset/DJ-Stokie-Imibuzo-Ft-May-Jack.mp3,"upbeat,dance, amapiano, male, featuring"
dataset/Show dem camp ft oxlade - Mine alone.MP3,"chill, romantic, Afrobeats, Male, collaboration"
dataset/Victony - OHEMA ft. Crayon  Bella Shmurda.mp3,"upbeat,happy, afrobeats, mixed, collaboration"
dataset/Reekado banks ft adekunle gold and maleek berry - Feel different.MP3,"uplifting, joyful, Afrobeat, Male, collaboration, Nigerian artists"
dataset/Asake - Joha.mp3.MP3,"upbeat,happy, afrobeat, male, danceable"
dataset/Burna boy - Watin man go do.MP3,"upbeat, energetic, Afrobeat, male, Nigerian, Burna Boy"
dataset/Kizz daniel - Rtid (rich till i die).MP3,"energetic, Afrobeats, male, upbeat"
dataset/Dremo-Lagos.mp3,"energetic, upbeat, Afrobeat, male, Nigerian"
dataset/Ice-Prince Ft Blaqbonez - CALCULATE.mp3,"energetic, upbeat, Hip-Hop, Male, collaboration, Nigerian"
dataset/Praiz - Hustle.mp3,"energetic, determined, afrobeats, male, uplifting"
dataset/Para (Radio Edit) LAX.mp3,"upbeat,happy, pop, female, radio edit"
dataset/Kygo ft rita ora - Carry on.MP3,"upbeat,happy, pop,electronic, female, "
dataset/Lil-Frosh-Bimida.mp3,"energetic, upbeat, hip hop, male, street"
dataset/Smallgod (feat. Joeboy)  Kelewele.mp3,"upbeat, energetic, Afrobeats, male, collaboration"
dataset/Ckay - You.MP3,"upbeat,happy, pop, male, "
dataset/H.e.r ft chris brown - Focus (dj envy remix).MP3,"energetic, romantic, R&B, mixed, remix"
dataset/Flavour - Looking Nyash dflamz radio .mp3,"upbeat, energetic, Afrobeats, male, Flavour, Looking Nyash"
"dataset/Magic System ft Yemi Alade , Mohamed Ramadhan - Akwaba .mp3","upbeat, energetic, afrobeat, mixed, collaboration"
dataset/Rotimi - Love Somebody.mp3,"romantic, uplifting, R&B, male, soulful"
dataset/Ice-Beats-Slide-Sbuda-Maleather-Abanye-Abantwana.mp3,"energetic, upbeat, hip hop, male, urban"
dataset/Latto - Lottery feat. LU KALA.mp3,"upbeat, energetic, hip hop, female, collaboration"
dataset/Kwiish-SA-Shikisha-ft-Malumnator-(JustNaija.com).mp3,"upbeat,dance, amapiano, male, collaboration"
dataset/Sound sultan ft tubaba - Naija hood rep.MP3,"upbeat, energetic, afrobeat, male, collaboration, Nigerian"
dataset/Guiltybeatz ft falz and joey b - Iyabo.MP3,"upbeat, playful, Afrobeats, male, collaboration"
dataset/DJ-Yessonia-Ngikhathele-Ft-Mr-Brown-Starr-Healer-Drip-Gogo.mp3,"upbeat,dance, afro-pop, male, collaboration"
dataset/Oxlade - ARABAMBI.mp3,"upbeat, energetic, Afrobeats, male, Nigerian, dance"
dataset/Tiwa Savage - Oma Ga.mp3,"upbeat, joyful, Afrobeats, female, Tiwa Savage"
dataset/Internet money ft roddy ricch and kodak black - I remember.MP3,"upbeat, nostalgic, rap, mixed, collaboration"
dataset/Rayvanny - YANGA MWAMBA.mp3,"upbeat, energetic, bongo flava, male, Tanzanian music"
dataset/Kendrick lamar - N95.MP3,"upbeat,hype, hip-hop, male, "
dataset/French montana ft drake - No stylist.MP3,"upbeat, catchy, hip hop, rap, male, collaboration, popular"
dataset/Betusile - Ngena Noah.mp3,"upbeat, inspirational, gospel, male, South African"
dataset/Rudeboy - Somebody baby.MP3,"upbeat, romantic, Afropop, male, love song, Nigerian music"
dataset/The chainsmokers and kygo - Family.MP3,"upbeat,happy, pop,dance, mixed, collaboration"
dataset/Timaya - Don Dada.mp3,"energetic, upbeat, Afrobeats, male, danceable"
"dataset/Alan walker, k-391 and emelie hallow - Lily.MP3","uplifting, energetic, electronic, mixed, collaboration, popular"
dataset/Simi - Naked wire.MP3,"sensual, romantic, afropop, female, Nigerian"
dataset/Mr P - Follow My Lead ft  Wande Coal.mp3,"upbeat, catchy, Afrobeats, male, collaboration"
dataset/ODUMODUBLVCK Ft Reeplay -SAINT OBI.mp3,"energetic, upbeat, lively, Afrobeats, male, collaboration, Nigerian artist"
dataset/Ayox-Ashewo-Boy-Ft-Tekno.mp3,"upbeat, catchy, afrobeats, male, collaboration, Nigerian"
dataset/jessie temptation (1).mp3,"upbeat, energetic, empowering, pop, female, catchy"
dataset/Eddy-Kenzo-Nkwebikka.mp3,"upbeat,happy, Afrobeat, male, "
dataset/Olamide - Criteria.MP3,"upbeat, romantic, Afrobeats, male, Nigerian"
dataset/Ceeza Milli - M.O.M.mp3,"upbeat,happy, Afrobeat, male, energetic"
dataset/Major lazer ft mr eazi & raye - Tied up.MP3,"upbeat, energetic, pop, electronic, mixed, collaboration"
dataset/Crayon - Super Woman.mp3,"uplifting, empowering, pop, male, catchy"
dataset/Kanye west ft. sunday service choir & vory - No child left behind.MP3,"inspirational, uplifting, hip hop, gospel, male, collaboration, choir"
"dataset/K.O - SETE ft. Young Stunna, Blxckie.mp3","energetic, powerful, hip-hop, male, collaboration"
dataset/Isick - Grateful.MP3,"uplifting,happy, pop, male, grateful"
dataset/Bad Boy Timz - Have Fun.mp3,"energetic,happy, afrobeat, male, "
dataset/Ric hassani & fiokee - Sweetest thing.MP3,"romantic, soothing, R&B, Afrobeat, male, "
"dataset/Rudeboy, sparkle tee & ife` - Osimmiri.MP3","upbeat, energetic, afrobeats, mixed, collaboration"
dataset/Myron - werey (mp3).mp3,"energetic, lively, Afrobeat, male, Nigerian music"
dataset/Burna Boy - Cloak & Dagger feat. J Hus.mp3,"energetic, mysterious, afrobeat, male, collaboration"
dataset/Burna boy ft m-anifest - Another story.MP3,"upbeat, energetic, Afrobeats, male, collaboration, storytelling"
dataset/Boy spyce - Destiny.MP3,"upbeat,happy,energetic, pop, male, catchy"
dataset/Brainee - Vanilla.MP3,"upbeat, energetic, pop, male, catchy"
dataset/Gunna and future ft young thug - Pushin p.MP3,"hype, hip hop, male, collaboration"
dataset/Mr 2kay - Kolo.mp3,"upbeat, energetic, Afrobeat, male, Nigerian"
dataset/Skales - Kayefi.mp3,"upbeat,happy,dance, afrobeats, male, Nigerian"
"dataset/D'tunes ft mayorkun , hyperdandy - Debe.MP3","upbeat,happy, Afrobeats, male, collaboration"
dataset/Musa Keys - Vula Mlomo (Mixed)_(muzmo.pro).mp3,"upbeat, energetic, amapiano, male, mixed"
dataset/Sheye Banks - Black is Beautiful.mp3,"inspiring, empowering, afrobeat, male, "
dataset/Omawumi - What a Bang Bang ft 2face Idibia.mp3,"energetic, lively, Afrobeat, Pop, female, collaboration, Nigerian music"
dataset/Busta 929 - Ngixolele_(muzmo.pro).mp3,"upbeat, energetic, Amapiano, male, dance, party"
dataset/Olivia rodrigo - Drivers license.MP3,"melancholic,sentimental, pop, female, heartbreak,relationships"
dataset/Beyonce ft jay-z - Friends.MP3,"upbeat, energetic, R&B, Hip Hop, female, collaboration"
dataset/Mr P - Wokie Wokie Ft  Nyanda.mp3,"upbeat,dance, Afrobeat, male, "
dataset/Olamide - Metaverse.mp3,"energetic, upbeat, Afrobeats, male, Nigerian"
dataset/Cali P  Gold Up - Up All Night.mp3,"energetic, party, reggae, dancehall, male, "
dataset/Balloranking-Caro-Remix-ft-1da-Banton.mp3,"upbeat, energetic, Afrobeats, male, remix, collaboration"
dataset/Wizkid Ft Don Toliver Special.mp3,"upbeat, energetic, Afrobeat, Hip hop, male, collaboration, featured artist"
dataset/Omawumi - Bottom belle ft Flavour.mp3,"energetic, upbeat, Afrobeat, female, collaboration"
dataset/Jorja smith x guiltybeatz - All of this.MP3,"soulful, upbeat, R&B, Afrobeat, female, collaboration, trending"
dataset/Adele - To be loved.MP3,"soulful,powerful, pop, female, "
dataset/Victor AD - No Idea.mp3,"upbeat, hopeful, Afrobeats, male, Nigerian music"
dataset/Tekno - Where.mp3,"upbeat, energetic, afrobeats, male, danceable"
dataset/Candy-Bleakz-Para.mp3,"energetic, fun, afrobeats, female, Nigerian, dance"
dataset/Camila cabello ft kane brown - Never be the same (remix).MP3,"upbeat, romantic, pop, mixed, remix"
dataset/Fireboy DML - Glory.mp3,"uplifting, energetic, Afrobeat, male, Nigerian"
dataset/Wizkid - Gbese (feat  Trey Songz).mp3,"energetic, upbeat, Afrobeats, male, collaboration, dance"
dataset/Cdq ft flavour - Akwaba.MP3,"energetic, lively, Afrobeat, male, "
dataset/Travis scott - Escape plan.MP3,"energetic,hype, rap, male, hip-hop"
dataset/Marshmello ft a day to remember - Rescue me.MP3,"upbeat, energetic, EDM, rock, mixed, collaboration"
dataset/DJ Neptune - Do Like I Do ft Skales  Harmonize.mp3,"upbeat,happy, Afrobeat, mixed, collaboration"
dataset/Mr eazi and major lazer ft nicki minaj and k4mo - - Oh my gawd.MP3,"upbeat, energetic, lively, afrobeats, dancehall, mixed, collaboration, international"
dataset/Caltonic SA & Sje Konka - Bambelela.mp3,"upbeat, energetic, Amapiano, male, collaboration"
dataset/Wizkid-Sexy-[TrendyBeatz.com].mp3,"sexy, Afrobeats, male, trending"
dataset/Mr P - One More Night Ft  Niniola.mp3,"upbeat, romantic, Afrobeats, male and female, collaboration, Nigerian music"
dataset/Tekno Pay.mp3,"upbeat, energetic, Afrobeats, male, danceable"
dataset/Scumie-ft-Blxckie-Give-Me-Your-Love.mp3,"happy, energetic, hip hop, rap, male, collaboration"
dataset/Black Sherif - OH NO.mp3,"energetic,dramatic, Afrobeats, male, Ghanaian"
dataset/DEBORAH GOLD MISTER.mp3,"energetic, upbeat, happy, pop, female, catchy, danceable"
dataset/Miss Pru DJ & Q-Mark - Khetha Wena ft. Afriikan Papi Amahle & Slick Widit.mp3,"energetic, upbeat, afro-house, mixed, collaboration"
dataset/Del-B-Bye-ft-Camidoh-Reekado-Banks-.mp3,"upbeat,happy, Afrobeats, Male, collaboration"
dataset/Eddy kenzo - Jubilation.MP3,"happy, upbeat, Afrobeat, male, celebratory"
dataset/John legend and muni long - Honey.MP3,"romantic, soulful, R&B, mixed, collaboration"
"dataset/Hit - Ikpa Udo , Ife`, Acetune & ifex G.mp3","energetic, upbeat, catchy, Afrobeats, hip hop, male, collaboration, Nigerian artists"
dataset/Soft ft wizkid - Money.MP3,"soft, Afrobeats, male, collaboration, popular"
dataset/Davolee -Fun-for-Love-Ft-Otega.mp3,"fun, Afrobeat, male, love, collaboration"
dataset/Meek mill ft jeremih and pnb rock - Dangerous.MP3,"energetic, powerful, rap, hip hop, male, collaboration"
dataset/Chinko ekun ft johnny drille - Calling.MP3,"upbeat,melancholic, Afrobeat, male, collaboration"
dataset/Peruzzi - Things i need.MP3,"nostalgic, reflective, Afrobeats, male, "
dataset/MUTUTE BOY feat. Mellow & Sleazy - 16K.mp3,"upbeat,happy, hip hop, mixed, collaboration"
dataset/Zoro - Two.MP3,"upbeat,happy, hip hop, male, Nigerian music"
dataset/Santi - Sparky.MP3,"energetic,happy, pop, male, upbeat"
dataset/Yemi Alade - Dancina .mp3,"upbeat,happy, Afrobeat, female, popular"
dataset/Lethal bizzle - Woah.MP3,"energetic, hype, grime, male, catchy"
dataset/Cuppy - Green Light Ft Tekno.mp3,"energetic, upbeat, Afrobeats, mixed, collaboration, danceable"
dataset/RIC HASANNI - My Only Baby.mp3,"romantic, love, happy, pop, afropop, male, Nigerian"
dataset/Mr eazi ft mo_t - Property.MP3,"energetic, Afrobeats, male, collaboration"
dataset/Simi - Sare.MP3,"romantic, soothing, Afrobeat, R&B, female, Nigerian"
dataset/Clay ft johnny drille - The one.MP3,"soulful, romantic, R&B, mixed, duet, collaboration"
dataset/Amaarae ft. maesu and ckay - Fantasy.MP3,"upbeat, dreamy, Afrobeats, multiple, collaboration"
"dataset/Tobi, dj tunez and oxlade ft juls - Dollas and cen.MP3","upbeat, chill, Afrobeats, mixed, collaboration"
dataset/Terri  Show You.mp3,"upbeat,happy, afrobeats, female, "
dataset/Marvel - Get Me.mp3,"energetic, powerful, pop, male, upbeat"
dataset/Musta4a - Balance Riddim.mp3,"energetic, upbeat, dancehall, reggae, male, riddim"
dataset/Lil kesh ft naira marley - Korope.MP3,"energetic, upbeat, Afrobeats, male, collaboration, Nigerian music"
dataset/Kola ft Timaya Kolapiano remix.mp3,"upbeat, energetic, Afrobeats, male, collaboration, remix"
dataset/Tekno - Kata.MP3,"energetic, upbeat, Afrobeat, male, "
dataset/Korede Bello - Work It.mp3,"upbeat, lively, Afrobeats, male, danceable"
dataset/RUGER - Asiwaju.mp3,"upbeat, energetic, Afrobeats, male, Nigerian"
dataset/Doja cat - Vegas.MP3,"upbeat, energetic, pop, hip hop, female, catchy"
dataset/Vector - Your biology is sending you to hell.MP3,"dark, intense, rap, male, explicit"
dataset/Amerado  Metua featuring Kuami Eugene DFLAMZ RADIO .mp3,"upbeat,happy, hip hop, male, collaboration"
dataset/Praiz - Champagne & Flowers.mp3,"romantic, soothing, R&B, male, love, slow tempo"
dataset/Inhiziyo Yam Caltonic SA.mp3,"upbeat,dance, amapiano, male, "
dataset/Lil Kesh Talk & Do (Radio Edit) Clean Version.mp3,"energetic, upbeat, Afrobeats, male, clean version, radio edit"
dataset/Megadrumz-Tjina-ft-Lady-Du-(JustNaija.com).mp3,"energetic, upbeat, afro-house, male and female, collaboration, popular"
dataset/Sam smith - Night before christmas.MP3,"mellow, soothing, pop, holiday, male, "
dataset/BREEDER LW - MIDAS TOUCH.mp3,"energetic,happy, hip-hop, male, upbeat"
"dataset/Osimmiri - RudeBoy,  Sparkle Tee  &  Ife`.mp3","energetic, upbeat, Afrobeat, mixed, collaboration"
dataset/Zlatan - This Year.mp3,"upbeat,happy, afrobeat, male, celebratory"
dataset/Joeboy - Contour.MP3,"upbeat, energetic, romantic, Afrobeat, male, pop"
dataset/Tyla-Priorities.mp3,"upbeat,happy, pop, male, catchy"
dataset/Darkoo ft. unkown t - Come up.MP3,"energetic, confident, Afrobeat, female, collaboration"
dataset/Pryme-Gbera-ft-Bella-Shmurda.mp3,"energetic,upbeat, Afrobeat, male, collaboration"
dataset/In Love - JESSIE THE GEM ( JTG ).mp3,"romantic, uplifting, pop, female, love song, artist: JESSIE THE GEM (JTG)"
dataset/Falz - Body Language Ft Ajebo Hustlers.mp3,"upbeat, energetic, Afrobeats, male, collaboration"
dataset/Cairo-Cpt-Mother-s-Love-ft-Xola-Sofuthe.mp3,"uplifting,happy, hip hop, mixed, collaboration"
dataset/Kabza_De_Small_DJ_Maphorisa_feat_Focalistic_Kamo_Mphela_Bontle_Smith_-_Sandton_67465564.mp3,"upbeat, energetic, amapiano, mixed, collaboration"
dataset/Nonso Amadi - Foreigner.mp3,"melancholic, reflective, R&B, Soul, male, Nigerian, emotional"
dataset/M.i abaga ft lord vino - Soft life tony.MP3,"chill, relaxed, hip hop, rap, male, collaboration"
dataset/Zlatan - Ale Yi dflamz radio mp3.mp3,"upbeat, energetic, Afrobeats, male, Zlatan, Nigerian music"
dataset/Chike ft flavour - Hard to find.MP3,"upbeat, romantic, Afrobeats, male, collaboration"
"dataset/Walshy fire, terri and cloud beats - Right here.MP3","energetic, upbeat, afrobeat, dancehall, mixed, collaboration"
dataset/King Perryy - Go German Ft Bella Shmurda & BackRoad Gee.mp3,"energetic, upbeat, afrobeats, male, collaboration, Nigerian artists"
dataset/Gthree Mayami - Gratitude.mp3,"uplifting, grateful, happy, pop, male, upbeat, positive"
dataset/Dice Ailes - Dicey Baba.mp3,"upbeat, energetic, Afrobeats, male, Nigerian"
dataset/FOCALISTIC-Ke-Busy-feat.-Kabza-de-Small-DJ-Maphorisa-_.mp3,"energetic, lively, amapiano, male, collaboration"
dataset/Skepta Ft Portable - Tony Montana .mp3,"energetic, aggressive, hip hop, male, collaboration"
dataset/Asake - Sunmomi.MP3,"cheerful, upbeat, Afrobeat, male, Nigerian"
dataset/Ashidapo ft mystro - Loco (insane).MP3,"energetic, lively, Afropop, male, collaboration"
dataset/Kayode - I don't want your love.MP3,"soulful, romantic, R&B, male, love song"
dataset/Triumphant (Radio Edit) Olamide Ft Bella Shmurda.mp3,"triumphant, energetic, afrobeats, male, collaboration"
dataset/Dapo tuburna - Yellow cooler.MP3,"energetic,happy, Afrobeat, male, "
dataset/Fireboy DML - Outside Ft Blaqbonez (Radio Edit).mp3,"energetic, exciting, Afrobeats, male, collaboration, radio edit"
dataset/Toto revbwoy.mp3,"happy, energetic, reggae, male, upbeat"
dataset/Leriq - Say You Love Me ft Wizkid.mp3,"romantic, upbeat, Afrobeat, male, collaboration"
dataset/Asa - The beginning.MP3,"calm, soul, female, "
dataset/Mas-Musiq-Phind-iVukhe-ft-Aymos-Xolani-Guitars.mp3,"upbeat, energetic, Amapiano, mixed, collaboration, instrumental"
dataset/Pheelz - Yolo.MP3,"upbeat,happy, Afrobeat, male, popular"
dataset/Cheat codes - Washed up.MP3,"upbeat,dance, pop, male, electronic"
dataset/Victony - My darling.MP3,"romantic, soothing, Afrobeat, female, Nigerian music"
dataset/Sho madjozi - Wakanda forever.MP3,"energetic, upbeat, afrobeat, female, African"
dataset/Fireboy DML - Friday Feeling.mp3,"upbeat, happy, Afrobeat, male, celebratory"
dataset/Wizkid ft skepta - Longtime.MP3,"upbeat, energetic, Afrobeats, male, collaboration"
dataset/Teni - Power rangers.MP3,"upbeat, empowering, Afrobeats, female, love"
dataset/DJ Sona SA - Ice Cream (Amapiano Instrument)_(muzmo.pro).mp3,"Upbeat,Happy,Energetic, Amapiano, Female, Instrumental"
dataset/Dj-Consequence-ft-Dj-Tarico-preck-Nelson-Tivane-Number-One.mp3,"upbeat,dance, afrobeat, mixed, collaboration"
dataset/Phyno - Bbo.MP3,"Energetic, Afrobeat, Male, Nigerian"
dataset/Ladi Poe & Terry Apala - Champagne Already.mp3,"upbeat, celebratory, Afrobeats, male, collaboration"
dataset/Niniola_-_Want.mp3,"upbeat,dance, afrobeat, female, "
dataset/DJ Tunez  Ashanti  Adekunle Gold - Energy.mp3,"energetic,happy, afrobeat, mixed, collaboration"
dataset/Anendlessocean - Love Practitioner.mp3,"peaceful, calming, romantic, indie pop, male, love song, introspective"
dataset/Hotkid - Metro Ft Yox.mp3,"energetic, upbeat, Afrobeats, male, collaboration"
dataset/Zinoleesky - Loving you.MP3,"romantic, Afrobeat, male, love"
dataset/Gthree Mayami - Nawty.mp3,"energetic, upbeat, dancehall, male, catchy"
"dataset/K trap, doroad - Maths.MP3","energetic, rap, male, collaboration"
dataset/Pencil ft zingmaster - Tshwara.MP3,"energetic, lively, gqom, male, collaboration"
dataset/Naira Marley - As E Dey Go.mp3,"upbeat,dance, Afrobeats, male, "
dataset/Partynextdoor - Her old friends.MP3,"upbeat,happy,energetic, R&B, male, summer vibes"
dataset/Teni-Devil-Dance-ft-Odumodublvck.mp3,"upbeat, energetic, dance, Afrobeats, female, collaboration"
dataset/Joji - Test drive.MP3,"melancholic, introspective, R&B, alternative, male, lo-fi"
dataset/Hayya Hayya Better Together  FIFA World Cup 2022 Official Soundtrack.mp3,"energetic, uplifting, pop, mixed, FIFA World Cup, official soundtrack"
"dataset/Davido ft duncan mighty , peruzzi - Aza.MP3","energetic,happy, Afrobeats, male, collaboration, Nigerian music"
dataset/Tommy Flavour & Alikiba + Iyanya - Huku.mp3,"upbeat, energetic, Afrobeat, male, collaboration"
dataset/Burna boy - Last last.MP3,"upbeat, energetic, afrobeat, male, Nigeria"
dataset/Blaqbonez Ft Takura  Bien  Sauti Soul  Mazoe.mp3,"energetic, upbeat, Afrobeats, male, collaboration"
"dataset/R2bees ft king promise, kwesi arthur, darkovibes, - Boys kasa.MP3","upbeat, energetic, lively, Afrobeats, male, collaboration, Ghanaian"
dataset/Ameraldo - Abronoma.mp3,"upbeat, energetic, pop, male, catchy"
dataset/Skiibii ft crayon - If i ever.MP3,"upbeat,happy, Afrobeats, male, collaboration"
dataset/Bnxn - My Life.mp3,"uplifting,happy, hip hop, male, energetic"
dataset/Victor-AD-Victorious.mp3,"uplifting, inspirational, afrobeat, male, Victor AD"
dataset/Jaaylion x CDQ Radio clean.mp3,"energetic, upbeat, hip hop, male, collaboration, radio-friendly"
dataset/Drey beatz - Ololufe.MP3,"romantic, love, afrobeat, male, Nigerian"
dataset/XBUSTA WHO U R MIXxxNEW .mp3,"energetic,hype, hip hop, male, remix"
dataset/Nontokozo Mkhize – Lu Strong ft. Nomfundo Moh.mp3,"uplifting, empowering, gospel, female, collaboration"
dataset/Lade - Adulthood.mp3,"upbeat, optimistic, pop, female, "
dataset/Kabza De Small - Alex.mp3,"upbeat, energetic, Amapiano, male, South African music"
dataset/Darkoo ft tion wayne - Shayo.MP3,"energetic, dance, afrobeat, female, collaboration"
dataset/Juls & oxlade - Melly melly.MP3,"upbeat, happy, Afrobeat, male, collaboration"
dataset/Timaya - 2 Stoopid.mp3,"energetic,dance, afrobeats, male, upbeat"
dataset/Omawumi & Waje - Christmas Jolification.mp3,"festive,happy, Afrobeat, female, Christmas"
dataset/Bayanni-Casanova.mp3,"romantic, upbeat, pop, male, dance"
dataset/Lizzo ft ariana grande - Good as hell remix.MP3,"empowering, uplifting, pop, hip-hop, female, collaboration, remix"
dataset/Libianca-Jah.mp3,"upbeat, energetic, afrobeat, female, summer vibe"
dataset/Olamide - Another level.MP3,"uplifting, energetic, Afrobeats, male, Nigerian"
dataset/Yung l ft wizkid - Eve bounce (remix).MP3,"energetic, lively, Afrobeats, male, collaboration, remix"
dataset/Sound-Sultan-Ginger-ft.-Perruzi dflamz radio .mp3,"upbeat,happy, Afrobeat, male, Nigerian, collaboration"
dataset/Candy Bleakz Ft Blaqbonez Not Holy.mp3,"energetic, upbeat, Afrobeat, female, collaboration, Nigerian artists"
dataset/Kwesi Arthur - 4LYFE clean.mp3,"upbeat, lively, Afrobeats, male, Ghanaian"
dataset/Focalistic-Wena-My-Dali-Ft-Ch-cco-MaWhoo-EeQue-Thama-Tee.mp3,"energetic, upbeat, Amapiano, male, collaboration, South African music"
dataset/iyanya-Ope-ft-T-Dollar.mp3,"uplifting,happy, afrobeat, male, collaboration"
dataset/Deshinor - Fade.MP3,"upbeat,happy, afropop, male, Nigeria"
dataset/Lowsheen-Dzinginisa-ft-Makhadzi-Casswell-P.mp3,"upbeat, energetic, festive, afro house, female, collaboration"
dataset/Amanikiniki (feat. Major League DJz_ Kamo Mphela & Bontle Smith) - Mfr Souls.mp3,"upbeat, energetic, Amapiano, mixed, dance, collaboration"
dataset/WIZKID - Essence Ft Tems (MADE IN LAGOS).mp3,"chill,romantic, Afrobeats, Male, Nigerian,Smooth"
dataset/Idahams_Ft_Xenia_Manasseh_-_Hate_That_I_Love.mp3,"emotional, love, hate, Afrobeat, mixed, collaboration"
dataset/Nicki minaj - Chun li.MP3,"confident, energetic, hip-hop, female, rap, iconic"
dataset/Kiiara - How can you love me.MP3,"energetic,upbeat, pop, female, catchy"
dataset/Naira marley - Bad influence.MP3,"upbeat, energetic, afrobeats, male, controversial"
dataset/G2 AMANI - MY CORNER.mp3,"upbeat, energetic, hip hop, male, vibrant, urban"
dataset/Mfana-Kah-Gogo-Boss-Zonke-ft-Chereh-Sputswe-Rellow-Sauce.mp3,"energetic, upbeat, hip hop, male, collaboration"
dataset/Zuchu - Shika.mp3,"upbeat,happy, bongo flava, female, Tanzanian artist,Zuchu"
dataset/Skales - Oliver Twist.mp3,"upbeat,happy,dance, Afrobeats, male, catchy"
dataset/Cobhams asuquo ft bella shmurda and patoranking - Jah eli jah.MP3,"uplifting, inspiring, Afrobeat, Mixed, collaboration"
dataset/Ladipoe ft simi - Know you.MP3,"romantic, chill, Afrobeats, male, female, collaboration"
dataset/Future - Crushed up.MP3,"energetic, confident, rap, male, "
dataset/Adekunle Gold Ft Khalid Come Back To Me.mp3,"romantic, nostalgic, Afrobeat, R&B, male, collaboration, emotional"
dataset/MAFIKIZOLO - KWANELE.mp3,"upbeat, energetic, Afro-pop, mixed, South African"
dataset/Teni - Sugar mummy.MP3,"energetic, fun, Afrobeat, female, upbeat, danceable"
dataset/Dontom - Higher Vibration .mp3,"uplifting,energetic, afrobeat, male, summer vibes"
dataset/Kiiara - I don't wanna be friends.MP3,"energetic, edgy, rebellious, pop, electropop, female, breakup"
dataset/Patoranking - Champion.MP3,"upbeat, energetic, empowering, afrobeat, dancehall, male, celebratory"
dataset/Larry Gaaga - Sho Ja Ft  Wande Coal and BaseOne.mp3,"energetic, fun, Afrobeat, mixed, collaboration"
dataset/Dremo ft simi - Confam.MP3,"upbeat, romantic, afrobeat, mixed, collaboration"
dataset/Bvsh Baby - God Na My Padi.mp3,"upbeat, joyful, Afrobeats, male, Nigerian"
dataset/J cole - Interlude.MP3,"introspective,chill, hip hop, male, rap,conscious"
dataset/Bien x Ayra Starr - My Baby.mp3,"romantic, groovy, afropop, female, collaboration"
dataset/Charlie puth - The way i am.MP3,"upbeat, energetic, pop, male, Charlie Puth"
"dataset/Juice wrld, polo g and trippie redd - Feline.MP3","energetic, emotional, hip hop, male, collaboration"
dataset/Davido - Over dem.MP3,"energetic, upbeat, afrobeats, male, Nigerian, popular"
dataset/Burna Boy - Anybody .mp3,"upbeat, energetic, Afrobeat, male, summer vibes"
dataset/Naira Marley - Aye.mp3,"upbeat, energetic, Afrobeats, male, Naira Marley"
dataset/Zuchu-Utaniua.mp3,"upbeat, energetic, emotional, Bongo Flava, female, Tanzanian"
dataset/J hus - Fortune teller.MP3,"upbeat, energetic, lively, hip-hop, male, urban"
dataset/DJ-Ace-ft-Nate-Africa-AWG-Souls-Magic-Keys-Impilo.mp3,"upbeat,happy, afro-house, male, collaboration"
dataset/Kcee-Ojapiano-Remix-ft-OneRepublic.mp3,"upbeat,happy, Afrobeat, male, collaboration"
"dataset/Gospelondebeatz ft peruzzi,praiz,kholi,alter sound - Blessin.MP3","upbeat, inspirational, Afrobeat, mixed, collaboration"
dataset/Oluwadolarz-Nobody-Ft-Jayfred.mp3,"upbeat,happy, Afrobeat, male, collaboration"
dataset/Koker - Happy.MP3,"happy, pop, male, "
dataset/Flow_Jones_Jr_-_Mawubuye_ft_DJ_Sliqe.mp3,"upbeat, energetic, hip hop, male, collaboration"
dataset/THE REMEDIES - PACK NUFF.mp3,"energetic, upbeat, hip-hop, male, catchy, party"
dataset/07. Nomcebo Zikode - Xola Moya Wam ft. Master KG - (SongsLover.com).mp3,"joyful, uplifting, Afro House, female, collaboration, popular"
dataset/Kizz Daniel - Double..mp3,"upbeat, energetic, Afrobeat, male, Nigerian"
dataset/King promise ft wizkid - Tokyo.MP3,"upbeat, energetic, Afrobeats, Male, collaboration, international"
dataset/MAVIN - YOU.mp3,"uplifting, romantic, pop, male, love, relationship"
dataset/Ycee - Aunty Lovina ft Patoranking.mp3,"upbeat,dance, afrobeat, male, collaboration"
dataset/Rema - Iron man.MP3,"energetic, afrobeats, male, Nigerian"
dataset/Ckay - Kiss me like you miss me.MP3,"romantic, upbeat, afrobeat, male, "
dataset/Olivetheboy -  Good Sin.mp3,"upbeat,happy,energetic, pop, male, catchy"
dataset/Rude boy - Oga.MP3,"upbeat, energetic, afrobeat, male, dance"
dataset/The chainsmokers - High.MP3,"energetic, upbeat, catchy, pop, electronic, mixed, summer vibes"
dataset/Laycon - Fierce ft Chinko Ekun & Reminisce.mp3,"energetic, confident, hip hop, male, Nigerian, collaboration"
dataset/Iyanya - Over you.MP3,"sad, Afrobeats, male, heartbreak"
dataset/Nasty c ft t.i - They don't.MP3,"energetic, powerful, hip hop, mixed, collaboration, protest"
dataset/Fireboy dml ft wande coal - Spell.MP3,"upbeat, energetic, Afrobeats, male, collaboration, Nigerian music"
dataset/Pop smoke ft davido - Tsunami.MP3,"energetic, powerful, hip hop, male, collaboration, international"
dataset/What a Day That Was - The Cavemen.mp3,"energetic,happy, rock, male, "
dataset/Teni - Little (love i love).MP3,"upbeat,happy, Afrobeat, female, "
dataset/Fireboy dml ft asake - Bandana.MP3,"upbeat,chill, afrobeats, male, collaboration"
dataset/Ella mai ft chris brown - Watchamacallit.MP3,"sensual, romantic, R&B, female, collaboration"
dataset/Show Dem Camp - Do Me Nice ft Buju.mp3,"smooth, chill, afrobeat, male, collaboration"
dataset/Avala ft ladipoe - 9t9.MP3,"upbeat,happy, Afrobeats, male, collaboration"
dataset/Rotimi - Weapon ft Fireboy DML.mp3,"upbeat, energetic, Afrobeats, male, collaboration"
dataset/Dice Ailes - Mr Biggs.mp3,"energetic, catchy, Afrobeats, male, Nigerian music"
dataset/Davido - Fall.MP3,"upbeat, catchy, Afrobeat, male, Nigerian music"
dataset/Show Dem Camp - Talk About it ft 2face Idibia.mp3,"upbeat, groovy, Afrobeat, male, collaboration, Nigerian music"
dataset/Mayorkun - Up to something.MP3,"upbeat,happy, Afrobeats, male, Nigerian"
"dataset/M.I ABAGA - PASS THE MIC CYPHER FT PUNCHLINE AMUND, PREACHER KINGS , FOZTER , BARNYJUICE AND SEGHUN.mp3","energetic, uplifting, hip hop, male, collaboration"
dataset/Destiny ( Radio Edit) Boy Spyce.mp3,"uplifting, energetic, pop, male, radio edit"
dataset/Gabzy - As friends.MP3,"happy, upbeat, pop, male, friendship"
dataset/Terry Apala - TGIF.mp3,"upbeat,happy, Afrobeat, male, party"
dataset/Peruzzi - Gerrout.MP3,"upbeat,happy, Afrobeats, male, popular"
dataset/Soft - Summersault.MP3,"soft, pop, female, summer"
dataset/Bob marley & the wailers - Them belly full.MP3,"upbeat,happy, Reggae, Male, "
dataset/Reekado banks - Holla me.MP3,"happy, energetic, afrobeat, male, upbeat"
"dataset/05. Busta 929, Nobantu Vilakazi & Bontle Smith - Money Maker (feat. 20ty Soundz).mp3","energetic, lively, amapiano, mixed, collaboration, featuring 20ty Soundz"
dataset/Miley cyrus - Slide away.MP3,"sad, emotional, pop, female, breakup"
dataset/Wizkid ft Zlatan - IDK.mp3,"upbeat, energetic, Afrobeats, male, collaboration"
dataset/Falz - Le Vrai Bahd Guy.mp3,"upbeat, energetic, witty, Afrobeats, male, Nigerian"
dataset/Killer kau ft dj stylagang - Champagne.MP3,"energetic, fun, Amapiano, male, collaboration"
"dataset/Karyendasoul, Zakes Bantwini - Umoya (Visualizer).mp3","upbeat, energetic, lively, electronic, house, male, visualizer"
"dataset/DJ Snake, Ozuna, Megan Thee Stallion, LISA of BLACKPINK - SG.mp3","energetic, exciting, reggaeton, hip hop, mixed, collaboration"
dataset/Asake-Peace-Be-Unto-You-).mp3,"peaceful, calm, Gospel, Male, religious"
dataset/Cuppy - Werk Ft  Skuki.mp3,"energetic, upbeat, Afrobeats, mixed, collaboration, dance"
"dataset/Rich the kid ft rema, ayra starr and kddo - Yeh yeh.MP3","energetic, upbeat, hip hop, afrobeats, mixed, collaboration"
"dataset/S'tukzin Da Djay & Dj 787 - IspharaPhara (feat. Sizwe Alakine, Kid X & M.J).mp3","energetic, Amapiano, male, collaboration"
dataset/Wande coal - Umbrella.MP3,"upbeat, energetic, Afrobeat, male, Wande Coal"
dataset/Phyno ft olamide - Do you wrong.MP3,"upbeat, energetic, Afrobeat, Hip hop, male, collaboration"
dataset/Hotkid - Ayinde feat Mohbad.mp3,"upbeat, energetic, Afrobeats, male, collaboration"
dataset/Yemi Alade - Deceive ft Rudeboy.mp3,"energetic, powerful, Afrobeat, R&B, female, collaboration"
dataset/Eddy-Kenzo-Melo.mp3,"upbeat,happy,energetic, afrobeat, male, "
dataset/Joshua Baraka - Moonlight  feat Yaw Tog.mp3,"energetic, upbeat, hip hop, male, collaboration"
dataset/Ice-Beats-Slide-Sbuda-Maleather-Chiso.mp3,"upbeat, energetic, hip hop, male, instrumental"
dataset/Mae muller - I wrote a song.MP3,"upbeat, empowering, pop, female, heartfelt"
dataset/Samthing_Soweto_feat_DJ_Maphorisa_Kabza_De_Small_MFR_Souls_-_AmaDM_66356471.mp3,"joyful,happy, Amapiano, male, collaboration"
dataset/Tekno-Flashing-Lights.mp3,"upbeat,happy, pop, male, "
dataset/Dremo Pick Up.mp3,"upbeat, energetic, hip hop, male, Nigerian"
dataset/Phyno - Isi ego.MP3,"energetic,happy, Afrobeats, male, Nigerian"
dataset/Crayon-Trench-Kid-Ft-Oxlade.mp3,"upbeat, cheerful, afrobeat, male, collaboration, Nigerian"
dataset/Burna Boy - Killin Dem ft Zlatan.mp3,"upbeat, energetic, groovy, afrobeats, dancehall, male, collaboration, Nigerian music"
dataset/Poe - Voices.MP3,"mysterious, haunting, alternative rock, female, dark, atmospheric"
dataset/BNXN x Kizz Daniel x Seyi Vibez Gwagwalada.mp3,"energetic, upbeat, afrobeats, male, collaboration"
dataset/Reekado banks - Yawa.MP3,"upbeat, energetic, Afrobeats, male, Nigerian music"
dataset/Joshua Baraka - No Lie  feat Magixx.mp3,"upbeat,happy, afrobeats, male, collaboration"
dataset/B Young - OCEAN  ft BNXN.mp3,"upbeat, energetic, R&B, male, collaboration"
dataset/Stonebwoy ft beenie man - Shuga.MP3,"upbeat,dance, dancehall, male, collaboration"
dataset/Kizz daniel ft davido - One ticket.MP3,"upbeat, energetic, romantic, Afrobeat, male, collaboration"
dataset/King Perryy - Yawa.mp3,"energetic, upbeat, afrobeat, male, summer vibes"
dataset/Mr Eazi x Major Lazer - Leg Over (Remix) ft TY Dolla Sign  French Montana.mp3,"upbeat, energetic, Afrobeat, Dancehall, male, collaboration, remix, international"
dataset/Wande Coal Ft T Pain Streets Song.mp3,"urban, lively, energetic, Afrobeats, R&B, male, collaboration, hip-hop"
dataset/Jaywon-For-My-Head-Ft-Spyro.mp3,"upbeat, energetic, Afrobeats, male, collaboration"
dataset/Azanti-Clear-Road-Ft-PsychoYP.mp3,"energetic,happy, Afrobeat, male, collaboration"
dataset/Legendury beatz ft mr eazi - Zanku leg riddim.MP3,"upbeat, energetic, Afrobeats, male, "
dataset/Lojay & Sarz - LV N ATTN Ft Wizkid.mp3,"upbeat, lively, Afrobeats, male, collaboration, Nigerian music"
dataset/Fireboy - Tattoo.MP3,"upbeat, Afrobeat, male, love"
dataset/Young Jonn x King Bulldozer x DJ Worldwide - Monster.mp3,"energetic, upbeat, afrobeats, male, collaboration"
dataset/Chris brown ft jack harlow - Psychic.MP3,"energetic, upbeat, pop, hip hop, male, duet"
dataset/Dua lipa - Swan song.MP3,"powerful, empowering, pop, female, movie soundtrack"
dataset/Check-Balance-Prod-Spellz- Dflamz Radio.mp3,"upbeat, energetic, Afrobeat, male, radio"
dataset/Emotional oranges - On my way.MP3,"emotional, R&B, Mixed, smooth"
"dataset/Juls, prettyboy d-o & suspect otb - Alarm.MP3","upbeat, energetic, Afrobeats, mixed, "
dataset/Mr Eazi - TonyMontana Ft Tyga.mp3,"energetic, chill, Afrobeat, male, collaboration with Tyga"
dataset/Billie eilish - Lost cause.MP3,"melancholic, chill, pop, female, emotional"
dataset/Bad bunny ft drake - Mia.MP3,"upbeat, energetic, reggaeton, trap, male, collaboration, popular"
dataset/Fazil - Fiona ft. Lasmid.mp3,"upbeat, energetic, afrobeat, male, collaboration"
dataset/Trevor daniel - Falling.MP3,"melancholic,sad, R&B, male, popular"
dataset/Wizkid - Fever.mp3,"sensual, romantic, afrobeats, male, Nigerian"
dataset/Mz Kiss - Fame.mp3,"energetic, confident, hip hop, female, upbeat"
dataset/Burna boy - Rock your body.MP3,"energetic, upbeat, Afrobeats, male, dance, party"
dataset/Collect -  ChopLife SoundSystem Mr Eazi Mellow Sleazy Mo T Major League Djz.mp3,"energetic, upbeat, afrobeats, mixed, collaboration"
dataset/Ckay ft pink pantheress - Anya mmiri (black panther).MP3,"upbeat, energetic, Afrobeats, male, collaboration"
"dataset/Tyga Bankz, Tranquillo & Tkcreedlion - HG (feat. Mr JazziQ & 2.0 Worldwide).mp3","energetic,dance, afrobeat, male, collaboration,featured artist"
dataset/Donald-Konke-ft-Starr-Healer-Lesax.mp3,"upbeat,happy, afrobeat, male, collaboration,featured artist"
dataset/Terry Apala - Bread & Beans ft Zoro.mp3,"upbeat,happy, Afrobeats, Male, collaboration"
dataset/Aitch - Safe to say.MP3,"energetic, confident, rap, male, UK rap"
dataset/Body.mp3,"upbeat, energetic, pop, female, catchy"
dataset/Fullyman - Kwaheri.mp3,"upbeat,happy, afrobeat, male, swahili"
dataset/Mut4y ft maleek berry - Turn me on.MP3,"upbeat,dance, Afrobeat, male, collaboration"
dataset/WHERE U R FROM - LILLY AHABWE x JAY ARC MWESIGWA.mp3,"upbeat, energetic, Afrobeat, female, collaboration"
dataset/Nasboi Ft Wande Coal - Umbrella.mp3,"energetic, upbeat, Afrobeats, male, collaboration, catchy"
"dataset/Josh2funny ft falz , vector and magnito - Dont leave me.MP3","funny, upbeat, afrobeat, male, collaboration"
"dataset/Internet money ft don toliver, lil uzi vert, gunna - His and hers.MP3","upbeat,hype, hip hop, mixed, collaboration"
"dataset/Camidoh ft king promise , mayorkun and darkoo - Sugarcane (remix).MP3","upbeat, romantic, Afrobeats, mixed, remix, collaboration"
dataset/BMB - Fly Away.mp3,"uplifting,happy, EDM, male, "
dataset/NINIOLA - KOMIYO (RADIO EDIT).mp3,"upbeat, energetic, afrobeat, female, Niniola, Komiyo, Radio Edit"
dataset/Cavemen - Selense.MP3,"energetic, upbeat, Afrobeat, male, Nigerian music"
dataset/13-Tommy-Flavour-Kata-Utepe.mp3,"upbeat, energetic, bongo flava, male, dance"
dataset/Victony - Angelus.MP3,"upbeat,hopeful, hip hop, female, N/A"
dataset/Rema ft chris brown - Time n affection.MP3,"romantic, upbeat, afrobeat, pop, male, collaboration"
dataset/Jesy nelson ft. nicki minaj - Boyz.MP3,"energetic, upbeat, pop, female, collaboration"
dataset/Low Key (Radio Edit) 9ice ft Bella_Shmurda.mp3,"chill, upbeat, Afrobeats, male, collaboration"
dataset/Valerie broussard and galantis - Roots.MP3,"upbeat,happy, pop, female, collaboration"
dataset/Dababy ft moneybagg yo - Wig.MP3,"upbeat, energetic, hip hop, male, collaboration"
dataset/Dj-Melzi-African-Spirit-ft-Mkeyz.mp3,"energetic, uplifting, amapiano, male, collaboration"
dataset/Ozuna ft davido - Eva longoria.MP3,"energetic, upbeat, Reggaeton, Afrobeat, male, collaboration, international"
dataset/Mahalia - Whenever you're ready.MP3,"soulful, romantic, R&B, female, "
"dataset/Elow.t ft moon.onearth,falz vector,seun kuti,falz - Ekolowa.MP3","energetic, upbeat, Afrobeats, Hip hop, mixed, collaboration, Nigerian music"
dataset/BOJ-ft-Kwesi-Arthur-DarkoVibes-Joey-B-Awolowo dflamz clean .mp3,"energetic, lively, Afrobeats, male, collaboration, Nigerian music"
dataset/Johnny_Drille_-_How_are_you_My_friend_(KU3H_Amapiano_Remix)(256k).mp3,"upbeat,energetic, Amapiano, male, remix"
dataset/Rema - Charm.MP3,"energetic, upbeat, afrobeat, male, Nigerian"
dataset/Joeboy - Call.MP3,"upbeat, romantic, Afrobeats, male, Nigerian"
dataset/Mohbad & bella shmurda - Pariwo.MP3,"energetic, upbeat, afrobeats, male, collaboration"
dataset/Johnny-Drille - Palava.mp3,"melancholic, soulful, Afrobeat, male, "
dataset/Korede bello - Available.MP3,"happy, energetic, Afropop, male, Nigerian"
dataset/Umphabazo - Babes Wodumo.mp3,"upbeat,dance, gqom, female, "
dataset/Seyi Vibez - Alaska.mp3,"energetic, emotional, Afrobeat, male, Nigerian"
dataset/Bayanni - Low waist.MP3,"energetic, upbeat, Afrobeats, male, Afropop"
"dataset/Justin bieber ft ludacris, usher, snoop dog - Peaches (remix).MP3","upbeat, energetic, pop, R&B, hip hop, mixed, collaboration, remix"
dataset/Dj spinall ft asake - Palazzo.MP3,"energetic, upbeat, afrobeat, male, collaboration"
dataset/Pawon olamide dflamz edit .mp3,"energetic, upbeat, Afrobeat, male, "
dataset/Kwesi arthur - Winning.MP3,"uplifting, motivational, hip hop, male, Ghanaian"
dataset/G4 boyz ft. blaqbonez and bad boy timz - Hmm (remix).MP3,"energetic, hype, hip hop, male, remix, collaboration"
dataset/BAD BOY TIMZ  ft ZLATAN -  I Salute.mp3,"energetic, upbeat, afrobeats, male, collaboration"
dataset/Senth - Dagger.MP3,"energetic, intense, electronic, male, instrumental"
dataset/Dija - Save me.MP3,"hopeful, emotional, pop, female, acoustic"
dataset/Wande Coal - Vex.mp3,"energetic, confident, Afrobeats, male, dance, upbeat"
dataset/King ya strata  feat. Makhadzi - Ahuna.mp3,"energetic, lively, upbeat, afrobeat, male, collaboration, African vibes"
dataset/Lil uzi vert - That way.MP3,"upbeat, energetic, rap, hip hop, male, popular"
dataset/Simi-Duduke.mp3,"romantic, happy, soothing, Afropop, female, Nigerian"
dataset/GospelOnDeBeat - Money ft Okiemute Moonchild Sanelly.mp3,"energetic, upbeat, afrobeat, gospel, mixed, collaboration"
dataset/Lyta - Monalisa (Remix) ft Davido.mp3,"romantic, upbeat, Afrobeats, male, collaboration, remix"
dataset/Libianca-In-a-Way.mp3,"uplifting,happy, pop, female, inspirational,energetic"
dataset/AyaProw-Zizojika-Izinto-Ft-Eight08_ICU-Mgiftoz-SA-Lil-Machine-Ora-Dee.mp3,"upbeat, energetic, afro-house, mixed, collaboration"
dataset/Small-Doctor-ManDeMan_Dflamz Radio.mp3,"upbeat, energetic, Afrobeat, male, Nigerian music, danceable"
dataset/Fireboy dml - Energy.MP3,"Energetic, Afrobeat, Male, "
dataset/Lil durk ft j cole - All my life.MP3,"energetic, upbeat, hip-hop, rap, male, "
dataset/Olakira - For Life.mp3,"joyful, romantic, Afrobeats, male, love song"
dataset/Victony_-_Soweto_Remix_ft._Don_Toliver_x_Rema_x_Tempoe ....mp3,"upbeat, energetic, Afrobeats, male, collaboration, remix"
dataset/Oxlade - Tables turn.MP3,"upbeat, optimistic, Afrobeat, male, Nigerian, Oxlade"
dataset/Tebza De Dj Feat Dj Nomza The King - Ka Valungu.mp3,"upbeat, Amapiano, male, dance"
dataset/Blaqbonez Hot Boy Radio Edit Clean Version.mp3,"energetic, upbeat, hip hop, male, clean version"
dataset/Lil nas x ft nas - Rodeo (remix).MP3,"energetic, upbeat, hip hop, male, remix, collaboration, featured artist"
dataset/King-Promise - Ringing in My Head.mp3,"upbeat,happy, Afrobeats, male, love song"
dataset/Dotman & dj neptune - Drunk in love.MP3,"romantic, upbeat, Afrobeats, male, collaboration, party"
dataset/Shatta Wale - Wetin.mp3,"energetic,danceable, Afrobeats, male, Ghanaian"
dataset/Savage ft Victony - Rosemary dflamz radio .mp3,"energetic, upbeat, hip-hop, rap, male, collaboration, radio edit"
dataset/Walshy fire ft mr eazi and kranium - Call me.MP3,"upbeat, energetic, dancehall, male, collaboration"
dataset/Vybz Kartel - Dancehall clean .mp3,"energetic, upbeat, Dancehall, male, clean"
dataset/Bella alubo - Aiya.MP3,"peaceful, nostalgic, upbeat, Afrobeat, Female, Nigerian"
dataset/Ladipoe - Jaiye (Maze & Mxtreme Remix).mp3,"upbeat, energetic, Afrobeat, Remix, Male, Collaboration"
dataset/Slimcase Ft Magnito  Korra Obidi We Dey There.mp3,"energetic, upbeat, Afrobeat, male, collaboration"
dataset/FALLY IPUPA  - Best Life.mp3,"upbeat,happy, Afrobeat, male, pop"
dataset/Jane chuks - Fall in love.MP3,"romantic, love, Afrobeats, female, "
dataset/Swae lee ft drake - Won't be late.MP3,"upbeat, chill, R&B, Hip Hop, male, collaboration"
dataset/Larrylanes-Emotional-Robbery-ft-Reekado-Banks-(JustNaija.com).mp3,"emotional, sad, Afropop, Male, Collaboration"
dataset/Major League DJz Ft Tyla - Water_Remix_.mp3,"energetic, upbeat, dance, electronic, mixed, remix"
dataset/Kojo funds ft wizkid - I like.MP3,"upbeat, groovy, Afrobeats, male, collaboration, popular"
dataset/Marshmello - Proud.MP3,"uplifting,happy,energetic, EDM, male, Marshmello, Proud"
dataset/Wale Turner Ft Reekado All I Please ( Radio Edit).mp3,"upbeat,happy, Afrobeat, male, collaboration"
dataset/Olamide - Green light.MP3,"upbeat, energetic, afrobeats, male, Nigeria"
dataset/Amaarae-Sociopathic-Dance-Queen.mp3,"energetic,emotional, afrobeat, female, upbeat,empowering"
dataset/Gyakie - December .mp3,"upbeat, joyful, Afrobeat, female, popular"
dataset/Bruno mars ft anderson .paak and silk sonic - Love's train.MP3,"romantic, groovy, R&B, Funk, male, collaboration, smooth vocals"
dataset/Ms banks ft naira marley - Party.MP3,"upbeat, energetic, hip hop, female, collaboration, party"
dataset/RAYE - Ice Cream Man.mp3,"upbeat,dance, pop, female, catchy"
dataset/Ugoccie-wa-ft-Umu-Obiligbo.mp3,"energetic, lively, upbeat, Afrobeats, Highlife, female, collaboration, Nigerian music"
dataset/Camila Cabello  Bam Bam ft Ed Sheeran.mp3,"upbeat, happy, pop, female, collaboration"
dataset/May Owoyele- Falomo.mp3,"uplifting, energetic, Afrobeat, female, Nigerian"
dataset/Teni - Complain.MP3,"energetic,happy, afrobeat, female, upbeat"
dataset/Seyi shay ft yemi alade - Pempe.MP3,"upbeat, energetic, Afrobeats, female, collaboration"
dataset/B red ft 2baba - Kingdom come.MP3,"upbeat, romantic, Afrobeat, male, collaboration"
dataset/Burna Boy Sittin - On Top Of The World.mp3,"upbeat,happy, afrobeat, male, Nigeria,African"
"dataset/Mankay & Choco Dynasty, Pushkin RSA & Springle - Dali (feat. DJ Rhuu, Faith Strings & T&T Musiq).mp3","energetic, uplifting, afro-house, mixed, collaboration"
dataset/D-banj - Koko.mp3,"upbeat, energetic, Afrobeat, male, popular, dance"
dataset/Olamide -  No Worries.mp3,"upbeat,happy, afrobeat, male, Nigerian"
"dataset/Ice prince ft m.i,kwesta,sarkodie and khaligraph - Feel good (remix).MP3","upbeat,happy, hip hop, male, collaboration,remix"
dataset/Burna Boy - Devil In California.mp3,"energetic,upbeat, afrobeat, male, Nigerian"
dataset/Wurld - Show you Off ft Shizzi  Walshy Fire.mp3,"upbeat, happy, Afrobeats, male, collaboration"
dataset/DJ Neptune Ft Joeboy - Mumu.mp3,"party, energetic, afrobeats, male, collaboration"
dataset/Aremmic - Echoes of love.mp3,"romantic, soothing, pop, male, "
dataset/Felo Le Tee - 66 (Mixed)_(muzmo.pro).mp3,"laid-back, chill, upbeat, house, male, mixed, energetic"
dataset/Adekunle gold - Tio baby.MP3,"romantic, soothing, Afrobeat, male, Nigerian"
dataset/Migos - Stripper bowl.MP3,"energetic, upbeat, hip hop, male, "
dataset/Reminisce - Gbedu.mp3,"upbeat,happy, Afrobeat, male, Nigerian"
dataset/Victony - Pray.mp3,"hopeful, uplifting, hip hop, female, inspirational"
dataset/Ice-Prince Ft Ajebo Hustlers - Woman of Virtue.mp3,"upbeat, inspiring, Afrobeat, mixed, collaboration"
dataset/TIMI DAKOLO - Men Of The South.mp3,"uplifting, nostalgic, soul, R&B, male, motivational"
dataset/Olamide - Street jam.MP3,"energetic,celebratory, Afrobeats, male, Nigeria"
dataset/Armani White - BREATHE.mp3,"energetic, upbeat, hip-hop, male, "
dataset/Yemi-Alade - Tomorrow.mp3,"upbeat,happy, Afrobeat, female, empowering"
dataset/6uff - Luku luku.MP3,"upbeat, energetic, afrobeat, male, danceable"
dataset/CELO - ADRENALINE.mp3,"energetic, powerful, electronic, male, upbeat"
dataset/Nicki minaj - Barbie tingz.MP3,"energetic, confident, hip hop, female, "
dataset/Crayon-Adey.mp3,"upbeat, catchy, energetic, Afrobeats, male, Nigerian, collaboration"
dataset/Medicine Official Video by Jaywillz.mp3,"upbeat,happy, Afrobeat, male, official video"
dataset/Kizz-Daniel-Blood-Is-Thicker.mp3,"upbeat, energetic, Afrobeats, male, catchy"
"dataset/Ice  Prince ft Sarkodie, Magnito , REXXIE - Bank Alert (Remix).mp3","energetic, upbeat, hip hop, male, collaboration, remix"
dataset/Ayra Starr_Cast (Clean).mp3,"upbeat, energetic, afrobeat, female, clean version"
dataset/Chike - Man Not God.mp3,"uplifting, inspirational, Afrobeats, R&B, male, Nigerian, soulful"
dataset/Goldmax-Mali-Talk-ft-Sykes-Worst-Behaviour.mp3,"energetic, upbeat, afrobeat, male, collaboration"
"dataset/Dj khaled ft justin bieber,chance the rapper , q - No brainer.MP3","upbeat,happy, pop,hip hop, mixed, collaboration"
dataset/G2 AMANI - TASTY.mp3,"energetic, upbeat, pop, female, "
dataset/Joyner  lucas - I love.MP3,"happy, love, hip hop, male, explicit"
"dataset/Ggoldie & Odumodublvck - Asambe Remix (ft. Ceeka RSA, Chley, TMA_RSA & Rivalz).mp3","energetic, upbeat, afrobeat, amapiano, mixed, remix, collaboration"
dataset/Stakev-Umshini-(JustNaija.com).mp3,"energetic, lively, Amapiano, male, "
dataset/Cassper nyovest - K sazobalit.MP3,"upbeat, energetic, hip hop, male, African music"
dataset/Rihanna - Answer.MP3,"energetic, empowering, pop, R&B, female, "
dataset/Nkosazana-Daughter-In-Love-with-a-Foreigner-ft-Young-Jonn.mp3,"joyful, energetic, Afrobeat, Male, Collaboration, Summer vibes"
dataset/Nishike - Sauti Sol.mp3,"upbeat, energetic, Afro-pop, mixed, popular"
dataset/Bnxn - Say My Name.mp3,"energetic, confident, hip hop, male, catchy, urban"
dataset/Noon Dave - Hillary.mp3,"upbeat,happy, pop, male, "
dataset/Charlie Puth  Left and Right feat Jung Kook of BTS Radio Edit.mp3,"upbeat,happy, pop, male, collaboration"
dataset/David guetta ft anne marie - Dont leave me alone.MP3,"upbeat, energetic, pop, electronic, mixed, collaboration"
dataset/King perry - Citizen of the world.MP3,"upbeat, positive, Afrobeat, male, world music"
dataset/MAVIN -ALLE.mp3,"energetic, upbeat, afrobeats, male, dance, party"
dataset/Blood Tonic - Guchi.mp3,"energetic, powerful, empowering, pop, female, uplifting"
dataset/Sam-deep-Yellowish-Ft-Prosoul-Da-Deejay.mp3,"deep, yellowish, ft-Prosoul-Da-Deejay, male, Sam"
dataset/DanDizzy-Morale.mp3,"energetic,happy,upbeat, rap, male, Nigerian"
dataset/Bruce Melodie - When She Is Around (Funga Macho) ft Shaggy clean.mp3,"romantic, joyful, Afrobeat, Dancehall, Male, Collaboration"
dataset/Sefa - Vibration ft. Meiway.mp3,"energetic,happy, electronic, mixed, collaboration,upbeat"
dataset/Dremo - Iro Nla.mp3,"energetic,happy, afrobeats, male, Nigerian"
"dataset/Felo Le Tee, Mellow & Sleazy & Chley - Vuma.mp3","energetic, upbeat, Amapiano, mixed, collaboration"
dataset/Tekno-Can-t-Chase.mp3,"energetic, upbeat, Afrobeat, male, dance"
dataset/Terry Apala - Keep Them Talking.mp3,"upbeat, lively, Afrobeat, male, catchy"
dataset/Joeboy Ft-Ludacris - Chicken-Spice Curry.mp3,"upbeat,happy, Afrobeats, male, collaboration,uplifting"
dataset/Adekunle Gold - Sisi Ganja.mp3,"happy, upbeat, Afrobeat, male, Nigerian"
dataset/Innoss-B-Kiss-ft-Zuchu.mp3,"upbeat, joyful, Afrobeat, Mixed, collaboration"
dataset/Wizkid - Flower pads.MP3,"uplifting, energetic, afrobeat, male, summer vibes"
dataset/Wande Coal - Baby Hello.mp3,"happy, energetic, Afrobeat, male, Nigerian"
dataset/Mas-Musiq-Mas-thokoze-ft-Sino-Msolo-Jay-Sax.mp3,"joyful, upbeat, amapiano, mixed, "
dataset/Octavian ft future - Rari.MP3,"energetic, hype, rap, male, collaboration"
dataset/Toby Grey - Don't Stress Me.mp3,"upbeat,happy, Afrobeat, female, catchy"
dataset/Dotman ft peruzzi - Say no more.MP3,"energetic, upbeat, afrobeat, male, collaboration"
dataset/Dammy-Krane-Fujipiano.mp3,"energetic,upbeat, Afrobeat, male, "
dataset/Kabza-De-small-x-Dj-Maphorisa ft TNK-Musiq-Ricky-Lenyora-Vaal-Nation -Wetsalang.mp3,"upbeat,happy, Amapiano, mixed, collaboration"
dataset/Wande Coal - You Bad ft D'banj.mp3,"energetic, upbeat, afrobeat, male, collaboration"
dataset/Kizz Daniel Anchovy.mp3,"upbeat,happy, Afrobeat, male, catchy"
dataset/Charli xcx - Tough love.MP3,"upbeat, energetic, pop, female, Charli XCX"
dataset/Shanl - Tchizambengue.MP3,"upbeat, energetic, afropop, female, party, dance"
dataset/Bandros-Brenda-ft-Villosoul-ZANI-KG-Mr-Sam.mp3,"upbeat, energetic, afro-house, mixed, collaboration"
dataset/Ray blk ft. stefflon don - Over you.MP3,"heartbreak, empowerment, R&B, Hip-hop, female, collaboration"
dataset/Crayon-Calvary-Kid.mp3,"upbeat, energetic, pop, male, fun, catchy"
dataset/Teni-Lanke clean .mp3,"upbeat,happy, afropop, female, Nigerian"
dataset/Kabza-De-Small-Company-Amapiano-Remix-ft-Aka.mp3,"upbeat,dance, Amapiano, male, feat.AKA"
dataset/Nthabi-Sings-THANDAZA-ft-Ntate-Stunna-2point1-(JustNaija.com).mp3,"upbeat, afro-pop, female, collaboration"
dataset/Davido_-_Legends_Can_Never_Die_LCND.mp3,"upbeat,happy, afrobeat, male, Nigerian"
dataset/Roddy ricch - Prayers to the rap god.MP3,"upbeat, energetic, hip hop, male, Roddy Ricch"
dataset/Mr ReaL - wiz Khalifa (radio).mp3,"upbeat, energetic, hip hop, male, radio"
dataset/Kolaboy-Ugomma-ft-Jaydee-Bombshell.mp3,"happy, upbeat, Afrobeats, male, collaboration"
dataset/Basketmouth Featuring PERUZZI “PARTY”.mp3,"party, afrobeat, male, "
dataset/Davido - Holy Ground ft Nicki Minaj.mp3,"sensual, energetic, afrobeat, hip hop, male, female, collaboration"
dataset/HOTKID FT YO X - METRO.mp3,"energetic, exciting, pop, hip hop, male, collaboration"
"dataset/D'INCREDIBLE DJ - KILODE FT PRAIZ , SAVVY TG.mp3","upbeat, energetic, Afrobeats, male, collaboration"
dataset/Niniola - Omo rapala.MP3,"upbeat, energetic, danceable, Afrobeats, female, Niniola, Nigerian music"
dataset/The-Cavemen-Dance-Your-Dance.mp3,"upbeat, energetic, rock, male, dance"
dataset/Mayorkun Ft Vict0ny - Holy Father dflamz radio .mp3,"energetic, uplifting, Afrobeats, male, collaboration"
dataset/Travis scott - Mafia.MP3,"energetic,hype, hip-hop, male, "
dataset/Av - Thug love.MP3,"romantic, energetic, hip hop, male, love song"
dataset/Christine and the Queens ft. 070 Shake - True love.mp3,"energetic, emotional, powerful, pop, female, collaboration"
dataset/Dyo - Arena.MP3,"upbeat, energetic, pop, female, arena"
dataset/Adekunle Gold - 5 Star.mp3,"upbeat,happy, afrobeat, male, Nigerian"
dataset/Not3s - Princ3.MP3,"upbeat, energetic, hip hop, male, UK rap"
dataset/Dj Tunez - Pami ft Wizkid  Adekunle Gold & Omah Lay.mp3,"upbeat, energetic, afrobeats, male, collaboration"
dataset/Victoria kimani ft r.city - China love.MP3,"romantic, upbeat, afrobeat, female, collaboration"
dataset/Kayode Ft PsychoYP & Odumodublvck -  Blessings.mp3,"energetic, upbeat, afrobeats, male, collaboration, hip hop"
dataset/Iyanya - Flavour.mp3,"energetic, lively, Afrobeat, male, Nigeria, dance"
dataset/Cuppy - Gelato Ft Zlatan.mp3,"upbeat,happy, Afrobeats, female, collaboration"
dataset/Junior taurus ft kaylow - Settle down.MP3,"relaxing, romantic, house, male, collaboration"
dataset/Dandizzy - Who go.MP3,"energetic, upbeat, hip hop, male, Nigerian artist"
dataset/13 In Love with a Foreigner (feat. Young Jonn).mp3,"romantic, upbeat, afrobeat, male, collaboration, love"
dataset/JAE5-Watermami-Ft-Lojay.mp3,"upbeat, joyful, Afrobeats, male, collaboration, summer vibes"
dataset/Moonchild_Sanelly_-_Thunda_Thighs_70807718.mp3,"upbeat,dance, afrobeats, female, catchy"
dataset/Supreme swiss - 1224.MP3,"upbeat, energetic, hip hop, male, collaboration"
dataset/Ayra starr - Sare.MP3,"upbeat, lively, Afrobeat, female, Nigerian"
dataset/REMA FT SHALLIPOPI - BENIN BOYS.mp3,"energetic, upbeat, afrobeat, male, collaboration, Nigerian"
dataset/Nasty c ft crownyung - God flow.MP3,"energetic,powerful, hip hop, male, collaboration,rap"
dataset/Dice ailes - Ginika.MP3,"upbeat,happy, afrobeats, male, Nigerian"
dataset/Ajebutter22 Ft LadiPoe Soft Life.mp3,"chill, relaxed, Afrobeat, male, collaboration"
dataset/Simi ft Adekunle Gold & Deja - Happy Birthday.mp3,"celebratory, joyful, happy, Afrobeat, R&B, mixed, collaboration"
dataset/Wakadinali - Hizi Stance.mp3,"energetic,hype,determined, hip hop, male, Kenyan rap"
dataset/SlimCase Ft Lord Sky XL (Radio Edit) Clean Version.mp3,"upbeat,dance, Afrobeats, male, clean version"
dataset/Bia and nicki minaj - Whole lotta money (remix).MP3,"energetic, confident, hip hop, female, collaboration, remix"
dataset/Qdot ft bella shmurda - Juba.mp3,"energetic, uplifting, Afrobeats, male, "
dataset/Justin skye - What a lie.MP3,"soulful, emotional, R&B, female, "
dataset/Bad Boy Timz - Move.mp3,"energetic, upbeat, Afrobeats, male, Nigerian artist"
dataset/Mohbad - Weekend.MP3,"upbeat,happy, Afrobeats, male, Nigeria, fast tempo"
dataset/Mbosso Ft-Ruby-Pole.mp3,"energetic, upbeat, Bongo Flava, male, collaboration, Swahili"
dataset/Olamide ft phyno - Warlords.MP3,"energetic, powerful, Afrobeat, Hip hop, male, collaboration"
dataset/Lojay Ova.mp3,"upbeat, energetic, Afrobeats, male, collaboration"
dataset/Mabel - Don't call me up.MP3,"upbeat, Pop, Female, "
dataset/Amaeya-On-My-Own-(JustNaija.com).mp3,"upbeat,happy, afrobeat, female, solo"
dataset/EMO Grae - Suddenly.mp3,"emotional, melancholic, Afrobeat, male, love, breakup"
dataset/Dj voyst ft victony - B.o.a (based on analysis).MP3,"upbeat,dance, Afrobeats, mixed, collaboration"
dataset/G2 amani - Fade away.MP3,"melancholic, nostalgic, pop, female, "
dataset/The-Voshorist-Umoya.mp3,"upbeat,energetic,happy, pop, male, instrumental"
dataset/Dj khalid ft 21 savage and justin bieber - Let it go.MP3,"upbeat, energetic, pop, hip hop, male, collaborative, catchy"
dataset/Mr Eazi - Skin Tight (UK Remix) Ft  Haile  Stefflon Don.mp3,"sensual, upbeat, Afrobeat, R&B, male, collaboration, remix"
"dataset/Wurld ft erica banks, amaarae - Bossy ( remix).MP3","energetic, confident, Afrobeat, mixed, remix"
dataset/Ghetto Kids - Tunakupenda ft Eltee Skhillz .mp3,"upbeat,happy, afrobeat, mixed, collaboration"
dataset/Ruger-Addiction-ft-Stefflon-Don.mp3,"energetic,happy, afrobeat, male, collaboration"
"dataset/Odumodublvck ft cruel santino, bella shmurda - Dog eat dog.MP3","energetic, edgy, Afrobeats, multiple, collaboration, Nigerian music"
dataset/LOJAY X DJ MAPHORISA X KABZA DE SMALL X HERC - CANADA).mp3,"energetic,upbeat, afrobeats,amapiano, male, collaboration"
dataset/Iz Going (Radio Edit) Bad Boy Timz.mp3,"energetic, upbeat, Afrobeats, male, Radio Edit, Nigerian"
dataset/Bloody-Civilian-Come-From.mp3,"aggressive, intense, powerful, rock, male, energetic, rebellious"
dataset/VJ Adams - Mi O Raye Oshi ft T-Josh.mp3,"upbeat, lively, afrobeat, male, collaboration"
dataset/Timi Dakolo - Take Ft  Olamide.mp3,"upbeat, energetic, Afrobeat, male, collaboration"
dataset/Gryffin zohara - Remember.MP3,"upbeat, nostalgic, electronic, pop, mixed, collaboration"
dataset/Sgija sins (feat. Mellow & Sleazy & Visca).mp3,"energetic, hype, hip hop, mixed, feat. artists: Mellow, Sleazy, Visca"
dataset/Ti Blaze Panic.mp3,"upbeat, energetic, hype, hip hop, male, fast tempo"
dataset/Elohim - Tv.MP3,"energetic,happy, pop, female, upbeat"
"dataset/Dj tunez, ashanti & adekunle gold - Energy.MP3","energetic, upbeat, Afrobeats, mixed, collaboration"
dataset/Reminisce - Toxic ft Adekunle Gold.mp3,"nostalgic, emotional, Afrobeats, male, collaboration"
dataset/Bad Boy Timz Faya.mp3,"upbeat, afrobeats, male, Nigeria"
"dataset/Quality control ft megan thee stallion, quavo, cit - Pastor.MP3","energetic, upbeat, hip-hop, mixed, collaboration"
dataset/Ty dolla $ign ft j. cole - Purple emoji.MP3,"romantic, chill, R&B, Hip-hop, Male, collaboration"
dataset/Victor ad - Kpokpo didi.MP3,"upbeat,happy, afropop, male, Nigerian"
dataset/Show Dem Camp - Kele ft BOJ.mp3,"upbeat, groovy, Afrobeat, male, collaboration"
dataset/Udoamaka new_fin.mp3,"energetic,happy, Afrobeat, female, upbeat, dance"
dataset/Laycon - Fall for Me Ft YKB.mp3,"romantic, soothing, Afrobeats, male, collaboration, Nigerian music"
dataset/KIZZ DANIEL - TOO BUSY TO BE BAE.mp3,"upbeat, energetic, Afrobeats, male, danceable"
dataset/Vybz Kartel x Squash  Giant  Clean Version.mp3,"energetic, lively, dancehall, male, collaboration, clean version"
dataset/JaidoP - Busy.mp3,"energetic, upbeat, afrobeats, male, Nigerian artist"
dataset/Eo - Bend low.MP3,"energetic,happy, pop, female, catchy"
dataset/Wizkid - Expensive.mp3,"upbeat, afrobeats, male, popular"
dataset/VJ Adams - Alafia.mp3,"happy, upbeat, Afrobeats, male, Nigeria, Yoruba"
dataset/Fireboy DML - Shade .mp3,"melancholic, soulful, Afrobeat, R&B, male, Nigerian"
dataset/T-classic - Oliver twist.MP3,"upbeat,dance, afrobeat, male, Nigerian"
dataset/Njabz-Finest-Sgcebe-Ft-Masterpiece-YVK-Soweto-s-Finest-(JustNaija.com).mp3,"upbeat,happy, amapiano, male, collaboration"
"dataset/Harry Carter feat. Favi, Reezybag & Zayy The Dino - Ovbere.mp3","energetic, upbeat, hip hop, rap, mixed, collaboration"
dataset/Khaid-People-Evil.mp3,"energetic, dark, rap, male, explicit"
dataset/Jaywon - Aje(Remix) ft Barry Jhay & Lyta.mp3,"uplifting, inspirational, Afrobeats, male, collaboration, remix, Nigerian music"
dataset/Kaesyle - Egberi.mp3,"upbeat, lively, energetic, Afrobeat, male, danceable, party"
dataset/Alpha p - Number one.MP3,"energetic, upbeat, Afrobeats, male, Nigerian"
dataset/Timaya ft ali kiba - Number one.MP3,"energetic,upbeat, afrobeat, male, collaboration"
dataset/Lovn - Caution.mp3,"romantic, passionate, pop, female, upbeat"
dataset/Iyanya ft Mayorkun & Tekno - One Side Remix.mp3,"upbeat, energetic, Afrobeats, male, collaboration, remix"
dataset/Popcaa  ft Burna Boy - Aboboyaa.mp3,"energetic, upbeat, Afrobeats, mixed, collaboration, dance"
dataset/Dalone - Fire .mp3,"energetic, powerful, pop, male, "
"dataset/Royal MusiQ, Mr JazziQ, Mash SA & Djy Zan SA - Awu'Yebo.mp3","upbeat, energetic, groovy, amapiano, male, collaboration, South African music"
dataset/Siifa - Soro.mp3,"upbeat,happy,energetic, Afrobeat, female, "
dataset/Playboy_Casted_ft_Bella_Shmurda_-_Alot.mp3,"energetic,hype, afrobeat, male, collaboration"
dataset/Tiwa savage - Koroba.MP3,"upbeat,dance, afrobeat, female, Nigerian"
dataset/Mr eazi and king promise ft joey b - Call waiting.MP3,"upbeat, catchy, afrobeats, male, collaboration"
dataset/Yonda - Bad Girl Riri ft  Mayorkun.mp3,"upbeat, energetic, Afrobeats, male, collaboration"
dataset/Mahalia ft little simz - Proud of me.MP3,"empowering, proud, R&B, Hip Hop, female, "
dataset/Iyanya-Strong-ft-Myron.mp3,"strong, powerful, afrobeat, male, "
dataset/Basiil-Taboo.mp3,"upbeat, energetic, pop, male, "
dataset/YEMI ALADE ft AJEBO HUSTLERS - EFCC.mp3,"upbeat,happy, afrobeat, female, collaboration"
dataset/Camidoh  Sugarcane Remix  ft King Promise Mayorkun  Darkoo DFLAMZ RADIO .mp3,"upbeat, energetic, Afrobeats, male, collaboration, remix"
dataset/Koffee - Rapture.MP3,"upbeat,happy, reggae, female, "
dataset/Tiwa savage - One.MP3,"upbeat, energetic, Afrobeats, female, popular"
"dataset/Inkabi-Zezwe Ft-Sjava , Big Zulu - Ilanga.mp3","uplifting, energetic, hip hop, male, collaboration"
dataset/Stefflon_Don_ft_French_Montana_-_Hurtin_Me_Talkmuzik-1.mp3,"upbeat, sensual, pop, hip hop, female, "
dataset/Zlatan - Jaboti.MP3,"energetic, upbeat, afropop, male, Nigerian"
dataset/Zlatan - Gbeku ft Burna Boy.mp3,"energetic,dance, afrobeat, male, collaboration,upbeat"
dataset/Kida kudz - National anthem.MP3,"energetic, upbeat, Afrobeats, male, catchy"
dataset/Blaqbonez ft ludacris - Cinderella girl (where you dey).MP3,"romantic, upbeat, hip hop, pop, male, collaboration"
dataset/Russ - Paranoid.MP3,"paranoid, hip hop, male, "
dataset/Doja cat ft nicki minaj - Say so (remix).MP3,"fun, upbeat, pop, female, collaboration"
dataset/Oxlade feat. Camila Cabello – KU LO SA.mp3,"upbeat, lively, Afrobeat, Pop, mixed, collaboration"
dataset/Little mix ft sharaya j - Strip.MP3,"upbeat, empowering, pop, female, collaboration"
dataset/Nicki minaj - Megatron.MP3,"energetic, confident, playful, hip hop, rap, female, pop"
dataset/Tman-Express-Iscefe-Esimnandi-Ft-Dj-Maphorisa-Mellow-Sleazy-Madumane.mp3,"upbeat, energetic, amapiano, mixed, "
dataset/BAD BOYS Sabrina (feat. Guchi).mp3,"energetic, upbeat, pop, female, collaboration"
dataset/Toosii ft 21 savage - Pull up.MP3,"energetic, aggressive, hip-hop, male, collaboration"
dataset/Bryson Messia - Talibans.mp3,"intense, energetic, hip hop, male, explicit"
dataset/Ayra Star  Ft Milar - 1942.mp3,"energetic, funky, afrobeat, female, collaboration"
dataset/Dai verse ft buju - Sweet daddy.MP3,"upbeat, energetic, Afrobeats, male, collaboration"
dataset/Lil wayne - Good morning.MP3,"upbeat,happy, hip hop, male, Lil Wayne"
"dataset/Emjaykeyz , The Couzin , Redash - Sengimoja Feat. Sai Hle , Sipho Magudulela  ( Official Audio ).mp3","energetic,happy, afrobeat, mixed, collaboration,official audio"
"dataset/DJ BIG N FT AYRA STARR, OXLADE - HOW MANY TIMES.mp3","upbeat, energetic, Afrobeats, mixed, collaboration"
"dataset/MgucciFab - Ethekwini (feat. Donald, Starr Healer & Exceed).mp3","upbeat,happy, afro-pop, mixed, collaboration"
dataset/JAE5 Ft BNXN - Love-Made-Me-Do-It.mp3,"upbeat, energetic, Afrobeats, mixed, collaboration"
dataset/Rema - Bad commando.MP3,"energetic, powerful, afrobeats, male, "
dataset/Yemi Alade - Number 1.mp3,"energetic, upbeat, afrobeat, female, popular"
dataset/Bandros-Xigubu-Ft-Tonic-Blue-Mr-Sam.mp3,"energetic, upbeat, dance, afro-house, mixed, collaboration, South African music"
dataset/Otega Ft Jaido P - Work And Pray.mp3,"uplifting,hopeful, Afrobeat, male, collaboration"
dataset/Wizkid - Jaiye Jaiye Ft  Femi Kuti.mp3,"energetic, uplifting, Afrobeats, male, collaboration, Nigerian music"
dataset/Wurld - Candy.MP3,"lively, upbeat, Afrobeat, male, urban"
dataset/Paris - King Promise.mp3,"upbeat,happy, Afrobeats, male, love,romantic"
dataset/Teni-Isolate DFLAMZ RADIO .mp3,"upbeat, energetic, Afrobeats, female, Isolation, DFLAMZ RADIO"
dataset/Luna-Elle-Pick-Up-I-m-Alone.mp3,"calm, introspective, pop, female, solo, upbeat"
dataset/Dj tunez ft mohbad and rexxie - Mmm.MP3,"energetic, upbeat, afrobeats, male, collaboration, Nigerian music"
dataset/Wizkid ft skepta and naira marley - Wow.MP3,"energetic, upbeat, Afrobeat, male, collaboration"
dataset/Wizkid ft ella mai - Piece of me.MP3,"upbeat, romantic, Afrobeat, R&B, male, female, collaboration, hit"
dataset/Rexxie Ft Naira Marley  Skiibii Abracadabra Radio Edt Clean Version.mp3,"energetic, upbeat, afrobeats, male, collaboration"
dataset/11-Korede-Bello-Tell-Me-.mp3,"upbeat, Afropop, male, Nigerian"
dataset/Selebobo - Flex.mp3,"upbeat,happy, Afrobeats, male, dance,party"
"dataset/Belters Only, Sonny Fodera, Jazzy - Life Lessons clean.mp3","upbeat, lively, energetic, house, jazz, mixed, instrumental"
dataset/Malome-Vector-Fancy-Life.mp3,"lively, energetic, hip hop, male, south african"
dataset/Chase Music x Noah Aire - Now Not Later ft Berryvybes x King AMO x Kaylu x Paul Holler.mp3,"upbeat, energetic, hip hop, mixed, collaboration"
dataset/Vector - License.mp3,"energetic, upbeat, powerful, hip hop, male, driving, bass-heavy"
dataset/Ayra Starr ft Milar - 1942.mp3,"upbeat, energetic, lively, Afrobeats, female, collaboration"
dataset/J hus ft koffee - Repeat.MP3,"upbeat, energetic, Afrobeat, Reggae, male, female, collaboration"
dataset/Bella alubo - African Barbie.mp3,"upbeat, vibrant, Afrobeat, female, Barbie"
dataset/PRAIZ - DEY WITH YOU.mp3,"romantic, upbeat, afrobeats, male, love song"
dataset/LAX-Lockdown-A-COLORS-SHOW.mp3,"chill,relaxing,cool, hip hop, male, live performance"
dataset/Kholi - Dey Play.mp3,"upbeat,happy, Afrobeat, male, dance"
dataset/Rayvanny Ft Joozey & S2kizzy -Sisi.mp3,"upbeat, energetic, bongo flava, male, collaboration"
dataset/Skales ft 1da banton - Say you bad (remix).MP3,"energetic, confident, Afrobeat, Dancehall, male, remix"
dataset/David guetta and bebe rexha - I'm good.MP3,"upbeat, energetic, pop, mixed, collaboration"
dataset/Mr eazi - Pour me water.MP3,"relaxed, upbeat, Afrobeats, male, danceable"
dataset/Zlatan - Ale Yi.mp3,"energetic, upbeat, afrobeats, male, "
dataset/Amaarae  JUMPING SHIP ft Kojey Radical  Cruel Santino Clean.mp3,"energetic, lively, afrobeat, hip-hop, female, collaboration, clean version"
dataset/The cavemen - Udo.MP3,"energetic, upbeat, rock, male, nostalgic, catchy"
dataset/Dj frass ft stefflon don - Sweet bounce.MP3,"energetic, upbeat, dancehall, female, collaboration"
dataset/Dj tpz ft leon lee - Gae.MP3,"energetic, upbeat, afro house, male, collaboration"
dataset/Timaya ft falz - Win.MP3,"energetic, upbeat, afrobeat, male, collaboration"
dataset/Kalado - Boo Boo Whine (Clean).mp3,"upbeat,happy, dancehall, male, "
dataset/Gayle - Abc(nicer).MP3,"happy, energetic, pop, female, catchy"
dataset/Mohbad Beast Peace.mp3,"energetic, aggressive, hip hop, male, Nigerian artist"
dataset/UA.X - KOSELOMI.mp3,"upbeat, energetic, electronic, male, instrumental"
dataset/Simi (feat. Falz) - Borrow Me Your Baby.mp3,"upbeat, playful, Afrobeats, female, collaboration"
dataset/Iyanya - No Drama.mp3,"upbeat,happy, Afrobeats, male, dance"
dataset/Nonso bassey - For you.MP3,"romantic, emotional, R&B, male, soulful"
dataset/Shallipopi-Wet-on-Me-ft-Zerrydl.mp3,"upbeat,happy, pop, female, "
dataset/French montana ft benny the butcher - Wave blues.MP3,"chill,relaxed, hip hop, male, collaboration"
dataset/Ycee - Vacancy.MP3,"energetic, upbeat, Afrobeats, male, Nigerian, dance"
dataset/Rudeboy - Reality.MP3,"upbeat,happy, Afrobeats, male, love,life"
dataset/Fireboy DML Someone.mp3,"upbeat, romantic, Afrobeat, male, Nigerian"
dataset/Sigrid - Don't feel like crying.MP3,"upbeat,happy, pop, female, empowering"
dataset/Timi-Dakolo-Anything-For-You.mp3,"romantic, soulful, R&B, male, love song"
dataset/Abena (Radio Edit) ILLBliss Ft 1Dahams.mp3,"energetic, upbeat, afrobeat, male, collaboration"
dataset/Martin garrix ft jrm - These are the times.MP3,"upbeat,happy, pop, male, collaboration"
dataset/Jahvillani  Nudity Clean Version.mp3,"upbeat,energetic, dancehall, male, "
dataset/DarkoVibes Ft Oxlade - Feel Your Body.mp3,"upbeat, romantic, afrobeat, male, collaboration, summer vibes"
dataset/Gaba-Cannal-George-Lesley-ft-Russell-Zuma-Eduze.mp3,"upbeat, energetic, lively, amapiano, mixed, collaboration"
dataset/Mr 2kay - Turn Up ft Funkcleff.mp3,"energetic, lively, Afrobeat, male, "
dataset/Gdzilla-Idan.mp3,"energetic, intense, hip-hop, male, fast-paced"
dataset/Wande Coal - The Kick Ft  Don Jazzy.mp3,"energetic,upbeat, afrobeat, male, collaboration"
dataset/Dammy que and richthug - Funwonje.MP3,"upbeat, energetic, Afrobeats, male, collaboration"
dataset/Yemi Alade - K I S S I N G.mp3,"romantic, lively, Afrobeat, female, upbeat"
dataset/T Classic - Monalisa.mp3,"romantic, soothing, Afrobeats, male, heartbreak"
dataset/Post malone - Wow.MP3,"energetic,hype, hip hop, male, "
dataset/Chris brown ft nicki minaj and g eazy - Wobble up.MP3,"energetic, upbeat, pop, hip hop, male, female, collaboration"
dataset/Buju - Outside.MP3,"upbeat,happy, afrobeat, male, popular"
dataset/Shoday-Silver-Spoon.mp3,"upbeat,happy, pop, female, catchy"
dataset/Don Toliver - Deep in The Water.mp3,"chill, hypnotic, R&B, male, soulful, smooth"
dataset/Buju - Never stopped.MP3,"upbeat, energetic, Afrobeats, male, Buju"
dataset/bushbay - Cutty Dub.mp3,"relaxing, chill, reggae, male, dub"
dataset/Runtown - Under pressure.MP3,"upbeat, energetic, Afrobeat, male, N/A"
dataset/Kashcoming Ft-Buju - Saloo-Remix.mp3,"upbeat, Afrobeat, male, collaboration"
dataset/Don toliver - No idea.MP3,"chill, relaxed, R&B, male, alternative R&B"
dataset/Popcaan - We Caa Done feat. Drake.mp3,"energetic,happy, dancehall, male, collaboration,upbeat"
dataset/Sigala - Melody.MP3,"upbeat,happy,energetic, dance, male, pop"
dataset/Chiké  Enough.mp3,"melancholic, soulful, R&B, male, heartbreak, emotional"
dataset/Justine skye ft wizkid - You dont know (salva remix).MP3,"upbeat,energetic, R&B,Pop, mixed, remix"
dataset/Ckay - Beeni.MP3,"upbeat,happy, afrobeat, male, catchy"
dataset/PLENTY THINGS - SAM STIZ.mp3,"upbeat,happy, hip hop, male, energetic"
dataset/Masterkraft_-_Affection.mp3,"uplifting,happy, afrobeat, male, instrumental"
dataset/Ladipoe - Based on Kpa Ft Crayon.mp3,"upbeat,happy, Afrobeats, male, collaboration"
dataset/05-Ntokzin-Ngelosi-Ft-MalumNator-Sia-Mzizi-Moscow-on-Keyz-(JustNaija.com).mp3,"upbeat, energetic, amapiano, male, collaboration, featured artist"
dataset/King_Promise_-_How_Dare_You.mp3,"upbeat, energetic, Afrobeats, male, danceable"
dataset/Jamopyper-No-Evidence.mp3,"upbeat,dance, afrobeats, male, vibes"
dataset/Davido - 1 milli.MP3,"romantic, love, Afrobeats, male, "
dataset/Kizz daniel - Ada.MP3,"energetic,happy, afrobeat, male, Nigerian"
dataset/Jon Delinger & Master KG – Love Love Love.mp3,"happy, romantic, Afrobeat, Dance, male, "
dataset/DANNY BRACE -Ro (Sefina).mp3,"energetic, uplifting, pop, male, "
dataset/Willy Paul x Miss P - CALM DOWN.mp3,"upbeat, energetic, Afrobeat, mixed, collaboration, African music"
dataset/G2 amani - One shot.MP3,"energetic, upbeat, pop, female, catchy"
dataset/Kabza-De-Small-Stakev-Rekere-Rukuku.mp3,"upbeat, rhythmic, House, male, party"
dataset/Bella Shmurda Converse Radio Edit Clean Version.mp3,"upbeat, energetic, Afrobeats, male, clean version, radio edit"
dataset/Boi-Chase-WAVY.mp3,"energetic, chill, hip hop, rap, male, catchy"
dataset/Rotimi - Sip Slow.mp3,"chill, sexy, R&B, male, relaxing"
dataset/Zinoleesky - Naira marley.MP3,"upbeat, energetic, Afrobeats, male, Nigerian music"
"dataset/Dj steve ft oskido , nokwazi - Ingoma.MP3","upbeat, energetic, afro house, male, collaboration"
dataset/08-Candy-Bleakz-I-Don-t-Care-ft-Bella-Shmurda-Vector.mp3,"energetic, lively, Afrobeats, female, collaboration"
dataset/Bob Marley - Is this Love_ (Amapiano Remix) prod. by Natswa Made This.mp3,"upbeat, romantic, Amapiano, male, remix, produced by Natswa"
dataset/Megadrumz-Izinto-Zami-ft-Babii-Ngwatu.mp3,"energetic, upbeat, Afrobeat, House, male, featuring"
dataset/Kwiish-SA-Gospel-ft-Busi-N-Zwayetoven-(JustNaija.com).mp3,"uplifting, spiritual, gospel, mixed, collaboration"
dataset/NINIOLA - BANA (RADIO CUT).mp3,"energetic, dance, afrobeat, female, club, party"
dataset/Mr eazi - Personal baby.MP3,"upbeat, romantic, afrobeats, male, Nigeria"
dataset/Daliwonga-Howa-You-Ft-Myztro-Xduppy-Shaunmusiq-Ftears.mp3,"upbeat, energetic, amapiano, male, collaboration"
dataset/Falz - Talk.MP3,"upbeat,inspiring, afrobeat, male, Nigeria"
dataset/Ruger-Make-Way.mp3,"energetic,hype, afrobeats, male, Nigerian"
"dataset/BROWN JOEL, BOYPEE & HYCE - Ogechi.mp3","joyful, upbeat, Afropop, male, collaboration, Nigerian music"
"dataset/Oliver Cronin x Topic - 1,2,3.mp3","upbeat, catchy, pop, mixed, collaboration"
dataset/Basketmouth & buju - Your body.MP3,"upbeat, groovy, afrobeat, mixed, collaboration"
dataset/Josze - Only you.MP3,"romantic, pop, female, love song"
dataset/Ycee - Nu riddim.MP3,"upbeat,dance, afrobeat, male, Nigerian"
dataset/Sijalewa  harmonize.mp3,"upbeat, energetic, bongo flava, male, Tanzanian music"
dataset/Ajebo Hustlers - Solace Amapiano_Refix_.mp3,"upbeat, energetic, Amapiano, male, refix"
dataset/Masterkraft-ft-Diamond-Platnumz-Flavour-Abeykehh copy.mp3,"upbeat, energetic, Afrobeat, male, collaboration"
dataset/Chidinma - Yanga.MP3,"happy, love, Afrobeats, female, Nigerian"
dataset/Kayode - Live Forever.mp3,"uplifting,happy, pop, male, "
dataset/Bad Boy Timz - Santorini.mp3,"upbeat, party, Afrobeats, male, Nigerian"
dataset/Kel-p - One more night.MP3,"upbeat, energetic, Afrobeats, male, Nigerian, dance"
dataset/Falz - Oga Ft Bontle Smith  Sayfar.mp3,"upbeat, energetic, Afrobeats, male, collaboration"
dataset/Dj spicey ft l.a.x - Messi.MP3,"energetic, uplifting, afrobeat, male, collaboration"
dataset/Timi Kei - Chop Life.mp3,"upbeat,happy, Afrobeats, male, party"
dataset/Whozu ft Marioo - Vavayo.mp3,"upbeat, energetic, Bongo Flava, male, collaboration"
dataset/Kizz daniel - Pour me water.MP3,"relaxing, soothing, Afropop, male, Nigerian music"
dataset/Chop Life (Radio Edit) Dopestiks Ft Bella Shmurda.mp3,"energetic, upbeat, afrobeat, mixed, collaboration, radio edit"
dataset/Davido & focalistic - Champion sound.MP3,"energetic, uplifting, afrobeat, amapiano, male, collaboration"
dataset/01-Ugoccie-Isimgbaka.mp3,"upbeat, energetic, afrobeats, female, Nigerian"
dataset/Stormzy - Firebabe.MP3,"energetic, powerful, grime, male, UK rap, contemporary"
dataset/Stefflon don ft spice - Clockwork.MP3,"energetic,hype, dancehall, female, collaboration"
dataset/Lil nas x - Thats what i want.MP3,"upbeat, energetic, pop, rap, male, Lil Nas X"
dataset/Ckay - Container (D3AN-s Trap Bootleg).mp3,"energetic,upbeat, trap, male, remix"
dataset/Compass - Senth.mp3,"upbeat,happy, pop, male, "
dataset/Burna boy - Jagele.MP3,"energetic, upbeat, lively, afrobeat, male, Nigeria"
dataset/Nsg ft unknown t - Kate winslet.MP3,"energetic, upbeat, rap, male, collaboration"
dataset/Lil Kesh Bus Stop.mp3,"energetic, upbeat, Afrobeat, male, Nigerian, dance"
dataset/Dj cuppy ft fireboy dml - Feel good.MP3,"upbeat,happy, Afrobeats, female,male, collaboration"
dataset/Nf - When i grow up.MP3,"motivational, hopeful, determined, hip hop, male, rap"
dataset/Tekno-Pocket.mp3,"upbeat, energetic, afrobeats, male, danceable"
dataset/Pheelz_Ft_Davido_-_Electricity.mp3,"energetic, dynamic, afrobeats, male, collaboration"
dataset/Timi Dakolo - The Vow.mp3,"romantic, emotional, R&B, male, wedding song"
dataset/Kizz Daniel - Buga Ft Tekno.mp3,"energetic,upbeat, Afrobeats, male, collaboration, Nigerian artists, danceable"
dataset/Not3s ft. young t & bugsey - Boom bam.MP3,"upbeat,dance, afrobeat, male, collaboration,urban"
dataset/Naira Marley - First Time in America.mp3,"excited, energetic, Afrobeats, male, Nigeria, hip-hop"
dataset/Falz ft ms banks - Bop daddy.MP3,"upbeat, lively, Afrobeats, male, collaboration"
dataset/NASTY C -   Cant Imagine DFLAMZ RADIO .mp3,"energetic, upbeat, hip hop, male, collaboration"
"dataset/Tiwa-Savage Ft Olamide,Mystro - Commona.mp3","upbeat, energetic, Afrobeats, female, collaboration, Nigerian music"
dataset/02-Uncle-Waffles-Sghubuhandro-ft-Shakes-Les.mp3,"upbeat,happy, afro-house, male, collaboration"
dataset/Calvin harris ft dua lipa and young thug - Potion.MP3,"upbeat, energetic, electronic, pop, mixed, collaboration"
dataset/Lil Kesh Ft Young Jonn Feeling Funny.mp3,"fun, energetic, Afrobeats, male, collaboration"
dataset/VEEN - Race Ft Physco Yp.mp3,"energetic,hype, rap, male, collaboration"
dataset/Bnxn & Zinoleesky - Kilometer (Remix).mp3,"upbeat, energetic, Afrobeats, male, collaboration"
dataset/Wande coal - Again.MP3,"upbeat, energetic, Afrobeat, male, dance"
dataset/Wizard_Chan_-_Demons_Angels.mp3,"dark, mysterious, electronic, male, instrumental"
dataset/Kabza_De_Small_Ft_Nicole_Elocin_-_Dreaming.mp3,"dreamy, peaceful, amapiano, mixed, collaboration"
dataset/Reminisce - Oja.MP3,"upbeat,energetic, Afrobeat, male, Nigerian"
dataset/Flash X Dj Spinall - Fididi.mp3,"upbeat, energetic, dance, afrobeats, male, collaboration"
dataset/Kwiish-SA-Mzansi-Fo-Sho-(JustNaija.com).mp3,"upbeat, energetic, Amapiano, male, South African music"
dataset/Teni - Xxxl.MP3,"energetic, upbeat, Afrobeat, female, party"
dataset/Rema - Woman.MP3,"upbeat, energetic, empowering, afrobeat, male, Nigerian"
dataset/Tiwa Savage - Standing Ovation Ft  Olamide.mp3,"energetic,upbeat, Afrobeats, female, collaboration"
dataset/Sam smith - How do you sleep.MP3,"sad, reflective, pop, male, breakup"
dataset/Alkaline - Profile.mp3,"upbeat, energetic, dancehall, male, Jamaican"
dataset/Wizkid-One-Love-Bob-Marley-One-Love-Music-Inspired-By-The-Film.mp3,"uplifting, peaceful, reggae, male, Bob Marley"
dataset/Mimi Mars Ft Nandy - Pole.mp3,"upbeat, bongo, female, collaboration"
dataset/Ayra starr - Away.MP3,"upbeat, romantic, Afrobeats, female, Nigerian"
dataset/Naomi Achu  KO-C - NAOMI.mp3,"upbeat,energetic, Afrobeat, male,female, collaboration"
dataset/Rudeboy - Audio money.MP3,"upbeat, energetic, Afrobeats, male, Nigerian"
dataset/Dotman - Akube.mp3,"happy, upbeat, Afrobeat, male, dance"
dataset/Tiwa Savage - Wanted.mp3,"upbeat, energetic, Afrobeats, female, love, desire"
dataset/Miss lafamilia - Mob life.MP3,"energetic, confident, hip-hop, female, urban"
dataset/Laycon Bioba.mp3,"energetic,happy, afrobeats, male, Nigerian"
dataset/Soft - Killah ft Yemi Alade.mp3,"soft, Afrobeats, mixed, "
dataset/Runtown-Redemption dflamz clean .mp3,"uplifting, Afrobeats, male, Runtown, Redemption, dflamz, clean"
dataset/Kranium ft tiwa savage - Gal policy (remix).MP3,"upbeat, dance, Afrobeats, mixed, remix, collaboration"
dataset/Backroad gee and bg and tizztrap - Ayo.MP3,"upbeat, energetic, hip hop, male, collaboration"
dataset/Dababy - Tough skin.MP3,"energetic, confident, hip-hop, male, rap, popular"
dataset/Terri - Wake up.MP3,"upbeat,happy, pop, female, energetic"
dataset/Mostack ft stormzy - Shine girl.MP3,"upbeat, energetic, hip hop, male, collaboration"
dataset/Shalate-Can-You-See.mp3,"upbeat,happy, pop, female, catchy"
dataset/baskemouth - Pepper Soup_Dflamz Radio.mp3,"energetic,happy, Afropop, male, party"
dataset/Nafe smallz ft tory lanez - Good love.MP3,"romantic, R&B, male, collaboration, love song"
dataset/The weeknd ft lil wayne - I heard you're married.MP3,"melancholic, reflective, R&B, Hip-hop, male, collaboration"
dataset/10TEN-Dealer-ft-Blaqbonez-TAR1Q.mp3,"upbeat, energetic, hip-hop, male, collaboration"
dataset/Khalid - Skyline.MP3,"upbeat,happy, pop, male, urban"
dataset/Nonso Amadi - Pieces ft Tay Iwar.mp3,"chill, emotional, R&B, male, collaboration"
dataset/Teni -  No Days Off.mp3,"energetic, motivational, Afrobeats, female, upbeat"
dataset/Wizkid ft. buju - Mood.MP3,"upbeat,happy, Afrobeats, male, collaboration"
dataset/Kcee Marzz - Nice Guy.mp3,"upbeat, positive, pop, female, catchy"
dataset/Burna Boy - Gba.mp3,"energetic, upbeat, afrobeat, male, dance"
dataset/Zinoleesky - Personal.MP3,"upbeat, energetic, Afrobeats, male, Nigerian"
dataset/07 DJ Neptune - Hustle (feat. Focalistic) (NetNaija.com).mp3,"energetic, upbeat, afrobeat, male, collaboration, mainstream"
dataset/Shenseea - Curious(DB Edit Clean).mp3,"upbeat, energetic, dancehall, female, clean version"
dataset/Qdot-Kokanmi dflamz radio .mp3,"energetic, upbeat, Afrobeats, male, Nigerian music"
dataset/Ice spice - In ha mood.MP3,"upbeat,energetic, pop, female, "
dataset/Sza - Sza.MP3,"soulful, emotional, R&B, female, contemporary"
dataset/Dahitta ft lyta - Alone.MP3,"uplifting,sad, Afrobeat, male, "
dataset/Selena gomez - Rare.MP3,"upbeat,happy, pop, female, catchy"
"dataset/Kid cudi, skepta and pop smoke - Show out.MP3","energetic, hype, hip hop, male, collaboration"
dataset/Korede Bello - Morire.mp3,"joyful,happy, Afrobeat, male, Nigerian"
dataset/STYL PLUS - WHEN YOU SMILE.mp3,"happy, cheerful, Afropop, male, love song"
dataset/Ali Gatie  IDK.mp3,"sad, melancholic, R&B, male, singer-songwriter"
dataset/Burna boy ft jorja smith - Gum body.MP3,"sensual, romantic, Afrobeat, R&B, Male, Female, collaboration, smooth"
dataset/Seyi shay ft simi - Glowanna.MP3,"upbeat,happy, Afrobeat, female, collaboration"
dataset/Travis scott ft ft kendrick lamar - Goosebumps.MP3,"energetic,hype, hip hop, male, collaboration"
dataset/Seyi Shay - Your Matter ft Eugy  Efosa.mp3,"upbeat, romantic, Afrobeat, female, collaboration"
dataset/Melanin Touch Shallipopi.mp3,"upbeat, cheerful, pop, female, catchy"
dataset/Kanye west - Believe what i say.MP3,"upbeat, energetic, hip hop, male, Kanye West"
dataset/Terri - Bia.mp3,"upbeat, energetic, afrobeats, female, Nigeria, hit song"
dataset/Woman ( Radio Edit) Omah Lay.mp3,"upbeat, energetic, Afrobeats, male, "
dataset/Elemxy - Cruise.mp3,"upbeat, energetic, pop, dance, male, catchy"
dataset/Kizz Daniel - Laye.mp3,"upbeat, romantic, Afropop, male, Nigerian"
dataset/Pheelz - Pheelz like summer time.MP3,"summer, upbeat, Afrobeat, male, Pheelz"
dataset/Jevon ft kida kudz and diggy - Lingo.MP3,"energetic, dynamic, rap, hip hop, male, collaboration"
dataset/Burna boy - Darko.MP3,"upbeat, energetic, afrobeat, reggae, male, Nigeria"
dataset/Teni - Case ( Nami Remix).mp3,"upbeat, party, Afrobeat, female, remix"
dataset/Mas-Musiq-Ekhaya-ft-Aymos-Kelvin-Momo.mp3,"upbeat, energetic, amapiano, male, collaboration"
dataset/TI-BLAZE-Daddy-Yo-ft-Lojay.mp3,"upbeat, energetic, afrobeats, male, "
dataset/05-Seyi-Vibez-Shazam-.mp3,"energetic,happy, afrobeat, male, Nigeria,upbeat"
dataset/Lojay Avalabu.mp3,"upbeat,happy, Afrobeats, male, Nigerian"
dataset/DOPE NATION FT Sarkodie Check My Zingo.mp3,"energetic, upbeat, hip hop, mixed, "
dataset/Post malone ft the weeknd - One right now.MP3,"energetic, upbeat, pop, hip-hop, male, collaboration, mainstream"
dataset/Ajebo Hustlers ft Celine Dion.mp3,"energetic, uplifting, afrobeat, pop, mixed, collaboration"
dataset/Jesie reyez - Body count.MP3,"empowering, confident, R&B, female, explicit"
dataset/Pandamonae - Cool down.MP3,"chill, relaxed, pop, mixed, piano, chillout"
dataset/Zinoleesky ft ayra starr - Many roads.MP3,"upbeat, emotional, Afrobeat, male, female, collaboration, Nigerian artists"
dataset/KCEE FT OXLADE - I PRAY...mp3,"uplifting, hopeful, Afrobeat, male, collaboration, prayer"
dataset/Teni x DJ Neptune - Mine.mp3,"joyful, energetic, Afrobeat, female, collaboration"
dataset/BNXN - RIGHT ENERGY.mp3,"energetic,hype, rap, male, upbeat"
dataset/Kizz Daniel - Flex_Dflamz Radio.mp3,"upbeat, energetic, lively, Afrobeat, male, dance, catchy"
dataset/Vector - This vector sef.MP3,"upbeat, energetic, Afrobeat, male, Nigerian music"
dataset/Victony - Anita.mp3,"inspiring, uplifting, energetic, hip hop, female, Nigerian, rap"
dataset/Tulenkey ft falz and ice prince - Proud fvck boys.MP3,"upbeat, energetic, hip hop, male, collaboration"
dataset/Wande Coal - Again (Remix) ft Wale.mp3,"energetic, upbeat, Afrobeat, Hip hop, male, remix, featuring Wale"
dataset/Obongjayar & sarz - Gone girl.MP3,"upbeat, energetic, lively, Afrobeat, electronic, male, collaboration"
dataset/Nicki minaj ft lil baby - Bussin.MP3,"energetic,empowering, hip hop, female, featuring Lil Baby"
dataset/Johnny drille - Something better.MP3,"emotional, uplifting, folk, soul, male, Nigerian music"
dataset/Mr P - Ebeano.mp3,"upbeat,dance, afrobeats, male, club banger"
dataset/Thuto-The-Human-Daily-Paper-Ft-KMAT-DBN-Gogo-Papa-Ghana-(JustNaija.com).mp3,"upbeat, energetic, lively, afrobeat, amapiano, male, female, collaboration, Nigerian music"
dataset/Ice Prince - Superstar.mp3,"upbeat,happy,energetic, Afrobeat,Hip-hop, male, Nigerian,rap"
dataset/Hotkid Star Lomo.mp3,"energetic, upbeat, Afrobeats, male, Nigerian music"
dataset/Jaiye-Jaiye-Le-Beau.mp3,"joyful, energetic, Afrobeat, male, upbeat, danceable"
dataset/Dj_Sbu_Ft_Zahara_Lengoma(01).mp3,"upbeat, lively, Afro-pop, mixed, collaboration"
dataset/Rotimi - In My Bed Ft  Wale.mp3,"seductive, romantic, R&B, male, collaboration, popular"
dataset/Dj_Obza_feat_Nkosazana_DJ_FreeTz_-_Idlozi_Lami_72406284.mp3,"upbeat,happy, Amapiano, male, "
dataset/Laycon ft. terri - Jeje.MP3,"upbeat, relaxed, afrobeats, male, collaboration"
dataset/Blaze Away.mp3,"energetic, motivational, uplifting, pop, electronic, female, summer vibes"
dataset/Zlatan - Omo ologo.MP3,"energetic,happy, Afrobeat, male, Nigerian"
dataset/Balloranking-Healer-ft-Bella-Shmurda.mp3,"uplifting, positive, afrobeat, male, collaboration"
"dataset/Rv, chip and backroad gee - Moonwalk slide.MP3","energetic, hip hop, male, collaboration"
"dataset/Dj spinall, olamide, kemuel - Bunda.MP3","energetic, upbeat, Afrobeat, male, collaboration"
dataset/DJ Sumbody  Iyamemeza ft Drip Gogo The Lowkeys.mp3,"energetic, upbeat, lively, amapiano, mixed, collaboration"
dataset/05-Zerrydl-Big-body-Benz-(JustNaija.com).mp3,"energetic, upbeat, afrobeat, male, naija music"
dataset/Major lazer ft tove lo - Blow that smoke.MP3,"uplifting, energetic, pop, electronic, mixed, collaboration, catchy"
dataset/Philharmonic-Suka-FtProsoul.mp3,"upbeat, energetic, hip hop, mixed, "
dataset/Fly Girl (feat. Gyakie & Oseikrom Sikanii) (Remix).mp3,"upbeat, energetic, lively, Afrobeats, mixed, collaboration, remix, featuring Gyakie, featuring Oseikrom Sikanii"
dataset/Saweetie ft doja cat - Best friend.MP3,"empowering, energetic, hip hop, female, collaboration"
dataset/Joeboy ft Tempoe - Better.mp3,"upbeat, energetic, Afrobeats, male, collaboration"
dataset/Tinashe  2 On Clean Version.mp3,"upbeat, party, R&B, Pop, female, catchy"
dataset/Just-G-Lauren-ft-Saudi.mp3,"upbeat,happy, hip hop, mixed, "
dataset/Tekno - Pay.MP3,"upbeat, energetic, Afrobeat, male, popular"
dataset/Meek mill ft. young thug - We slide.MP3,"energetic, aggressive, hip hop, male, collaboration"
dataset/Ti Blaze Vigure.mp3,"energetic,happy, pop, male, upbeat"
dataset/T'Jan - Temi.mp3,"romantic, soothing, R&B, male, Nigerian music"
dataset/stephen marley - Hey Baby.mp3,"upbeat, lively, reggae, male, "
dataset/Sarkordie “Imali.mp3,"energetic, upbeat, hip hop, male, African"
dataset/Meghan trainor - Made you look.MP3,"upbeat, confident, pop, female, "
dataset/Post malone - Circles.MP3,"upbeat,melancholic, pop,hip hop, male, hit song"
dataset/Skiibii-Open-Bareta-Ft-Don-Jazzy.mp3,"upbeat,happy, Afrobeat, male, collaboration"
dataset/Shallipopi-Jonze.mp3,"upbeat,happy, pop, male, catchy"
dataset/This Year remix jaywon  Karl Wolf.mp3,"energetic, happy, remix, mixed, collaboration"
"dataset/Kabza-De-small-x-Dj-Maphorisa Ft-Russell , Zuma-Young-Stunna -Jabulile.mp3","energetic,happy, amapiano, mixed, "
dataset/Kizz-Daniel ft-Pryme - Show You Off.mp3,"upbeat, energetic, Afrobeats, male, collaboration, Nigerian music"
dataset/Dookie - Cry.mp3,"sad, emotional, pop, female, piano, ballad"
dataset/Wizkid - No stress.MP3,"chill, relaxed, Afrobeats, male, popular"
dataset/Major-League-DJz-Piano-City-ft-Focalistic-EP12S1-(JustNaija.com).mp3,"energetic, upbeat, amapiano, male, collaboration"
dataset/Blaqbonez-SHINE-FOREVER.mp3,"upbeat, energetic, rap, male, Nigerian"
dataset/Costa Titch - Superstar_(muzmo.pro).mp3,"upbeat, energetic, hip hop, male, South African"
dataset/WurLD - Contagious.mp3,"uplifting,happy, Afrobeats, male, catchy"
dataset/KAESTYLE - Gin & Juice.mp3,"energetic, upbeat, hip hop, male, party"
dataset/Mummy_Dolarz_-_Rap_Battle.mp3,"energetic, intense, hip hop, male, rap battle"
dataset/Blaqbonez ft tiwa savage - Bbc (remix).MP3,"energetic, sexy, hip hop, afrobeats, male, female, collaboration, remix"
dataset/Sheye Banks - You Know The Vybez.mp3,"energetic, uplifting, afrobeat, male, catchy"
dataset/Ti Blaze Good_Life.mp3,"uplifting,happy, afrobeats, male, party"
dataset/SoundSystem ft-Mr-Eazi-2woshort-Stompiiey  - -Big-Boy.mp3,"upbeat, energetic, lively, Afrobeat, male, collaboration, dance"
dataset/Mr eazi ft 2baba - Suffer head.MP3,"upbeat, energetic, afrobeat, male, collaboration"
dataset/Senth - on my mind. .mp3,"relaxed, chill, R&B, Hip-Hop, male, nostalgic"
dataset/Waje - Kolo.mp3,"upbeat,happy, Afrobeat, female, Nigerian"
dataset/Pa salieu ft. tay iwar & zlatan - Shining.MP3,"upbeat, energetic, afrobeats, mixed, collaboration"
dataset/Soft Life Tony (Radio Edit) MI Abaga Feat Lord Vino.mp3,"soft, hip hop, male, radio edit"
dataset/KING PROMISE FT GABZY - PERFECT COMBI.mp3,"uplifting, energetic, Afrobeat, male, collaboration"
dataset/Small doctor ft davido - Mandeman.MP3,"energetic,happy, Afrobeats, male, "
dataset/Burna Boy Ft Seyi Vibez Giza.mp3,"energetic,happy, Afrobeats, male, collaboration"
"dataset/01 Menzi Ngubane (feat. Lady Du, Robot Boii, Ntosh Gazi & Mustbedubz).mp3","upbeat, energetic, Amapiano, mixed, "
dataset/Davido - Away.MP3,"upbeat,happy,romantic, Afrobeat, male, Nigerian"
dataset/Major lazer ft khalid - Trigger.MP3,"upbeat, energetic, pop, electronic, mixed, collaboration, catchy"
dataset/Ninho-Bad-Ft-Omah-Lay.mp3,"upbeat, energetic, rap, afrobeats, male, collaboration"
dataset/Dj maphorisa and kabza de small ft khanyisa jaceni - Jikeleza.MP3,"upbeat,happy, amapiano, mixed, collaboration"
dataset/Orezi - My queen.MP3,"romantic, afrobeat, male, "
dataset/Dremo - Pick up.MP3,"upbeat, hip hop, male, "
dataset/Timaya - All The Way.mp3,"upbeat,happy, Afrobeats, male, "
dataset/Wande coal - E choke.MP3,"energetic, catchy, Afrobeat, male, popular, danceable"
dataset/Toofan - Money.MP3,"energetic, upbeat, afrobeat, male, dance, party"
dataset/Dababy ft kodak black - Levels.MP3,"energetic,hype, hip hop, male, collaboration"
dataset/Bella shmurda ft omah lay - Philo.MP3,"energetic, catchy, afrobeat, male, collaboration"
dataset/Dice ailes - Enough for you.MP3,"upbeat, romantic, Afrobeat, male, "
dataset/Jorja smith x nia archives - Little things remix.MP3,"soulful, relaxed, R&B, female, collaboration, remix"
dataset/Jesse clegg ft shekinah - Breathing (dj kent remix).MP3,"upbeat, energetic, pop, electronic, mixed, remix"
dataset/MORRAVEY FT DAVIDO - MAGICIAN.mp3,"energetic,happy, afrobeat, male, collaboration"
dataset/Ed sheeran - Sandman.MP3,"relaxing,happy, pop, male, acoustic"
dataset/DJ-Stokie-Skhathi-sakho-ft-Ndoose_SA-Russel-Zuma-Jay-Sax-Sipho-Magudulela.mp3,"energetic,upbeat, amapiano, male, "
dataset/Sarz & Wurld - Mad.mp3,"upbeat, energetic, Afrobeat, male, collaboration"
dataset/Fireboy dml ft 21 savage and blxst - Peru (remix).MP3,"energetic,hype, Afrobeats,R&B, Male, remix,featured"
dataset/08 Chronicles of Love (feat. Chronical Deep & Kabza De Small).mp3,"upbeat, romantic, deep house, amapiano, mixed, feat. Chronical Deep, Kabza De Small"
dataset/Sarkodie - Brag.mp3,"upbeat, confident, hip hop, male, Ghanaian, rap"
dataset/Olamide ft bad boy timz - Loading.MP3,"energetic, lively, Afrobeats, male, collaboration, Nigerian music"
dataset/Jennifer lopez - Limitless.MP3,"upbeat,empowering, pop, female, movie soundtrack"
dataset/Malcolm nuna ft kuami eugeneMoney man remix .mp3,"upbeat, energetic, Afrobeat, male, remix, collaboration, Ghanaian music"
dataset/Lojay - LEADER!.mp3,"energetic, powerful, Afrobeat, male, upbeat, motivational"
dataset/Lindough-Ok-salayo-ft-Freddie-Gwala-Kingshort-DJ-Active-(JustNaija.com).mp3,"upbeat,happy, gqom, female, collaboration"
dataset/Lamey - Street Nigga.mp3,"energetic, confident, rap, male, street"
dataset/DJ_Big_Sky_-_Khushukhushu_Ft_Sbhanga_Gaba_Cannal.mp3,"upbeat, energetic, house, mixed, collaboration"
dataset/Darkoo ft ayra starr - Disturbing u.MP3,"dark, disturbing, afrobeat, female, collaboration"
dataset/King (Clean) - Nasty C feat A$AP Ferg.mp3,"energetic, powerful, hip hop, male, collaboration"
dataset/Yung t and bugsey ft dababy - Don't rush (remix).MP3,"upbeat, energetic, rap, hip hop, male, remix, featuring dababy"
dataset/King perryy ft phyno - Paulina.MP3,"energetic, lively, Afrobeats, male, collaboration, Nigerian music"
dataset/Ice Prince - Juju.mp3,"upbeat, energetic, afrobeat, male, Nigerian"
dataset/RUNNING dflamz radio .mp3,"energetic, uplifting, pop, male, radio"
dataset/Bagetti-Language.mp3,"uplifting,happy, pop, female, funny"
dataset/DJ Spinall - Nowo Ft  Wizkid.mp3,"energetic, lively, Afrobeats, male, collaboration, upbeat"
dataset/Burna Boy - Solid feat. Blxst & Kehlani.mp3,"energetic, confident, Afrobeats, R&B, male, female, collaboration"
dataset/9ICE ft Tiwa Savage - Ko Kanye.mp3,"lively, upbeat, Afrobeat, male and female, collaboration"
dataset/Majeek - One way.mp3,"uplifting,happy, pop, male, catchy"
dataset/Michael Brun Ft Oxlade - Clueless.mp3,"upbeat, energetic, romantic, pop, afrobeat, male, collaboration"
dataset/Burna boy - If i'm lying.MP3,"upbeat, energetic, Afrobeat, male, Nigerian"
dataset/Ade ft  DJ Spinall - Like.mp3,"upbeat, Afrobeats, male, collaboration, dance"
dataset/Cdq ft davido - Entertainer.MP3,"upbeat, energetic, Afrobeat, male, collaboration"
dataset/King promise & wstrn - Bad n rude.MP3,"upbeat, afrobeats, male, collaboration"
dataset/Emo Grae - Life Of Sin.mp3,"melancholic, dark, Afrobeats, male, N/A"
dataset/Naira marley - Girls just wanna have funds.MP3,"energetic, upbeat, afrobeats, male, Naira Marley"
dataset/Dj-Maphorisa-Iscefe-Esimnandi-ft-Tman-Xpress-Mellow-Sleazy-Madumane-TheBuu-Lastborn-Diroba-(JustNaija.com).mp3,"upbeat, energetic, Amapiano, mixed, collaboration"
dataset/Rae Sremmurd  Denial Clean.mp3,"energetic, upbeat, hip hop, rap, male, clean"
dataset/Teni - For You Ft Davido.mp3,"upbeat, love, Afrobeat, female, collaboration"
dataset/Runtown - Tradition.MP3,"upbeat,happy, Afrobeats, male, Nigerian"
dataset/Illbliss ft zoro - Echefula.MP3,"upbeat,happy, hip-hop, male, collaboration"
dataset/Winnie-Love-Me-Ft-Peruzzi.mp3,"romantic, love, afrobeat, female, collaboration"
dataset/Tjan ft Reminisce - I Love U (Remix).mp3,"romantic, upbeat, Afrobeat, Hip-hop, Male, collaboration, remix"
dataset/Focalistic-Khekheleza-Dlala-Dlala-ft-Thama-Tee-Eeque.mp3,"energetic, dance, amapiano, male, collaboration"
dataset/Reekado banks ft tiwa savage - Speak to me.MP3,"romantic, soothing, Afrobeat, mixed, collaboration"
dataset/Wurld ft major league djz and yumbs - Free (sounds for healing).MP3,"healing,free, afrobeat, male, collaboration"
dataset/Lil frosh - Fifty.MP3,"energetic, upbeat, hip hop, male, popular"
dataset/Ed sheeran - Bad habits.MP3,"upbeat,dance, pop, male, "
dataset/Kid cudi ft nigo - Want it bad.MP3,"energetic,hype, hip hop, male, collaboration"
dataset/DJ Obi - Take Me Away ft. Ayanfe and Bien.mp3,"upbeat, energetic, Afrobeat, male, collaboration"
dataset/Wande Coal - Kiss Your Hand.mp3,"romantic, upbeat, Afrobeat, male, Nigerian"
dataset/Dremo ft davido - Mabel.MP3,"upbeat,happy, afrobeats, male, collaboration, Nigerian artists"
dataset/peace of mind radio 2.mp3,"relaxing, peaceful, ambient, instrumental, "
dataset/Reminisce - E.N.K.R.mp3,"nostalgic, reflective, hip-hop, male, instrumental"
dataset/Joeboy-Enemy.mp3,"upbeat,happy, Afrobeat, male, "
dataset/Jonzing World - One Shirt ft Ruger Rema & D'Prince.mp3,"energetic, lively, Afrobeats, male, collaboration, Nigerian artists"
dataset/AmaTycooler – Kubuhlungu.mp3,"melancholic, reflective, afro-pop, female, south african"
dataset/Burna Boy - Giddem.mp3,"energetic, upbeat, Afrobeat, male, Nigerian"
dataset/Dremo Ft Musgan Love Me Back.mp3,"romantic, happy, Afrobeat, male, collaboration"
dataset/Fascinator.mp3,"upbeat, energetic, electronic, instrumental, party, dance"
dataset/YCee - Juice Remix Ft   Joyner Lucas.mp3,"energetic, catchy, hip-hop, male, remix, collaboration"
dataset/Pheelz ft young jonn - Jelo.MP3,"energetic, lively, afrobeats, male, collaboration"
dataset/Waje - Naked.MP3,"sensual, emotional, R&B, female, introspective"
dataset/Bad Boy Timz  - Tossmitoss.mp3,"energetic,happy, Afrobeats, Male, Nigerian"
dataset/Ayra starr - Rhythm and blues.MP3,"rhythm, blues, R&B, female, "
dataset/Sosha feat Sino Msolo  Toss.mp3,"upbeat, afro-pop, mixed, collaboration"
dataset/Dr malinga ft rudeboyz - Solalek'seni.MP3,"energetic, upbeat, afro house, mixed, collaboration, dance music"
dataset/18-Tems-Hold-On-(JustNaija.com).mp3,"hopeful, chill, Afrobeats, female, Nigerian"
dataset/Machine gun kelly ft black bear - Ex best friend.MP3,"upbeat, energetic, rap, hip-hop, male, collaboration"
dataset/Tiwa savage - Labalaba.MP3,"upbeat, energetic, Afrobeats, female, Nigerian"
dataset/Jamopyper - Tease me.MP3,"upbeat, playful, Afrobeats, male, danceable"
dataset/Capella Grey  GYALIS Clean.mp3,"upbeat, dancehall, male, "
dataset/Kabza_De_Small_feat_Focalistic_Madumane_Bongza_-_Masupa_70059972.mp3,"energetic, upbeat, Amapiano, Male, collaboration, popular"
dataset/Orezi-Start-to-Dance.mp3,"upbeat, energetic, Afrobeat, male, party"
dataset/Masked wolf ft g-eazy and ddg - Astronaut in the ocean.MP3,"energetic,confident, rap, male, collaboration"
dataset/Leriq - No Wahalah ft Teni & Skales.mp3,"upbeat, afrobeats, mixed, collaboration"
dataset/Bob-Marley-Three-Little-Birds-ft-The-Wailers-Teni-Oxlade.mp3,"happy, uplifting, Reggae, Mixed, Collaboration, Popular"
dataset/Mike posner - Song about you (digital farm animals and  frankli.MP3,"reflective, emotional, pop, male, featured artist: Digital Farm Animals, Frankli"
dataset/Zlatan - Jo Ft Dammy Krane x Olamide.mp3,"energetic, upbeat, afrobeat, male, collaboration"
dataset/Madonna and swae lee - Crave.MP3,"sensual, emotional, pop, female, collaboration"
dataset/Hotkid - Nobody.MP3,"upbeat,energetic, afrobeats, male, Nigeria,2021"
dataset/Dj khalid ft lil wayne and jeremih - Thankful.MP3,"upbeat, grateful, hip hop, rap, male, collaboration"
dataset/Mr eazi - The don.MP3,"upbeat,energetic, afrobeat, male, dance"
dataset/Zlatan Ibile - Bolanle ft IVD.mp3,"upbeat, energetic, Afrobeats, male, Nigerian music"
dataset/The chainsmokers ft drew lowe - Somebody.MP3,"upbeat,happy, pop, mixed, collaboration"
dataset/Abdukiba feat Vanillah  Alikiba - MUDA.mp3,"upbeat,happy, bongo flava, male, collaboration"
dataset/Zlatan - Shomo ft Jamopyper  Oberz  Papisnoop.mp3,"energetic,dance, afrobeats, male, collaboration"
dataset/Oluwadolarz-Halle.mp3,"upbeat,happy, Afrobeat, male, comedy"
dataset/Iyanya-Allow.mp3,"energetic,happy, Afrobeats, male, upbeat"
dataset/Isah ft sute - Moments.MP3,"mellow,reflective, R&B, mixed, "
dataset/Just-G-Far-Away-ft-DJ-LawdLuv.mp3,"uplifting, energetic, hip hop, male, "
dataset/Kygo ft valerie broussard - Think about you.MP3,"uplifting, energetic, romantic, pop, dance, female, collaboration, electronic"
dataset/Toby-Shang-Who-Dem-Be.mp3,"energetic, upbeat, afrobeats, male, dance, party"
dataset/Lyta - Outside.MP3,"upbeat, energetic, hopeful, Afrobeats, male, Nigerian artist, 2021 release"
dataset/Senth-Bend-It.mp3,"energetic, upbeat, hip-hop, male, "
dataset/Chronixx - So brutal.MP3,"energetic,happy, reggae, male, upbeat"
dataset/Dj Charlie shee ft Brian & Junior boy.mp3,"energetic, upbeat, Afrobeats, mixed, collaboration"
dataset/Harmonize_Ft_Spice_-_Miss_Bantu_Audio_.mp3,"upbeat,happy, bongo, male, collaboration"
dataset/Mr Eazi - Pour Me Water.mp3,"upbeat, cheerful, Afrobeats, male, summer vibes"
"dataset/X1no ft bigshyrobot, tomi obanure - Family.MP3","happy, joyful, hip hop, mixed, collaboration"
dataset/DARKOO FT OMAH LAY - WHISKEY.mp3,"energetic,upbeat, Afrobeats, mixed, collaboration"
dataset/JZyNo Ft Camidoh Eyes On You [Radio Edit] Clean Version.mp3,"romantic, upbeat, pop, mixed, duet"
"dataset/Mashudu - Kwalula (feat. Soa Mattrix, Happy Jazzman & Faith Strings).mp3","uplifting, energetic, Amapiano, mixed, collaboration"
dataset/Reminisce - Alaye toh se gogo.MP3,"upbeat, nostalgic, Afrobeat, male, Nigerian"
dataset/French montana - What it look like.MP3,"energetic, upbeat, hip hop, male, French Montana"
"dataset/Ckay ft davido , focalistic and abidoza - Watawi.MP3","energetic, lively, afrobeat, multiple, collaboration, upbeat"
dataset/Iyanya - Call ft  Ayra Starr.mp3,"upbeat, energetic, afrobeat, pop, male, female, collaboration, Nigerian artists"
dataset/Ms banks - Novikov.MP3,"energetic,hype, rap, female, "
dataset/Khaid-Anabella.mp3,"upbeat, energetic, pop, male, catchy melody"
dataset/Rudeboy ft patoranking - Together.MP3,"upbeat, romantic, afrobeat, male, "
dataset/John legend ft jhene aiko and ty dolla sign - Splash.MP3,"romantic, smooth, R&B, mixed, collaboration"
dataset/Timaya - Gra Gra.mp3,"energetic,happy, Afrobeat, male, upbeat"
dataset/Bebe rexha ft snoop dogg - Satelite.MP3,"upbeat, energetic, pop, hip-hop, female, collaboration"
dataset/Zerrydl - Today.mp3,"upbeat,happy, pop, male, catchy"
"dataset/Loose Kaynon, A-Q, M.I Abaga, Blaqbonez - Fame ShT  ft Psycho YP.mp3","energetic, confident, rap, male, collaboration, Nigerian artists"
dataset/Waje - Stupid.MP3,"sad, emotional, R&B, female, Nigerian artist"
dataset/Young jonn ft olamide - Currency.MP3,"energetic, upbeat, Afrobeats, male, collaboration"
dataset/Cheque-Hustler-Ft-Fireboy-DML.mp3,"energetic, upbeat, Afrobeats, male, collaboration"
dataset/Juls ft tiggs da author and santi - Maayaa.MP3,"upbeat, energetic, Afrobeats, mixed, collaboration"
dataset/Iyanya - Hold On.mp3,"upbeat,hopeful, Afrobeat, male, catchy"
"dataset/Smallgod, amartey, terri - Never leave me solo.MP3","upbeat, romantic, afrobeats, mixed, collaboration"
dataset/Prettyboy d o ft tim lyre - Odeshi.MP3,"energetic, upbeat, Afrobeats, male, collaboration"
dataset/Vector - Shiga.mp3,"energetic, upbeat, Afrobeats, male, Nigerian music"
dataset/Ed sheeran - Shivers.MP3,"upbeat, energetic, pop, male, catchy"
dataset/Timaya - Cold Outside Ft Bnxn.mp3,"chill, relaxed, afrobeat, hip hop, male, collaboration"
dataset/Davido ft logos olori - Picasso.MP3,"upbeat, energetic, Afrobeat, male, collaboration"
dataset/Hellberg and leona lewis - Headlights.MP3,"uplifting, energetic, pop, mixed, "
dataset/PLANTATION BOIZ - SAY YOU BELIEVE ME.mp3,"upbeat,happy, hip hop, male, nostalgic,rap"
dataset/J hus - Triumph.MP3,"uplifting, energetic, rap, male, "
dataset/Luis fonsi - stefflon don - Calypso.MP3,"upbeat,happy,energetic, latin,pop, mixed, dance"
dataset/Mo'believe PERE mp3 .mp3,"upbeat, energetic, afrobeat, male, "
dataset/Joeboy - Celebration.MP3,"joyful,happy, Afrobeats, male, celebration"
dataset/King-Promise-Favourite-Story-Ft-Sarkodie-Olivetheboy.mp3,"upbeat, romantic, Afrobeat, male, collaboration"
dataset/D'incredible Dj - Djpiano Hype.mp3,"energetic, upbeat, afrobeat, male, club, dance"
dataset/Wale ft jeremih - On chill.MP3,"chill, relaxed, Hip Hop, male, collaboration"
dataset/Kabza_De_Small_feat_Nia_Pearl_-_Nia_Lo_70124120.mp3,"upbeat,dance, amapiano, male, collaboration"
dataset/Berri-Tiga-Small-Boy.mp3,"upbeat,happy, pop, female, catchy"
dataset/Taylor swift - You need to calm down.MP3,"upbeat, empowering, pop, female, anthem"
dataset/Olakira - Flirty Signal.mp3,"upbeat, flirty, Afrobeat, male, Nigerian"
dataset/Bola Moses - Catch Cruise.mp3,"upbeat,happy,lively, afrobeat, male, summer vibes"
dataset/J cole - Kod.MP3,"introspective, reflective, hip hop, male, lyrical"
"dataset/Loose Kaynon, A-Q, M.I Abaga, Blaqbonez - Groupie ft Oxlade.mp3","energetic, upbeat, hip hop, male, collaboration, Nigerian artists"
dataset/Halsey - Graveyard.MP3,"melancholic, haunting, pop, female, dark, introspective"
dataset/Davido ft asake - No competition.MP3,"energetic, competitive, Afrobeats, male, collaboration"
dataset/Mobi Dixon & DJ Vitoto - House of Blessings (feat. Verseless).mp3,"uplifting, energetic, house, mixed, collaboration, featuring Verseless"
dataset/Bella-Shmurda-Rush dflamz radio .mp3,"energetic, upbeat, afrobeats, male, "
dataset/Sobolo-Geng-Wicked-(JustNaija.com).mp3,"energetic, lively, Afrobeats, male, Nigerian, danceable"
dataset/Lady_Du_DBN_Gogo_Ft_Mr_JazziQ_Seekay_Busta_929_-_Dakiwe.mp3,"upbeat, energetic, amapiano, female, collaboration"
dataset/Yemi Alade - Oh My Gosh.mp3,"energetic, upbeat, Afrobeat, female, dance"
dataset/Crayon - If I be you.mp3,"upbeat,happy, Afrobeats, male, danceable"
dataset/SOUNDZ FT BBT - DIS KAIN LUV.mp3,"romantic, upbeat, afrobeat, male, collaboration"
dataset/Mr Eazi - Legalize.mp3,"upbeat, groovy, Afrobeats, male, danceable"
dataset/Victor-AD-Normal.mp3,"upbeat, energetic, Afrobeats, male, catchy"
dataset/Fireboy DML   Playboy  dflamz radio .mp3,"upbeat, Afrobeat, male, "
dataset/Jack harlow - Whats poppin.MP3,"energetic, upbeat, hip hop, male, popular"
dataset/Kashcoming ft buju - Saloo (remix).MP3,"upbeat,happy, afrobeat, male, remix, collaboration"
dataset/Zinoleesky - Kilofeshe.MP3,"energetic, upbeat, Afrobeats, male, Nigerian music"
dataset/Nasty c - Jungle.MP3,"energetic, powerful, hip hop, male, South African"
dataset/Mix naija ent ft t class and playtimi2 - Lyfl.MP3,"upbeat,happy, Afrobeats, mixed, collaboration"
"dataset/Harrysong ft kiss daniel , reekado banks - Selense.MP3","upbeat, catchy, Afrobeat, Male, collaboration"
dataset/VASA - TERIZA .mp3,"energetic, powerful, rock, male, instrumental"
dataset/Boj-Emergency-Ft-Ajebutter22-.mp3,"energetic, lively, Afrobeats, male, collaboration"
dataset/Shallipopi Ft Fireboy DML Ft  Zlatan Elon Musk Remix.mp3,"energetic, upbeat, Afrobeat, male, remix, collaboration"
dataset/Zenology - Jabole .mp3,"calm, peaceful, tranquil, ambient, instrumental, meditative"
dataset/Tom walker - Just you and i.MP3,"romantic, sentimental, pop, male, acoustic"
dataset/Organise (Radio Edit) Asake.mp3,"upbeat, Afrobeat, male, dance"
dataset/Bnxn - Traboski.MP3,"energetic, hype, rap, male, "
dataset/Dremo - Ojere.mp3,"upbeat, energetic, afrobeat, male, Nigerian artist"
dataset/Kizz daniel - Pack n go.MP3,"upbeat, afropop, male, Nigeria"
dataset/Fididi DJ Spinall Ft Flash.mp3,"upbeat,happy, Afrobeats, mixed, collaboration"
dataset/Ayra Starr - Control.mp3,"energetic, empowering, Afrobeat, R&B, female, upbeat"
dataset/Wizkid - Gyrate.MP3,"happy, energetic, Afrobeats, male, popular"
dataset/Basketmouth - Celowi Ft Peruzzi.mp3,"upbeat, energetic, Afrobeats, male, collaboration"
dataset/Diamond platinumz ft jaywillz - Melody.MP3,"upbeat,happy, Afrobeat, Male, collaboration"
dataset/Yg ft lil wayne and d3szn - Blood walk.MP3,"energetic, aggressive, hip hop, mixed, collaboration"
dataset/Yung6ix - Ina d benz.MP3,"energetic, upbeat, hip hop, male, Nigerian, rap"
dataset/Qing-Madi ft BNXN - Ole.mp3,"energetic, upbeat, Afrobeats, male, "
dataset/THE REMEDIES - YARINYA.mp3,"upbeat, energetic, lively, Afrobeat, male, groovy, danceable"
dataset/Oxlade - KATIGORI.mp3,"upbeat, energetic, Afrobeats, male, Nigerian"
dataset/Timaya - I cant't kill my self.MP3,"upbeat, energetic, Afrobeats, male, Nigerian music"
dataset/Thembi-Mona-Loving-You-Ft-PlayNevig-JonTy-And-Tee-Jay.mp3,"romantic, upbeat, pop, dance, mixed, collaboration"
"dataset/JP Cooper, Stormzy - Momma's Prayers.mp3","uplifting, sentimental, pop, R&B, male, collaboration"
dataset/Liar (feat. Fireboy DML) - Justin Timberlake.mp3,"energetic, upbeat, pop, R&B, male, collaboration, featured artist"
dataset/GINGO & Falz - Drip (Remix).mp3,"upbeat, energetic, Afrobeats, mixed, collaboration, remix"
dataset/Rema - Reason You.mp3,"upbeat, energetic, afrobeats, male, Nigerian"
dataset/Doja cat ft sza - Kiss me more.MP3,"sensual, playful, pop, female, collaboration"
dataset/Vector - 8.mp3,"energetic, upbeat, pop, electronic, male, catchy"
dataset/Blaqbonez ft ycee - Play.MP3,"energetic,hype, hip hop, male, collaboration"
dataset/Eugy ft wavy the creator - Hold me down.MP3,"upbeat, energetic, Afrobeats, male, collaboration"
dataset/Jahllano  Forever Red Cups Riddim Clean Version.mp3,"energetic, dancehall, male, party"
dataset/Polo g and lil wayne - Gang gang.MP3,"energetic, aggressive, hip hop, male, collaboration"
dataset/Harry style - Lights up.MP3,"upbeat, energetic, pop, male, Harry Styles"
dataset/Allie x - Girl of the year.MP3,"upbeat, pop, female, Allie x"
dataset/Falz - Marry me ft Yemi Alade  Poe.mp3,"romantic, happy, Afrobeat, male, female, collaboration"
dataset/ROSALÍA - SAOKO.mp3,"energetic, flamenco, reggaeton, female, Spanish"
dataset/Pharrell williams and travis scott - Down in atlanta.MP3,"upbeat, energetic, hip hop, male, collaboration"
dataset/Ckay - Jeje dey whine.MP3,"upbeat, lively, afrobeats, male, danceable"
dataset/LAIME FT LOJAY - 7 IN THE MORNING.mp3,"upbeat, energetic, afrobeat, mixed, collaboration"
dataset/Tekno x OG x Flimzy x Selebobo - Anyhow.mp3,"energetic, upbeat, Afrobeats, male, collaboration"
dataset/Oladips-Jay-Z-Ojota.mp3,"energetic, powerful, rap, male, Nigerian"
dataset/Olamide - Rich and famous.MP3,"upbeat, inspirational, Afrobeats, male, Nigerian"
dataset/Felo Le Tee  Nje Nje Feat Mr JazziQ Reece Mandlisa Zuma Mpura DJ Maphorisa  Kabza de small.mp3,"upbeat, energetic, amapiano, mixed, collaboration, popular"
dataset/KiDi - Spiritual ft Kuami Eugene  Patoranking.mp3,"upbeat, energetic, Afrobeats, male, collaboration"
dataset/Mr P - Zombie ft Simi.mp3,"energetic,emotional, Afrobeat, male,female, collaboration"
dataset/Ajebutter 22 ft ladipoe - Soft life.MP3,"relaxed, chill, Afrobeats, male, "
dataset/CLEAN Gucci Mane  Dissin the Dead-1.mp3,"clean, hip-hop, male, diss"
dataset/Seyi Shay - Surrender Ft  Kizz Daniel & DJ Neptune.mp3,"romantic, uplifting, afrobeat, female, collaboration"
dataset/Fireboy DML - Adore feat Euro.mp3,"romantic, sensual, Afrobeats, male, collaboration, popular"
dataset/Darassa - I Dont Care.mp3,"upbeat,happy, Afrobeat, male, Tanzanian"
dataset/DJ Neptune Ft Khaid - Gelato.mp3,"upbeat, energetic, Afrobeats, Male, Collaboration"
dataset/Mizzle ft. wande coal - Angelica.MP3,"upbeat, energetic, afrobeat, male, collaboration"
dataset/Usher Ft Pheelz - Ruin.mp3,"energetic, R&B, male, collaboration"
dataset/Harmonize - Side Na.mp3,"upbeat, joyful, Afro-pop, male, Tanzanian artist"
dataset/Young jonn - If you leave.MP3,"upbeat, Afrobeats, male, "
dataset/TI-BLAZE-On-D-Low-Ft-Mr-Eazi.mp3,"laid-back, chill, afrobeats, male, "
dataset/Ykb - Komplete riddim.MP3,"energetic, afrobeats, male, dancehall"
dataset/CDQ-VANITY-Ft-Evang-Ebenezer-Obey.mp3,"uplifting, spiritual, gospel, male, collaboration"
dataset/WurLD-No-Suffer-6am-in-Lagos-ft-ODUMODUBLVCK.mp3,"upbeat, energetic, Afrobeats, male, collaboration"
dataset/Crayon ft yaba buluku boys - The one (chop life).MP3,"energetic, lively, afrobeats, male, collaboration, party"
dataset/Basketmouth-Goal-keeper-Ft-Shatta-Wale-Bayanni.mp3,"exciting, energetic, Afrobeats, male, collaboration"
dataset/Joe el amadi - El rawa (dance).MP3,"energetic, dance, male, "
"dataset/BackRoad Gee, Rexxie & Terry Apala - Live My Life.mp3","energetic, upbeat, Afrobeats, male, collaboration"
dataset/Sigala and james arthur - Lasting.MP3,"upbeat,happy, dance, mixed, collaboration"
dataset/Darkoo ft one acen - Gangsta.MP3,"upbeat, energetic, afrobeat, female, collaboration, UK"
dataset/Fitzy West - All.mp3,"upbeat,happy, pop, male, catchy"
dataset/Oladips-Imagination.mp3,"upbeat, energetic, hip hop, male, Nigeria"
dataset/Tory lanez - It doesn't matter.MP3,"upbeat, energetic, R&B, male, pop"
dataset/Dookie - Make money Ft Magnito.mp3,"energetic, upbeat, hip hop, male, collaboration"
dataset/Drey beatz - Jeje.MP3,"happy, upbeat, Afropop, male, Nigerian"
dataset/Yemi Alade - Heart Robber.mp3,"sensual, romantic, Afrobeat, female, Nigerian"
dataset/Fally ipupa - Juste une dance.MP3,"upbeat, energetic, Afrobeat, male, popular"
dataset/Korede bello - Morire.MP3,"joyful, upbeat, Afrobeats, male, Nigerian"
dataset/Victony ft ktizo - Jolene.MP3,"uplifting, energetic, afrobeat, rap, female, collaboration"
dataset/1DABANTON CALL JEHOVA.mp3,"uplifting, spiritual, gospel, male, religious"
dataset/Abidoza – Till We Meet Again (Tribute to DJ Sumbody) ft. Mduduzi Ncube & Rams De Violinist.mp3,"upbeat, emotional, Amapiano, mixed, Tribute, Collaborative"
dataset/Beekay - So long.MP3,"upbeat,happy, pop, male, "
"dataset/Kodopearl , ifex g  &  ikpa udo - Sogbulema.MP3","energetic, hip hop, mixed, collaboration"
dataset/The weeknd ft ariana grande - Save your tears.MP3,"upbeat, energetic, pop, male and female, duet, collaboration"
dataset/Adekunle-Gold-Look-What-You-Made-Me-Do-ft-Simi.mp3,"upbeat, energetic, Afrobeats, male, collaboration, Nigerian artists"
dataset/CHIKE FT MOHBAD - EGWU.mp3,"upbeat,happy, Afrobeat, male, collaboration"
dataset/Ill Bliss ft Teni - Oh My.mp3,"upbeat, energetic, Afrobeats, male, female, collaboration"
dataset/07-Daliwonga-Unodoli-Ft-DJ-Maphorisa-Herc-(JustNaija.com).mp3,"upbeat, amapiano, male, collaboration"
dataset/Kabza-De-small-x-Dj-Maphorisa Ft  Mkeyz - Ngingedwa.mp3,"upbeat,dance, amapiano, male, collaboration"
"dataset/Rotimi  Ft Mayorkun, Nasty C - Sade.mp3","romantic, energetic, Afrobeat, male, collaboration, international"
dataset/Zlatan ft davido - Money.MP3,"energetic, upbeat, Afrobeats, Male, collaboration, popular"
dataset/Ajebutter 22 - Lagos love.MP3,"romantic, nostalgic, Afrobeat, male, Nigerian music"
dataset/Jamopyper ft chike - Whenever.MP3,"energetic, happy, afrobeats, male, collaboration, Nigerian music"
dataset/Bella shmurda ft olamide - Vision 2020.MP3,"energetic, upbeat, Afrobeat, male, collaboration"
dataset/Pheelz-JELO-ft-Young-Jonn clean.mp3,"energetic, upbeat, Afrobeats, male, collaboration, Nigerian music"
dataset/Dremo - Talk N Do.mp3,"upbeat,happy, hip hop, male, Nigerian"
dataset/Bongza-Inhlonipho-Ft-Mkeyz-DSAX.mp3,"uplifting,happy, amapiano, male, collaboration"
dataset/LOGBA LOGBA final mix.mp3,"uplifting,happy, afrobeat, male, vibrant,energetic"
dataset/Vikoliver - Ibinabo.mp3,"upbeat,happy, afropop, male, dance"
dataset/Soti ft ycee - Ink.MP3,"energetic, upbeat, Afrobeat, female, collaboration"
dataset/Naira Marley - Opotoyi (Marlians).mp3,"energetic, lively, Afrobeats, Male, Naira Marley, Marlians"
dataset/Arrdee ft aitch - War.MP3,"energetic, confident, rap, male, collaboration"
"dataset/Sure Banker -Dandizzy , Kolaboy  &  Zani.mp3","energetic, upbeat, Afrobeats, Hip-hop, male, collaboration"
dataset/Yonda - Las Vegas (Remix) ft Burna Boy.mp3,"energetic, lively, Afrobeats, male, collaboration"
dataset/Oladips-Skusku.mp3,"upbeat,happy, hip hop, male, energetic,rap"
dataset/Senth-Good-Morning.mp3,"calm, peaceful, instrumental, none, morning, ambient"
dataset/VJ Adams - Melo feat  Chidinma & Oritsefemi.mp3,"upbeat, romantic, Afrobeat, Mixed, collaboration, love song"
dataset/Terri ft mugeez - Chargie.MP3,"upbeat,happy, afrobeats, female, collaboration"
dataset/Lyta - Everybody.mp3,"upbeat,happy, afrobeat, male, Nigerian"
dataset/Rema - Mara.MP3,"energetic,upbeat, afrobeat, male, n/a"
dataset/Omawumi ft philkeyz - Lituation.MP3,"energetic, upbeat, afrobeats, female, collaboration"
dataset/USHER - Ruin ft. Pheelz.mp3,"sensual, passionate, R&B, Afrobeat, male, collaboration"
dataset/Wande coal - Ode lo like.MP3,"upbeat, energetic, Afrobeat, male, Wande Coal"
dataset/Beyoncé - Best Thing I Never Had (Lars B Remix)_(muzmo.pro).mp3,"empowering, confident, reflective, pop, dance, female, remix"
dataset/LadiPoe - Shut It Down.mp3,"cool, confident, upbeat, hip-hop, male, energetic"
dataset/Tobi-Adu-Claro-Remix-ft-Bad-Boy-Timz.mp3,"energetic, upbeat, Afrobeats, male, remix, featuring"
dataset/Royazdad-Bembeleza-ft-Harmonize-(JustNaija.com).mp3,"energetic,dance, Afrobeat, male, collaboration"
dataset/Seyi-Vibez-Suddenly-Ft-Young-Jonn.mp3,"upbeat,happy, Afrobeat, male, collaboration"
dataset/AV - Jiggy.mp3,"upbeat,happy, pop, male, dance"
dataset/Davidsyn feat Magnito & Josh2funny Just Dey Play Remix (Radio Edit) Clean Version.mp3,"upbeat, fun, afrobeats, male, remix, clean version"
dataset/Prince kaybee ft busiswa and tns - Banomoya.MP3,"energetic, upbeat, lively, afro house, mixed, collaboration"
dataset/Taylor Swift  Wildest Dreams.mp3,"romantic,dreamy, pop, female, nostalgic"
dataset/Umu-Obiligbo-Enjoyment.mp3,"happy, joyful, energetic, Afrobeat, Highlife, male, Nigerian music"
dataset/Larry gaga ft patoranking - In ma head.MP3,"upbeat, energetic, Afrobeat, male, collaboration, Nigerian music"
"dataset/Alan Walker, Daya - Heart over Mind clean.mp3","inspiring, upbeat, electronic, mixed, collaboration, clean version"
dataset/Wurld - Paranoid.mp3,"dark, moody, mysterious, R&B, male, Nigerian artist, soulful vocals"
dataset/Savage & King Perryy ft PsychoYP -  Your Waist.mp3,"energetic, upbeat, Afrobeats, male, collaboration"
dataset/Olamide - Gaza.MP3,"energetic,hype, afrobeats, male, Nigerian"
dataset/Barnaba-Nimejipata.mp3,"upbeat,happy, bongo flava, male, Tanzanian"
dataset/Mr Real - SDM (Spray D Money) (feat. Peruzzi).mp3,"energetic, upbeat, Afrobeats, male, collaboration"
dataset/gyptian - Wine Slow Dflamz clean.mp3,"romantic, smooth, groovy, reggae, dancehall, male, Jamaican"
dataset/Venom_Shishiliza_-_Sondela_ft_Blxckie_Riky_Rick_Tshego_Yumbs_Raspy_Okhype.com_.mp3,"energetic, upbeat, hip hop, rap, male, collaboration"
dataset/Ruger Ft Govan Likely.mp3,"energetic, upbeat, Afrobeats, male, collaboration"
"dataset/Westsyde ft olamide, terri, lyta, bhary jay - Kpakujemu.MP3","energetic, lively, Afrobeats, mixed, collaboration, dance"
dataset/Pheelz - YEYE.mp3,"upbeat,happy, Afrobeats, male, Nigerian"
dataset/Timaya - Get my money right.MP3,"energetic, upbeat, afrobeat, male, fun, dance"
dataset/Bella-Shmurda-1999.mp3,"upbeat, energetic, happy, afrobeat, male, Nigerian"
dataset/Lowsheen-Baba-Ft-DeejayKgosi-Pouler-Dmusiq-Zee_nhle-Nkatha-Phiwe.mp3,"energetic, uplifting, afro-house, mixed, collaboration"
dataset/Kizz Daniel - For You ft Wizkid.mp3,"romantic, upbeat, Afrobeat, male, collaboration"
dataset/Burna boy - Dangote.MP3,"energetic, upbeat, afrobeat, male, Nigerian, popular"
dataset/LAX-Energy-London-Mix-ft-Clemzy-Late-London-DJ-Obi-.mp3,"energetic, lively, mix, mixed, feat. Clemzy, DJ Obi"
dataset/Baby keem ft. don toliver - Cocoa.MP3,"energetic, playful, hip hop, rap, male, collaboration"
dataset/Simi ft adekunle gold - Bites the dust.MP3,"romantic, sentimental, Afrobeat, female, duet, Nigerian music"
dataset/Muyeez - HBD.mp3,"Energetic, Happy, Pop, Male, Birthday"
dataset/Aidonia - Bruki Clean.mp3,"upbeat,dancehall, dancehall, male, explicit"
dataset/Zlatan-Omo-Ologo.mp3,"energetic, upbeat, Afrobeats, male, Nigerian, dance"
dataset/Roddy ricch - Down below.MP3,"melancholic, introspective, Hip Hop, Male, popular, emotional"
dataset/Nifty boi - Leg work.MP3,"energetic, lively, Afrobeats, male, dance, Nigerian"
dataset/Korede Bello - Jingle Bell.mp3,"festive,happy,upbeat, Afrobeat, male, Christmas"
dataset/Sarz x Wurld - Trobul.mp3,"upbeat, soulful, Afrobeats, male, collaboration"
dataset/Tiga-Maine-Grateful-ft-Ms-Toi.mp3,"uplifting, grateful, hip hop, mixed, "
dataset/Alesso ft charlotte lawrence - The end.MP3,"upbeat, energetic, pop, dance, mixed, collaboration"
dataset/Zlatan - The Matter ft Papi Snoop.mp3,"energetic, hype, Afrobeats, male, collaboration"
dataset/MAJEEED - STOP NONSENSE prod. Mastakraft.mp3,"energetic, Afrobeats, male, upbeat, danceable"
dataset/Maroon 5 ft megan thee stallion - Beautiful mistake.MP3,"sensual, upbeat, pop, mixed, collaboration"
dataset/Davolee-Annointing-ft-Lyta.mp3,"energetic,happy, Afrobeat, male, collaboration"
dataset/Inkabi-Zezwe ft Sjava Big  Zulu - Emaphusheni.mp3,"uplifting, energetic, hip hop, male, collaboration, traditional"
dataset/TEMS - ME & U.mp3,"chill, sensual, r&b, female, Nigerian"
dataset/Coblaze-Lady-Fiona-feat-SPINAL.mp3,"romantic, afrobeat, male, collaboration"
dataset/Shatta Wale - Designer.mp3,"energetic, upbeat, Afrobeats, male, dancehall"
dataset/Choko (Amapiano Remix).mp3,"upbeat, dance, Amapiano, unspecified, remix"
dataset/White lion - Spray.MP3,"happy, energetic, rock, male, "
dataset/PRAIZ-Mission.mp3,"upbeat, motivational, Afrobeat, male, mission, inspirational"
dataset/Zero12finest ft thamagnificent2 - Baby are you coming.MP3,"uplifting, energetic, Amapiano, mixed, collaboration"
dataset/Sarkodie ft rudeboy - Lucky.MP3,"happy, energetic, Afrobeats, male, collaboration, Nigerian music, Ghanaian music"
dataset/Ice Prince - Hustle ft Seyi Vibez x Ceeza Milli.mp3,"upbeat, motivating, afrobeats, male, collaboration, Nigerian artists"
dataset/Magixx - Okay.mp3,"upbeat,happy, pop, male, catchy"
dataset/TERRY APALA GO DOWN.mp3,"upbeat, energetic, Afropop, male, dance"
dataset/Kcee - Ojapiano.MP3,"upbeat,happy, Afrobeat, male, Nigerian"
dataset/Lil dicky - Earth.MP3,"upbeat,happy,fun, pop, male, environmental"
"dataset/Gyptian ft collie buddz, ricky blaze - Deh yah.MP3","energetic,happy, reggae, male, collaboration,upbeat"
dataset/Show dem camp ft burna boy - Legend.MP3,"energetic, confident, Afrobeats, male, collaboration"
dataset/Burna_Boy_-_Last_Last.mp3,"happy, energetic, afrobeat, male, Nigeria, Burna Boy"
dataset/Nicki minaj ft ariana grande - Bed.MP3,"energetic, sensual, pop, rap, female, collaboration"
dataset/Pharrell Williams 21 Savage  Tyler The Creator  Cash In Cash Out Clean.mp3,"groovy, energetic, upbeat, hip hop, male, collaboration"
dataset/Rema Dunno Me Freestyle.mp3,"upbeat, afrobeats, male, freestyle"
dataset/Naira Marley -  Body.mp3,"energetic, upbeat, Afrobeats, male, Naira Marley, dance"
dataset/Hopiho-Ayouwe-ft-Tonnio.mp3,"energetic, upbeat, Afrobeat, female, collaboration"
dataset/Swedish house mafia ft. ty dolla $ign - Lifetime.MP3,"energetic, upbeat, EDM, pop, mixed, collaboration"
dataset/Dpzle - Velave ft Rayce.mp3,"upbeat,happy, Afrobeats, male, "
dataset/D'banj ft cassper nyovest - Something for something.MP3,"energetic, upbeat, Afrobeats, male, collaboration, international"
"dataset/Beyonce, jay z and childish gambino - Mood 4 eva.MP3","fun, energetic, confident, pop, rap, mixed, collaboration"
dataset/DJ Neptune - Ojoro Ft  Flash & D'Banj.mp3,"energetic, upbeat, afrobeats, mixed, "
dataset/M-Kaze - I Bin No Know.mp3,"nostalgic,happy, Afrobeats, male, Nigeria"
dataset/Patoranking-Inshallah.mp3,"upbeat, energetic, Afrobeat, male, Nigerian"
dataset/03-Ric-Hassani-For-Instance.mp3,"romantic, calming, R&B, male, love song"
"dataset/Kris kross amsterdam, ally brooke and messiah - Vamonos.MP3","energetic, upbeat, pop, dance, mixed, collaboration"
dataset/Oxlade - Incomplete.MP3,"melancholic, soulful, afrobeat, male, Nigerian"
"dataset/Wstrn ft tiwa savage , mr eazi - Love struck.MP3","romantic, upbeat, Afrobeats, mixed, collaboration, featured artists"
dataset/Gdzilla-Kele.mp3,"energetic, upbeat, afrobeat, male, high tempo"
dataset/Capital jayhood feat. Duncan MightyDuro.mp3,"upbeat, energetic, Afrobeat, male, collaboration, Nigerian music"
dataset/PaBrymo Ft Seyi Vibez JoJo.mp3,"uplifting,happy, afrobeat, male, collaboration, Nigerian music"
dataset/G2 amani - Memory.MP3,"nostalgic, pop, female, piano"
dataset/The cavemen - Brother's kepper.MP3,"uplifting,hopeful, rock, male, band"
dataset/Odunsi - Wetin dey.MP3,"chill, relaxed, vibey, Afrobeats, male, "
dataset/Jason thurell and kryga - Young and reckless.MP3,"energetic, youthful, dance, mixed, collaboration"
dataset/Odumodublvck - Mc oluomo.MP3,"energetic, lively, afrobeats, male, "
dataset/Ycee - Dakun.mp3,"upbeat, lively, Afrobeats, male, Nigerian"
dataset/Dremo - E Be Tinz ft Mayorkun.mp3,"upbeat,happy, Afrobeats, male, collaboration"
dataset/DJ-Tunez-APALA-DISCO-Remix-ft-Wizkid-Seyi-Vibez-Terry-Apala.mp3,"energetic,happy, Afrobeats, male, remix"
dataset/Show Dem Camp - If Its Love ft Twelve XII.mp3,"romantic, chill, hip hop, Afrobeat, male, "
"dataset/DJGabi Tee ft Perruzzi & L.I.M, ADETOYE - DISCONNECT mp3.mp3","upbeat, energetic, Afrobeats, mixed, collaboration, party"
dataset/Magixx X Jeriq - Vibration.mp3,"energetic, uplifting, Afrobeats, male, collaboration"
dataset/Halleluyah - Johnny Drille Ft Simi (Sigag Lauren Remix).mp3,"uplifting, joyful, Afrobeat, mixed, remix"
dataset/Megadrumz - Mjolo Pandemic ft. Mazet SA.mp3,"energetic,dance, afro-house, male, collaboration"
dataset/Timaya - Dey Your Dey.mp3,"energetic,happy, Afrobeat, male, danceable"
dataset/Ynug - Best rapper in ajah.MP3,"upbeat,hype, hip hop, male, "
dataset/Harmonize_Ft_Abigail_Chams_-_Leave_Me_Alone.mp3,"upbeat,energetic, afrobeat, male, collaboration featuring female artist"
dataset/Khaid ft Shallipopi - Marry me.mp3,"romantic, joyful, pop, mixed, collaboration"
dataset/Boy Spyce - Nobody.mp3,"upbeat,happy, Afropop, male, catchy"
dataset/Orezi ft tekno - Whine for daddy.MP3,"upbeat,happy,dance, Afrobeat, Male, collaboration"
dataset/Mayorkun-Certified-Loner-No-Competition-(JustNaija.com).mp3,"lonely, competitive, Afrobeat, male, Mayorkun, Certified, No Competition"
dataset/Beekay - Ololufe.MP3,"romantic, love, Afrobeat, male, Nigerian music"
dataset/Mr Real - Oloun Ft Phyno  Reminsce & Dj Kaywise.mp3,"energetic, lively, upbeat, Afrobeat, male, collaboration, Nigerian music"
dataset/06 Ngicabangele.mp3,"calm, reflective, afro-pop, male, South African"
dataset/Peruzzi and zlatan - Bayi bayi.MP3,"upbeat, energetic, afrobeat, male, collaboration"
dataset/Ibraah X Dj Tarico - Shem.mp3,"upbeat,happy, afrobeat, male, collaboration"
dataset/Usher - U remind  me.MP3,"romantic, nostalgic, R&B, male, Usher"
dataset/Olamide - Knockout.mp3,"energetic,happy, Afrobeats, male, upbeat"
dataset/Inkabi-Zezwe ft-Sjava Big Zulu -Siyabonga.mp3,"uplifting, celebratory, hip hop, traditional, male, collaboration"
dataset/Camila cabello - Never be the same.MP3,"emotional, passionate, pop, female, love, nostalgia"
dataset/Kweku Darlington  Baabi Awu .mp3,"upbeat,happy, Afrobeats, male, Ghanaian"
"dataset/JAM ONE KELE -  SARZ FT FOTUNE MILLYMAY, GIMBA.mp3","energetic, upbeat, afrobeats, male, collaboration"
dataset/Phyno - One Chance Ft   Kranium.mp3,"upbeat, energetic, Afrobeats, male, collaboration"
dataset/Ms ft 2baba - Black and proud.MP3,"proud, empowering, Afrobeats, female, collaboration, African music"
dataset/Sean-Tizzle-Two-Fighting.mp3,"energetic, upbeat, Afrobeat, male, danceable"
dataset/Berri-Tiga-Badagry.mp3,"upbeat, cheerful, Afrobeat, male, Nigerian music"
dataset/SHARP SHOOTER - Prettyboy D-O.mp3,"energetic, powerful, intense, hip-hop, male, Nigerian, Afrobeat"
dataset/Timaya - No pressure.MP3,"energetic, afrobeat, male, upbeat"
dataset/Korede Bello - Melanin Popping.mp3,"upbeat,happy, Afrobeat, male, pop,summer"
dataset/Bella Shmurda  Lagos City  Radio Edit Clean Version.mp3,"Energetic, Upbeat, Afrobeats, Male, City Life, Radio Edit, Clean Version"
dataset/Ralf Gum - You're Special ft. Ayanda Jiya.mp3,"uplifting, soulful, house, male, collaboration"
dataset/Runtown - Redemption.MP3,"upbeat, lively, Afrobeat, male, Nigerian"
dataset/PsychoYP  - Silent Mode.mp3,"energetic, upbeat, hip-hop, male, explicit"
dataset/Iyanya ft peruzzi - Ijeoma.MP3,"upbeat, happy, energetic, Afrobeats, male, collaboration"
dataset/Okwaraji-Remix-ft.-Bella-Shmurda dflamz radio .mp3,"energetic,upbeat, afrobeats, male, remix,featured artist:Bella Shmurda,radio"
dataset/Chris brown - Back to love.MP3,"romantic, upbeat, R&B, male, pop"
dataset/DJ Neptune - Démo (Love & Greatness Remix).mp3,"uplifting,energetic, Afrobeat, male, remix"
dataset/03-Tems-Burning-(JustNaija.com).mp3,"upbeat, fiery, passionate, Afrobeat, female, Nigerian"
dataset/Omah lay - Woman.MP3,"upbeat, lively, Afrobeats, male, Nigerian music"
dataset/Vybz Kartel - Under Water (Clean).mp3,"upbeat, energetic, dancehall, male, clean version"
dataset/LIYA FT SIMI - ADURA (REMIX).mp3,"uplifting, soulful, Afrobeat, female, collaboration, remix"
dataset/Future - Worst day.MP3,"sad, melancholic, hip hop, rap, male, "
dataset/DJ Maphorisa Kabza De Small feat. Sekiwe Mas Musiq - iNtombi.mp3,"energetic, upbeat, amapiano, mixed, collaboration, South African"
dataset/Sarkodie ft joey b - Legend.MP3,"energetic, hip hop, male, collaboration"
dataset/Juls & niniola - Love me.MP3,"romantic, upbeat, Afrobeat, female, collaboration, love song"
dataset/DONT WORRY.mp3,"uplifting,happy, pop, female, catchy"
dataset/Brainee - Overload.MP3,"energetic,happy,dance, afrobeats, male, upbeat,catchy"
dataset/Jack Harlow  Dave - Stop Giving Me Advice.mp3,"upbeat, energetic, hip hop, male, collaboration"
dataset/Nonso amadi - Mine.MP3,"romantic, soothing, emotional, R&B, male, Nigerian, love song"
dataset/Skiibii - Big Engine.mp3,"energetic, lively, afrobeats, male, upbeat, dance"
dataset/Zara larsson - Ruin my life.MP3,"upbeat, energetic, pop, female, catchy"
dataset/Babyboy AV - Kupe.mp3,"upbeat, energetic, afrobeats, male, club banger"
dataset/Bad Boy Timz  - Pop Alc_hol Alc_hol.mp3,"upbeat, lively, Afrobeats, male, catchy, danceable"
dataset/Lifesize Teddy - Unbeliever .mp3,"upbeat, energetic, pop, male, catchy"
dataset/Mapara-A-Jazz-Iyigora-ft-King-Monopoly-Nacely.mp3,"joyful, energetic, Amapiano, mixed, dance, collaboration, South African"
dataset/Wizkid - Lagos vibes.MP3,"chill, relaxed, Afrobeats, male, Nigerian"
dataset/Guiltybeatz ft joeboy - No love.MP3,"upbeat, romantic, afrobeat, male, collaboration"
"dataset/Alan walker, sabrina carpenter and farruko - On my way.MP3","energetic, upbeat, electronic, mixed, collaboration"
dataset/BIA-Chatty-ft-Pa-Salieu-ODUMODUBLVCK-(JustNaija.com).mp3,"energetic, upbeat, Afrobeats, female, collaboration"
dataset/Asa - Murder in usa.MP3,"dark, intense, pop, r&b, female, political, protest"
dataset/Dremo - Chairman.mp3,"energetic, hype, hip hop, male, urban"
"dataset/Rayvanny ft patoranking, zlatan and diamond - Tetema remix.MP3","energetic,dance, Afrobeat, mixed, remix"
dataset/Sarkodie Ft JoeBoy Hips Dont Lie.mp3,"upbeat, energetic, afrobeats, male, collaboration, dance"
dataset/Niniola - Memories.mp3,"upbeat, energetic, Afrobeat, female, dance"
dataset/Dookie - Spend Some Time.mp3,"energetic, upbeat, pop, male, catchy"
dataset/Ice Prince - Feel Good (Remix) Ft M I Khaligraph Sarkodie Kwesta.mp3,"upbeat, energetic, hip hop, rap, male, collaboration"
dataset/Niniola - Level .mp3,"upbeat, energetic, Afrobeat, female, "
dataset/White-Money-Oyoyo-Ft-Umu-Obiligbo.mp3,"upbeat,happy, Afrobeats, male, collaboration"
dataset/Leriq & Maddtonic - Back It Up.mp3,"energetic, lively, afrobeat, male, danceable, catchy"
dataset/Ding Dong - Bounce.mp3,"upbeat,happy, dancehall, male, catchy"
dataset/Kizz daniel - Shu peru.MP3,"upbeat,happy, afrobeat, male, Nigerian"
dataset/Chris brown ft wizkid - Call me every day.MP3,"upbeat, catchy, R&B, Afrobeat, male, collaboration, popular"
dataset/Buju Banton - Trust (Clean).mp3,"empowering, confident, reggae, male, clean version"
dataset/Mas-Musiq ft Daliwonga-DJ-Maphorisa-Kabza De Small - Gangnam-Style.mp3,"energetic, fun, amapiano, mixed, collaboration"
dataset/D'banj - Shy.MP3,"romantic, upbeat, Afrobeats, male, "
dataset/Migos ft. drake - Having our way.MP3,"energetic, confident, hip hop, mixed, collaboration, rap"
dataset/DJ Bobbi - Paka Dem ft Mytee Lyon.mp3,"energetic, upbeat, Afrobeats, mixed, collaboration"
dataset/Kaptain_Ft_Teni_-_Non_Stop.mp3,"upbeat,happy, Afrobeats, mixed, collaboration"
dataset/Dj exprezioni ft niniola - Keys.MP3,"upbeat, energetic, Afrobeat, female, collaboration"
dataset/Mas-Musiq-Uyandiphambanisa-ft-Boohle-Jay-Sax.mp3,"upbeat, energetic, Amapiano, mixed, collaboration"
dataset/Deekay - One time freestyle.MP3,"upbeat, energetic, hip hop, male, freestyle"
dataset/I am North.mp3,"calm, introspective, indie, male, acoustic"
dataset/Lady donli ft. ragz originale - Set tha fire _ lova gyal.MP3,"upbeat, energetic, Afrobeats, female, collaboration"
dataset/Victor velmo ft psycho yp - Alert.MP3,"energetic,hype, Afrobeats, male, collaboration"
dataset/King Perryy Ft Ria Sean Flamingo (Radio Edit) Clean Version.mp3,"upbeat, energetic, Afrobeats, male, collaboration, clean version, radio edit"
dataset/Yemi Alade - How I Feel.mp3,"upbeat,happy, afrobeat, female, n/a"
dataset/Tekno - Away.mp3,"upbeat, energetic, Afrobeat, male, dance"
dataset/Wande Coal - So Mi So (BurssBrain Remix).mp3,"upbeat, energetic, Afrobeats, male, remix, popular"
"dataset/King ya strata feat. Mass Musiq, Felo Le tee & Milo Deep - Half Past 3.mp3","Energetic, Upbeat, Amapiano, Mixed, Collaboration"
dataset/Mystro - Bad ft Maleek Berry.mp3,"upbeat, groovy, Afrobeat, Male, collaboration"
dataset/Kida Kudz - Ball Till We Fall Ft  Bella Shmurda.mp3,"energetic, upbeat, Afrobeats, male, "
dataset/T-Classic - Nobody Fine Pass You (Calix Remix).mp3,"upbeat, energetic, Afrobeats, male, remix"
dataset/Kehlani ft justin beiber - Up at night.MP3,"upbeat, romantic, pop, mixed, collaboration, night"
dataset/Yaba Buluku Boyz ft Liya - Away.mp3,"energetic, upbeat, Amapiano, mixed, collaboration"
dataset/THE REMEDIES - SHAKO MO.mp3,"upbeat,happy, Afrobeat, Male, African"
dataset/Tekno - Agege ft Zlatan.mp3,"energetic,hype, Afrobeat, male, Nigerian"
dataset/Candy Bleakz  ft Simi - Wale(Remix).mp3,"upbeat,happy, Afrobeats, female, collaboration"
dataset/Teni-David-Beckham-ft-Xduppy.mp3,"upbeat,happy, afropop, female, collaboration"
dataset/PHYNO FT BURNA BOY & ARDEE - Do I (Remix) .mp3,"energetic, lively, rhythmic, Afrobeat, hip hop, male, collaboration, remix"
dataset/Mr Eazi - Anointing ft Sarkodie.mp3,"upbeat, energetic, Afrobeats, male, collaboration, African music"
dataset/Thirstyworldwide ft. various artists - Body.MP3,"energetic, catchy, hip hop, R&B, male, collaboration, club banger"
dataset/Chiké  God Only Knows.mp3,"soulful, peaceful, R&B, male, heartfelt, emotional"
dataset/A Girl Called Grace (Radio Edit) Erigga ft Jay Teaser.mp3,"upbeat, energetic, rap, hip hop, male, collaboration, radio edit"
dataset/Johnny Drille - Ova Ft Don Jazzy.mp3,"uplifting, joyful, Afrobeat, male, collaboration"
dataset/Aylo - Paris.MP3,"upbeat,happy, pop, female, summer vibes"
dataset/Roddy ricch - Boom boom room.MP3,"energetic,upbeat, hip hop, male, Roddy Ricch"
dataset/Major League DJz - Careless Whisper_(muzmo.pro).mp3,"chill, relaxed, deep house, male, featured artist: Major League DJz"
dataset/Boybreed-Mon-Bebe.mp3,"romantic, soothing, afrobeats, male, Nigerian"
dataset/Dremo ft davido - Kpa.MP3,"upbeat,happy, Afrobeat, male, collaboration"
dataset/Sauce kid ft davido - Carolina.MP3,"energetic,happy, Afrobeats, male, "
dataset/Dolapo - Changes.MP3,"upbeat,happy, afrobeat, female, Nigerian"
dataset/Bad Habits Kooldrink Amapiano Remix.mp3,"energetic, lively, amapiano, male, remix"
dataset/05 Slide.mp3,"upbeat,happy, pop, female, "
dataset/Little mix - Sweet melody.MP3,"upbeat, energetic, dance, pop, female, girl group, catchy"
dataset/Chris brown ft young thug - Go crazy.MP3,"energetic, upbeat, pop, R&B, male, collaboration"
"dataset/Odunsi ft amaarae, deto black and gigi atlantis - Body count.MP3","sultry, upbeat, Afrobeats, Mixed, collaboration"
dataset/Vasa x Bella 50 50.mp3,"upbeat, energetic, pop, mixed, collaboration"
dataset/Burna Boy  Science.mp3,"energetic, upbeat, Afrobeat, male, African music"
"dataset/Beyonce, salatiel and pharel williams - Water.MP3","upbeat,happy, pop, mixed, collaboration,celebratory"
dataset/Dababy ft young thug - Blind.MP3,"energetic, rap, male, collaboration"
"dataset/J balvin, bad bunny, mr eazi - Como un bebe.MP3","upbeat, dance, reggaeton, Latin, male, collaboration"
dataset/PDSTRN - No Home Training.mp3,"energetic, powerful, hip-hop, male, upbeat, rap"
dataset/Dr sid ft m.i - The lifestyle.MP3,"energetic, fun, Afrobeats, male, collaboration"
dataset/BOJ & AJEBUTTER 22 - 42 .mp3,"upbeat, chill, afrobeats, male, collaboration, Nigerian artists"
dataset/Kelele (Radio Edit) Skiibii.mp3,"energetic, upbeat, Afrobeats, male, danceable, catchy"
dataset/Sarkodie ft oxlade - Overload 2.MP3,"energetic, upbeat, afrobeat, male, "
dataset/Illenium and x ambassadors - In your arms.MP3,"uplifting, emotional, EDM, pop, mixed, collaboration"
dataset/Kiing lu ft vector x idyl & bryan - Pull up.MP3,"upbeat, afrobeat, mixed, collaboration"
dataset/Semi_Tee_feat_Focalistic_-_Reverse_69980436.mp3,"upbeat, energetic, Amapiano, male, collaboration"
dataset/Tems - Try Me.mp3,"soulful, melancholic, Afrobeats, female, empowering"
dataset/DJ JAMES ft phaemous - BOUNDARIES.mp3,"energetic, powerful, EDM, Male, collaboration"
dataset/Odumodublvck & fireboy dml - Firegun.MP3,"energetic, upbeat, Afrobeat, male, collaboration"
dataset/Dladla mshunqisi ft professor - Amalukuluku.MP3,"energetic, upbeat, gqom, male, collaboration, dance"
dataset/10 Sibe Moja (feat. Major League Djz & Luudadeejay).mp3,"energetic,happy, amapiano, male, feat. Major League Djz & Luudadeejay"
dataset/Ice Prince - Yawa Ft  Peruzzi.mp3,"energetic, fun, Afrobeat, male, collaboration, Nigerian"
dataset/Chromeo ft dram - Must ve been.MP3,"upbeat, funky, electronic, pop, male, collaboration"
dataset/Cheekychizzy ft  d'banj - Lemonade.MP3,"upbeat, energetic, Afrobeats, male, collaboration"
dataset/Joeboy - Osadebe.mp3,"upbeat,happy, Afrobeats, male, Nigerian"
dataset/NO GAMES - AKUCHI (RADIO EDIT).mp3,"energetic, upbeat, pop, female, radio edit"
dataset/Kabex_Ft_Qdot_-_God_Abeg.mp3,"energetic, uplifting, rap, male, collaboration"
dataset/Dandizzy - Garni.MP3,"energetic,happy, Afrobeat, male, "
dataset/WizKid - Jam ft Chronixx.mp3,"Upbeat,Hype, Afrobeats, Male, Collaboration"
dataset/Dr. dre ft eminem - Gospel.MP3,"aggressive, powerful, hip hop, male, collaboration"
dataset/Larry gaaga ft 2baba - Iworiwo.MP3,"energetic, romantic, Afrobeat, male, collaboration"
dataset/Gthree Mayami - Alert.mp3,"energetic, lively, pop, male, upbeat"
dataset/Terminator (Remix) · King Promise · Sean Paul · Tiwa Savage.mp3,"energetic, upbeat, powerful, Afrobeats, Dancehall, mixed, remix, collaboration"
dataset/TIMAYA - DEM MAMA.mp3,"energetic, uplifting, lively, powerful, Afrobeat, male, Nigerian music, dancehall"
dataset/Zlatan - Shotan ft Tiwa Savage.mp3,"energetic, upbeat, afrobeats, male, collaboration"
dataset/DJ Tira & Jah Prayzah - Tocheka (feat. Nomfundo Moh & Mvzzle).mp3,"upbeat, energetic, Afro House, mixed, collaboration, featured artist"
dataset/Rouge ft emtee - Popular.MP3,"energetic, upbeat, hip hop, mixed, collaboration"
dataset/Ajebo-Hustlers-DREAMS-II-Ft-Zlatan-Blaqbonez-.mp3,"energetic, upbeat, Afrobeat, mixed, collaboration"
dataset/Ice Prince Jah Bless Me (Radio Edit) Clean Version.mp3,"uplifting, optimistic, Afrobeats, male, clean version, radio edit"
"dataset/Sogbulema  -  Kodopearl , Ifex G  &  Ikpa Udo.mp3","energetic, lively, Afrobeat, mixed, collaboration"
dataset/Alan walker ft tomine & au ra - Darkside.MP3,"energetic,melancholic, EDM, mixed, collaboration"
dataset/Seyi Shay - Mary Ft  Phyno.mp3,"upbeat, energetic, Afrobeat, female, collaboration, Nigerian artists"
dataset/Miley cyrus - Flowers.MP3,"happy, uplifting, pop, female, "
"dataset/Dr malinga ft jub bub, dj steve and piano boys - Uyajola 99.MP3","energetic, lively, afro-house, mixed, collaboration"
dataset/Brandy-Maina-Keki.mp3,"upbeat,happy, pop, female, catchy"
dataset/Mohbad - Peace.MP3,"peaceful, Afrobeats, male, Nigerian"
dataset/DJ Tunez - Causing Trouble Ft Oxlade.mp3,"upbeat,happy, afrobeat, male, club,party"
dataset/Jay cliff ft. efya - No time.MP3,"chill, relaxed, afrobeat, mixed, "
dataset/Chris brown ft davido - Lower body.MP3,"energetic, sensual, afrobeat, R&B, male, collaboration, popular"
dataset/Yung6ix - Ferragamo (Ankara).mp3,"energetic, upbeat, hip hop, male, Nigerian, rap"
dataset/Dj jimmy jatt ft peruzzi - Jogodo.MP3,"upbeat, energetic, Afrobeats, male, collaboration, Nigerian"
dataset/Ckay - By now.MP3,"joyful, upbeat, Afrobeats, male, Nigerian artist"
dataset/Ice-Prince-–-Make-Up-Your-Mind-ft.-Tekno DFLAMZ RADIO .mp3,"upbeat, energetic, Afrobeat, male, collaboration, Nigerian music"
"dataset/Seyi shay , flavour ft dj consequence - Alele.MP3","upbeat, lively, Afrobeat, female, collaboration"
dataset/Wande Coal - Ololufe.mp3,"romantic, love, Afrobeat, male, "
"dataset/Lsd ft sia, diplo , labrinth - Thunderclouds.MP3","upbeat,happy, pop, mixed, collaboration"
dataset/Korede Bello Ft  Asa - Somebody Great.mp3,"uplifting, joyful, inspirational, Afrobeat, Highlife, male, female, collaboration, Nigerian music"
dataset/Aka ft yanga chief - Jika.MP3,"upbeat, energetic, afrobeat, male, collaboration"
dataset/Selebobo - Yoyo.mp3,"happy, upbeat, Afrobeats, male, dance, catchy"
dataset/Casanova - BRUME.mp3,"upbeat, romantic, pop, female, French"
dataset/Risk - Victony.mp3,"energetic, empowering, rap, male, Nigerian, hip hop"
dataset/Burna boy - Kilometre.MP3,"energetic,happy, afrobeat, male, Nigeria"
dataset/Shalate-Attention.mp3,"energetic,happy, pop, female, catchy"
dataset/Young-Jonn-Jeje.mp3,"upbeat,happy, afrobeats, male, "
dataset/Masterkraft ft falz and cdq - Secure the bag.MP3,"energetic, upbeat, Afrobeats, mixed, collaboration"
dataset/ELIGIDDEM MARIANA FT PJSTAR.mp3,"upbeat, energetic, funky, pop, dance, female, collaboration, featuring"
dataset/Crime (Radio Edit) Favi Ft Psychop & Hotkid.mp3,"energetic, upbeat, hip hop, rap, male, collaboration"
dataset/BNXN_Buju_-_In_My_Mind.mp3,"upbeat,happy, dancehall, male, summer vibes"
dataset/Mystro ft tiwa savage - Gawu.MP3,"upbeat, energetic, Afrobeats, male, female, "
dataset/LuuDadeejay-Shita-Wena.mp3,"energetic, upbeat, amapiano, male, dance"
"dataset/Dj brooke bailey ft yung6ix, ckay & pappy kojo - Enter club.MP3","energetic,hype, Afrobeats, mixed, collaboration,club anthem"
dataset/McMander - E  Don Tey.mp3,"energetic, upbeat, electronic, male, instrumental"
dataset/Mr eazi - Love for you.MP3,"happy, romantic, Afrobeat, male, Mr Eazi, Love for You"
dataset/Felo-Le-Tee-Easy-ft-Mellow-Sleazy.mp3,"chill, upbeat, Amapiano, mixed, collaboration"
dataset/Busta rhymes ft rick ross - Master fard muhammad.MP3,"energetic, powerful, rap, male, collaboration"
dataset/Sphectacula-DJ-Naves-Bafuna-Some-More-ft-2woshort-Stompiiey-Beast-RSA.mp3,"upbeat, energetic, afrobeat, mixed, collaboration, South African artists"
dataset/Simi ft adekunle gold - Balance.MP3,"happy, upbeat, Afrobeats, mixed, collaboration"
dataset/Inior lindi - vybez.mp3,"upbeat,happy, pop, male, catchy"
dataset/Mr P - I Love You Ft Teni Tamar Braxton & Simi.mp3,"happy, romantic, Afrobeats, R&B, male, female, collaboration, love song"
dataset/Bella shmurda - Many things.MP3,"energetic,happy, afrobeat, male, Nigerian"
dataset/Eminem ft young m.a - Unaccommodating.MP3,"energetic, aggressive, rap, male, collaboration, explicit lyrics"
dataset/CKay-MYSTERIOUS-LOVE.mp3,"mysterious, love, afrobeat, male, "
dataset/Fireboy dml - Lifestyle.MP3,"chill, relaxed, Afrobeats, male, Nigerian"
dataset/Ellie Goulding - Beating Heart (CDQ).mp3,"heartfelt, uplifting, pop, female, featured in the movie Divergent"
dataset/Lojay & Sarz - Monalisa.mp3,"upbeat, romantic, Afrobeats, male, collaboration"
dataset/Teyana taylor ft iman shumpert - Wake up love.MP3,"romantic, laid-back, R&B, female, collaboration, love song"
dataset/Wizkid - Essence (Remix) Ft  Justin Bieber & Tems.mp3,"chill, romantic, Afrobeats, R&B, mixed, collaboration"
dataset/Mavin all stars - Won da mo.MP3,"upbeat, lively, Afrobeats, mixed, collaboration, danceable"
dataset/Pheelz ft davido - Electricity.MP3,"energetic, upbeat, Afrobeat, male, collaboration"
"dataset/Dmw ft davido, peruzzi, yonda , freshvdm - Aje.MP3","upbeat, energetic, Afrobeat, male, collaboration, Nigerian"
dataset/Olamide Makaveli.mp3,"energetic, confident, Afrobeat, male, Nigerian"
dataset/Diamond platnumz ft omarion - African beauty.MP3,"upbeat, romantic, Afrobeat, male, collaboration"
dataset/Patoranking - After party.MP3,"upbeat,dance, afrobeats, male, party"
dataset/QUIRIES-CHANTS.mp3,"energetic,uplifting, pop, female, chanting,anthem"
dataset/Oladapo-Kilode.mp3,"upbeat,happy, Afrobeats, male, Nigerian"
dataset/Yemi alade - Fear love.MP3,"fear, love, afrobeat, pop, female, Yemi Alade"
dataset/Yung6ix - Decisions.mp3,"upbeat, energetic, hip hop, male, Nigerian artist, rap"
dataset/KENDU - ADDICTED TO YOU.mp3,"upbeat,happy, pop, male, "
dataset/Alpha p - Quarantine.MP3,"energetic, hopeful, Afrobeats, male, pandemic, lockdown"
dataset/Jorja smith - Addicted.MP3,"soulful, melancholic, R&B, female, Addicted, Jorja Smith"
dataset/Johnny_Drille_-_Only_God_Knows_Beautiful_Mind_.mp3,"inspiring, uplifting, calm, soul, acoustic, male, faith, introspective"
dataset/Seyi Vibez - Dejavu.mp3,"melancholic, reflective, Afrobeat, male, Nigerian artist"
dataset/KingTouch-Our-House-Ft-ZuluMafia-AndileAndy-(JustNaija.com).mp3,"energetic, upbeat, house, mixed, collaboration"
dataset/Nkosazana Daughter - Uzongenzani ft. Kabza De Small & DJ Maphorisa.mp3,"upbeat, energetic, Amapiano, female, collaboration, South African music"
dataset/PsychoYP Ft JeriQ & Reeplay My Country People Haffa.mp3,"energetic, hype, hip hop, male, collaboration"
dataset/DJ_Tunez_Ft_Amexin_-_Already.mp3,"energetic, upbeat, afrobeats, male, party"
dataset/Yung6ix - You Don See Am ft Erigga Payper Corleone & Dr Barz.mp3,"energetic, confident, hip hop, male, collaboration"
dataset/Red-Button-I-phone-izolo-ft-Jay-Jody-Maggz-Sani-Music.mp3,"upbeat, energetic, hip hop, male, collaboration"
dataset/The fatrat ft laura brehm - We'll meet again.MP3,"uplifting, optimistic, EDM, mixed, collaboration"
dataset/02-Prince-Kaybee-Oh-Boy-Ft-Starr-Healer.mp3,"upbeat,happy, House, Male, collaboration"
dataset/Raybekah - Ex boyfriend.MP3,"sassy, upbeat, Afrobeat, female, breakup"
dataset/Boutross-Angela-Remix-ft-Konshens--1dabanton.mp3,"upbeat, energetic, Afrobeat, male, remix featuring Konshens and 1da Banton"
dataset/Flameice-Bipolar-Ft-ODUMODUBLVCK.mp3,"energetic, intense, hip hop, male, collaboration"
dataset/How To Love ( Radio Edit) Omah Lay.mp3,"romantic, emotional, Afrobeats, male, Radio Edit, Omah Lay"
dataset/Ric-Hassani-Angel-Of-My-Life.mp3,"romantic, soulful, Afro R&B, male, love song"
dataset/AKA ft Nasty C - Lemons Lemonade.mp3,"upbeat, energetic, Hip-hop, Rap, Male, collaboration, South African artists"
dataset/Patoranking - Abule.MP3,"upbeat, lively, energetic, afrobeat, male, Nigerian music"
dataset/Ari lennox - Pressure.MP3,"soulful, mellow, R&B, female, smooth, relaxing"
dataset/Mohbad - Ask about me.MP3,"energetic, confident, Afrobeats, male, Nigerian"
dataset/Adekunle Gold Not My Problem.mp3,"upbeat, empowering, Afrobeat, male, collaboration, love, relationship"
dataset/Kabza De Small ft Qwesta Kufet Mas Musiq Myztro - Mi Amor.mp3,"upbeat, energetic, Amapiano, male, collaboration"
dataset/Kel-P - What Have You Done.mp3,"upbeat,happy, afrobeats, male, danceable"
dataset/Dj snake ft burna boy - No option.MP3,"energetic, upbeat, dancehall, electronic, male, collaboration"
dataset/Kygo ft chelsea cutler - Not ok.MP3,"uplifting,happy, pop, female, collaboration"
dataset/Native_Sound_System_Ft_Bloody_Civilian_SH_LZ_-_Cold_Freestyle.mp3,"cold, freestyle, Native Sound System, mixed, featuring Bloody Civilian, SH, LZ"
dataset/Dwill Dreamz - Not Perfect  .mp3,"reflective, melancholic, Rap, Male, introspective, deep"
dataset/Major Lazer ft Tiwa Savage x Major League Djz - Koo Koo Fun.mp3,"energetic, fun, Afrobeat, Electronic, Mixed, collaboration"
dataset/Bella-Shmurda-Loner.mp3,"sad, lonely, Afrobeats, male, Nigerian"
dataset/Post malone - Waiting for a miracle.MP3,"hopeful, waiting, anticipation, pop, male, Post Malone"
dataset/Wurld - Gbemisoke.mp3,"uplifting, hopeful, afrobeat, male, Nigerian"
dataset/Ckay - Leave me alone.MP3,"melancholic, lonely, Afrobeats, male, "
dataset/Dj P2N -  Crazy Frog  Audio .mp3,"energetic, fun, dance, electronic, male, popular, remix"
"dataset/Internet money ft don toliver, gunna and nav - Lemonade.MP3","upbeat, energetic, hip hop, rap, mixed, collaboration, popular"
dataset/Basiil - Vibration.mp3,"energetic, positive, pop, male, upbeat"
dataset/Bas - Khartoum ft. Adekunle Gold clean.mp3,"chill, groovy, R&B, Afrobeat, male, collaboration, upbeat"
dataset/Bella alubo & niniola - Location.MP3,"vibes, groovy, afrobeats, female, collaboration, upbeat"
dataset/Kaestyle-God-Sent.mp3,"uplifting,hopeful, hip hop, male, inspirational"
dataset/SuperSmashBroz Ft-Ria-Sean -Distance.mp3,"upbeat, energetic, hip hop, rap, male, collaboration"
"dataset/Dj neptune ft mayorkun, mr eazi, duncan mighty - Tear rubber (allstar remix).MP3","energetic, lively, Afrobeats, mixed, collaboration, remix, popular"
dataset/Ckay - Nwayi.MP3,"laid-back, chill, afrobeat, male, upbeat, catchy"
dataset/Timaya - Dem Mama.mp3,"energetic, lively, Afrobeats, male, Nigerian music"
dataset/08-Prince-Kaybee-Yimi-Yena-ft-Robot-Boii-Peekay-Mzee.mp3,"upbeat, energetic, afro-house, male, collaboration"
dataset/Tha Boy Myles ft Bnxn - Level Up.mp3,"upbeat,happy, hip-hop, male, "
dataset/Tiwa Savage - Love Me Love Me.mp3,"romantic, happy, Afrobeat, female, Tiwa Savage"
dataset/Major_League_Djz_TylerICU_Thabzin_SA_feat_Kheada_-_Amanzi_69047007.mp3,"upbeat,dance, Amapiano, mixed, collaboration"
dataset/Mi casa - Eve.MP3,"upbeat, energetic, joyful, house, mixed, "
dataset/Cheque - Rockstar.mp3,"energetic, upbeat, hip hop, rap, male, cheque, rockstar"
dataset/Falz ft chillz - Paper.MP3,"energetic, upbeat, afrobeat, male, collaboration"
dataset/Dice Ailes - Keresimesi.mp3,"festive, joyful, Afrobeats, male, Christmas, upbeat"
dataset/Tlt ft thabsie - Mai zuzu.MP3,"upbeat,happy, afro-pop, male,female, collaboration"
dataset/Niniola - Addicted.MP3,"upbeat,dance, afrobeat, female, catchy"
dataset/Hypesoul & Mas Musiq - Revenge.mp3,"energetic, upbeat, amapiano, male, collaboration"
dataset/Logos feat Davido - Easy On Me.mp3,"energetic,happy, afrobeats, male, collaboration"
dataset/Azealia banks - Anna wintour.MP3,"energetic, hip hop, female, upbeat"
dataset/Burna boy ft j. cole - Thanks.MP3,"energetic, grateful, Afrobeat, Hip hop, male, collaboration"
dataset/St Kay - Daily 2K .mp3,"uplifting, energetic, pop, female, catchy"
dataset/Thirsty worldwide & straffitti ft. various artists - No too much.MP3,"energetic, upbeat, hip hop, rap, mixed, collaboration, catchy"
dataset/DJ Lag feat. Novelist - Bulldozer.mp3,"energetic, powerful, gqom, grime, male, collaboration"
dataset/Jessie j - Queen.MP3,"empowerment, confidence, pop, female, uplifting"
dataset/DJ Spinall - Sere (Remix) Ft  Fireboy DML & 6lack.mp3,"upbeat, energetic, Afrobeats, mixed, remix, collaboration, featuring Fireboy DML, featuring 6lack"
dataset/Tekno - Wayo.mp3,"upbeat,dance, Afrobeats, male, Nigerian"
dataset/Bebe Cool x Sauti Sol - Mbozi za Malwa.mp3,"uplifting, feel-good, Afrobeat, male, collaboration"
"dataset/Dimitri vegas and like mike, david guetta, daddy y - Instagram.MP3","energetic, upbeat, EDM, dance, male, collaboration"
dataset/Phyno ft kranium - One chance.MP3,"upbeat, energetic, Afrobeat, male, collaboration, Nigerian artist"
dataset/Seyi Vibez - +234.mp3,"upbeat,happy,energetic, Afrobeats, male, Nigeria"
"dataset/Del b, patoranking and dj neptune - Penetrate.MP3","upbeat, energetic, afrobeat, male, collaboration"
dataset/LasGiiDi - Bottles  ft Olamide.mp3,"energetic, uplifting, Afrobeat, male, collaboration, party"
dataset/Wurld - Chop and pray.MP3,"uplifting, soulful, Afrobeat, male, Nigerian"
dataset/Tyga ft chris brown - Super soaker.MP3,"energetic, fun, hip hop, male, collaboration"
dataset/Ayra Starr Ft Anitta Coco Jones - Woman Commando.mp3,"upbeat, empowering, energetic, pop, afrobeat, female, collaboration"
dataset/Korede bello - Waiting.MP3,"upbeat,happy, Afrobeat, male, "
dataset/Mr Bright African Sugar.mp3,"bright, lively, upbeat, African, pop, male, sugar"
dataset/Tay iwar - Bad4u.MP3,"chill,relaxing,soulful, R&B, male, Nigerian"
dataset/Mayorkun-Lowkey - Copy.mp3,"chill, relaxed, Afrobeat, male, upbeat"
dataset/Davido ft tiwa savage - Tanana.MP3,"upbeat, energetic, Afrobeats, male and female, collaboration"
dataset/Blaqbonez and Ludacris Cinderella Girl Where You Dey.mp3,"energetic, upbeat, hip hop, male, collaboration"
dataset/Basketmouth Ft Peruzzi - Party.mp3,"party, Afrobeats, male, collaboration"
dataset/Oritse Femi x Burna Boy x Konshens - Play Am.mp3,"energetic, Afrobeats, male, collaboration"
dataset/John legend - Actions.MP3,"soulful, romantic, R&B, male, piano"
dataset/Guiltybeatz ft nonso amadi - Uthando.MP3,"romantic, chill, Afrobeats, male, collaboration, love song"
dataset/Ruger-Blown-Boy-Freestyle.mp3,"energetic, hip hop, male, freestyle"
dataset/Timaya - Chulo bother nobody.MP3,"upbeat, energetic, Afrobeats, male, Nigerian"
dataset/Dice Ailes - Fantasy (Remix) Ft  Iyanya.mp3,"upbeat, energetic, Afrobeats, male, collaboration, remix"
dataset/Muktarh - Young Bad Boy.mp3,"energetic, confident, hip hop, male, upbeat, rebellious"
dataset/Teni and dj neptune - Mine.MP3,"upbeat,happy, afrobeat, female, collaboration"
dataset/Wande Coal - Again.mp3,"energetic, upbeat, Afrobeat, male, dance"
dataset/Burna boy - Collateral damage.MP3,"energetic,powerful, Afrobeat, male, Nigerian"
dataset/Dj-Zinhle-Thula-ft-Cici.mp3,"upbeat, energetic, house, female, collaboration"
dataset/Shekinah - Tides.MP3,"uplifting, peaceful, soothing, worship, female, religious"
dataset/Meeza - Shakon Siwon.mp3,"upbeat,happy, pop, female, catchy"
dataset/Gyakie - Rent Free clean.mp3,"upbeat,happy, Afrobeat, female, catchy"
dataset/Adekunle Gold feat Nailah Blackman - AG Baby .mp3,"upbeat, romantic, Afrobeat, Male, collaboration"
dataset/Yemi Alade - Ladies Get Up .mp3,"upbeat, energetic, Afrobeats, female, dance"
dataset/Bruce Africa - Jojina.mp3,"uplifting,happy, afrobeat, male, dance"
"dataset/Attitude ft mayorkun, reekado banks and boj - Higher your body.MP3","upbeat, energetic, lively, Afrobeats, mixed, collaboration"
dataset/Praiz - Love you better.MP3,"romantic, love, R&B, male, Praiz"
dataset/Azeri Bass Music 2020 Kavkaz Original Mix.mp3,"energetic, lively, azeri bass, kavkaz, instrumental, 2020, original mix"
dataset/Nle choppa ft young thug - Push it.MP3,"energetic, hype, rap, male, "
dataset/iann dior  Live Fast Die Numb Clean.mp3,"chill, melancholic, pop, male, clean version, iann dior"
dataset/Patoranking - I'm in love.MP3,"romantic, happy, afrobeat, male, love song"
dataset/Selena gomez - Feel.MP3,"upbeat,happy, pop, female, empowering"
dataset/Joeboy-Blessings.mp3,"happy, grateful, Afrobeats, male, Nigerian"
dataset/Jason derulo - Colors.MP3,"energetic,happy, pop, male, FIFA World Cup"
"dataset/Costa Titch - Big Flexa Feat. C’Buda M, Alfa Kat, Banaba Des, Sdida & Man T (muzmo.pro).mp3","energetic,hype, hip-hop, male, collaboration"
dataset/Otile-Brown-Confession-ft-Atan.mp3,"romantic, emotional, R&B, male, collaboration"
dataset/Burna boy - Money play.MP3,"energetic, upbeat, afrobeat, male, Nigerian"
dataset/R2bees ft wizkid - Supa.MP3,"upbeat, energetic, Afrobeats, mixed, "
dataset/Clean bandit ft demi lovato - Solo.MP3,"upbeat, energetic, pop, female, collaboration"
dataset/Mas-Musiq-Ngwonile-ft-Howard-Gomba-Vyno-Miller.mp3,"energetic,happy, amapiano, mixed, "
dataset/Gyakie - Need me.MP3,"romantic, soothing, Afrobeats, R&B, female, popular"
dataset/Mr 2Kay - Concentrate.mp3,"upbeat, energetic, Afrobeat, male, Nigerian"
dataset/Ycee - Link Up ft Reekado Banks.mp3,"upbeat, lively, Afrobeat, male, collaboration, Nigerian artists"
dataset/Ruger - Nine.mp3,"energetic, upbeat, Afrobeats, male, Nigerian"
dataset/Ajebo Hustlers Ft JERIQ - Last Week [Radio Edit] Clean Version.mp3,"energetic, upbeat, Afrobeat, Hip-hop, mixed, collaboration"
dataset/Nomfundo Moh - Soft Life.mp3,"calm, soothing, relaxing, soul, R&B, acoustic, female, chill"
dataset/Jaywon - Aje.mp3,"hopeful, inspirational, Afrobeat, male, Nigerian music"
dataset/King Perryy - Murder ft Teni.mp3,"energetic, lively, Afrobeat, male, collaboration, Nigerian music"
dataset/Dr Dolor Ft Oxlade Life.mp3,"uplifting, Afrobeat, male, collaboration"
dataset/Timaya - Bang Bang.mp3,"energetic,happy, afrobeats, male, danceable"
dataset/Savage FT Victony - Rosemary.mp3,"energetic, lively, hip-hop, rap, male, collaboration"
dataset/Buju ft blaq diamond - Italy.MP3,"energetic, upbeat, afrobeat, male, collaboration"
dataset/BOJ & AJEBUTTER 22 - SWEET LIFE.mp3,"energetic,happy,upbeat, Afrobeats, male, collaboration"
dataset/Wande Coal x DJ Tunez - Iskaba.mp3,"upbeat, energetic, Afrobeat, male, collaboration"
dataset/Savage - Gangnam Style Ft Victony.mp3,"energetic,happy,fun, hip hop,rap, male, collaboration"
dataset/Jaido p ft fireboy dml - One of a kind.MP3,"upbeat, energetic, afrobeats, male, collaboration"
dataset/Reekado banks - Put in pressure.MP3,"energetic, upbeat, afrobeats, male, Nigerian"
dataset/Reekado banks - Ozumba mbadiwe.MP3,"energetic,happy, afrobeat, male, Nigerian"
dataset/Rema - Dumebi.MP3,"upbeat,happy, afrobeat, male, "
dataset/Love Damini ( Radio Edit) Burna Boy Ft Ladysmith Black Mambazo.mp3,"love, Afrobeat, Male, collaboration"
dataset/Ice prince ft brymo - Oleku.MP3,"happy, upbeat, Afrobeat, male, collaboration"
dataset/08-Tommy-Flavour-Numero-Uno-Ft-Tanasha-Donna.mp3,"upbeat, energetic, bongo flava, mixed, collaboration"
dataset/Kizz Daniel - Eh God (Barnabas).mp3,"upbeat,happy, Afrobeat, male, catchy"
dataset/DJ-Enimoney ft LK-Kuddy x Kizz Daniel x Olamide x Kranium Send Her Money.mp3,"energetic, lively, Afrobeats, male, collaboration, party"
dataset/Apala Disco - DJ Tunez  Terry Apala.mp3,"energetic, dance, Afrobeat, male, "
dataset/Patoranking - Suh different.MP3,"upbeat,happy, dancehall, male, Nigerian artist"
dataset/Omawumi - Me Ke Ft  Kiss Daniel.mp3,"upbeat, energetic, Afrobeat, female, collaboration, Nigerian music"
dataset/Olootu - Drama.mp3,"Energetic, Upbeat, Dramatic, Pop, Male, Collaboration, Vocal-driven"
dataset/Victoria kimani - Boom.MP3,"upbeat, energetic, afrobeat, female, dance"
dataset/Stefflon don - Senseless.MP3,"energetic, lively, dancehall, female, party"
dataset/Nissi ft fireboy dml - Nobody.MP3,"upbeat, romantic, afrobeat, male, collaboration"
dataset/6 Mercy (feat Seyi Vibez)_Master 1c [Clean].mp3,"energetic, uplifted, Afrobeats, male, feat, clean"
dataset/Bontle-Smith-Ngathi-Umenyiwe-ft-TNK-MusiQ-Chley-Rivalz.mp3,"upbeat,happy, afrobeat, female, collaboration"
dataset/Yung l - Cool and ease.MP3,"cool, ease, hip hop, male, Yung L"
dataset/Falz - Soft Work.mp3,"upbeat, playful, Afrobeat, male, Nigerian"
dataset/RAYBEKAH-Gone-Back.mp3,"upbeat, energetic, Afrobeats, female, catchy"
dataset/Simi - No longer beneficial.MP3,"sad, reflective, Afrobeats, female, breakup"
dataset/Lyta - Hold Me Down.mp3,"uplifting, romantic, Afropop, male, Nigerian"
dataset/Young-Jonn-Shine-Shine.mp3,"happy, upbeat, afrobeats, male, high energy"
dataset/DJ Neptune - Hustle Ft  Focalistic.mp3,"energetic, upbeat, Afrobeat, male, collaboration, featured artist"
dataset/THIS LOVE.mp3,"romantic, passionate, pop, female, love, relationship"
dataset/Tiwa Savage - Park Well ft Davido.mp3,"upbeat, romantic, Afrobeats, female, collaboration"
dataset/Kendrick lamar - Rich spirit.MP3,"uplifting, motivational, hip-hop, male, "
dataset/Odeshi (Radio Edit) Idahams.mp3,"energetic, upbeat, Afrobeats, male, Nigerian"
dataset/LISA VIOLA KISSES.mp3,"upbeat,happy, pop, female, violin"
dataset/Problem Choke - 10Ten ft. QingMadi.mp3,"energetic, upbeat, hip hop, mixed, collaboration, Chinese artist"
dataset/Tiwa-Savage-Pick-Up.mp3,"energetic, upbeat, Afrobeat, female, popular"
dataset/Dremo My Way.mp3,"upbeat,happy, hip hop, male, "
dataset/Christina aguilera - Ya liegu.MP3,"energetic, playful, pop, female, Latin, dance"
dataset/Yemi alade - Issokay.MP3,"upbeat,happy, afrobeats, female, Yemi Alade"
dataset/T pain ft g eazy - Girlfriend.MP3,"upbeat,happy, pop, male, collaboration"
dataset/REMINISCE ft MOHBAD - Shina Peters.mp3,"upbeat, energetic, nostalgic, Afrobeat, Hip hop, Male, collaboration"
dataset/Headie one ft aj tracey and stormzy - Aint it different.MP3,"energetic, upbeat, rap, grime, male, collaboration, UK artists"
dataset/Prince-Kaybee-Cathedral.mp3,"energetic, upbeat, lively, house, male, electronic"
dataset/Reekado banks ft kida kudz and eo - Need more.MP3,"energetic, upbeat, Afrobeats, male, collaboration"
dataset/DJ_Tarico_feat_Preck_Nelson_Tivane_-_Yaba_Buluku_71553224.mp3,"energetic,dance, afro house, male, collaboration"
dataset/Olamide - Supplier.mp3,"energetic, powerful, Afrobeat, male, "
dataset/Falz x Simi - Foreign.mp3,"romantic, soothing, Afrobeats, mixed, collaboration"
dataset/Ugoccie - Man On Fire.mp3,"energetic, powerful, afrobeats, female, Nigeria, trending"
dataset/Madonna Vs Sickick  Frozen Fireboy DML Remix.mp3,"energetic, remix, pop, afrobeat, mixed, collaboration"
dataset/Pheelz - ROTATE.mp3,"upbeat,happy, Afrobeats, male, danceable"
dataset/Savage ft. khaligraph jones & emtee - Hard.MP3,"energetic, aggressive, hip hop, male, collaboration"
"dataset/Vetkuk, mahoota and dr malinga - Via orlando.MP3","energetic, upbeat, house, mixed, Amapiano"
dataset/Abidoza_Major_League_Djz_feat_Benjiflow_-_Jolene_Amapiano_Remix.mp3,"upbeat, lively, Amapiano, mixed, remix"
dataset/De-Mogul-SA-Njalo-Njalo-Ft-Khanya-De-Vocalist.mp3,"upbeat,happy, house, male, collaboration"
dataset/Ckay - Mmadu.mp3,"upbeat,happy,feel-good, afrobeats, male, Nigerian"
dataset/Burna Boy - Different Size feat. Victony.mp3,"energetic, uplifting, Afrobeats, male, collaboration"
dataset/Mi Casa  - Eve (radio edit) Pro.mp3,"uplifting, energetic, house, mixed, radio edit"
dataset/King perryy and victony - Tight condition.MP3,"upbeat,happy, afrobeats, male, collaboration"
dataset/Coldplay x bts - My universe.MP3,"uplifting, inspiring, pop, electronic, mixed, collaboration"
dataset/Carter efe and berri tiga - Machala.MP3,"upbeat,happy, afrobeat, male, collaboration"
dataset/K.O - Caracara (Clean Edit) [feat. Kid X] [mp3clan.com].mp3,"upbeat, energetic, hip hop, male, collaboration, clean edit"
dataset/Portable-Dabira.mp3,"upbeat,happy, Afrobeat, female, party"
dataset/Oladapo - Gbe bodi.MP3,"energetic, upbeat, afrobeat, male, danceable"
dataset/Dave east ft jacquees - Alone.MP3,"sad, lonely, Rap, R&B, Male, Collaboration"
dataset/Theophilus london ft tame impala - Only you.MP3,"uplifting, romantic, pop, mixed, collaboration"
dataset/Beyonce-YoncTheRulingClassRefixBoomBoxRiddim8-BarIntroClean.mp3,"empowering, energetic, dancehall, female, refix, clean version"
dataset/Kizz - Whats Love.mp3,"upbeat,happy, pop, male, love song"
dataset/Bella shmurda - Fvck off.MP3,"energetic, rebellious, afrobeat, male, explicit"
"dataset/Migos, karol g, snoop dogg and rock mafia - My family (the adams family).MP3","energetic, fun, spooky, hip hop, pop, mixed, collaboration, movie soundtrack"
"dataset/Sheye banks ft lax , clemzy - Fall.MP3","upbeat,happy, Afrobeats, mixed, "
dataset/Shawn mendes ft justin bieber - Monster.MP3,"emotional,sad, pop, male, collaboration"
dataset/Skales - Nobody To Somebody.mp3,"upbeat, energetic, Afrobeats, male, "
dataset/Timaya - Win ft  Falz.mp3,"upbeat, energetic, afrobeats, male, collaboration, Nigerian music"
dataset/Martin garrix ft bonn - High on life.MP3,"uplifting, joyful, EDM, male, collaboration"
dataset/tony frank ft skales  ENTER MY EYES.mp3,"upbeat, energetic, Afrobeat, male, collaboration"
dataset/Runtown - Oh oh oh (lucie).MP3,"happy, energetic, Afrobeats, male, uplifting, danceable"
dataset/Ric-Hassani-Amina.mp3,"romantic,soulful, Afrobeat, male, Nigerian"
dataset/Jason derulo - Take you dancing.MP3,"upbeat, fun, dance, pop, male, Jason Derulo"
dataset/Dj preskey ft 1da banton and dandizzy - One leg up.MP3,"energetic, upbeat, Afrobeats, male, collaboration"
dataset/Lil wayne ft post malone - What about me.MP3,"chill, relaxed, rap, male, collaboration, popular"
dataset/04-Uncle-Waffles-Morrocco-Ft-Tony-Duardo-Milkiee-Scumie.mp3,"upbeat,happy,energetic, pop, mixed, collaboration"
dataset/Skiibii  Back To Sender [BTS] (Radio Edit) Clean Version.mp3,"energetic, upbeat, Afrobeat, male, clean version"
dataset/Reminisce - E.n.k.r.MP3,"nostalgic, contemplative, hip hop, male, "
dataset/Azanti x PsychoYP - Clear Road.mp3,"upbeat, energetic, Afrobeats, mixed, collaboration"
"dataset/Yg ft 2chainz , big sean , nicki minaj - Big bank.MP3","energetic,hype, rap, mixed, collaboration,hip hop"
dataset/DJ Spinall - Sere ft Fireboy DML.mp3,"energetic, upbeat, Afrobeats, male, collaboration"
dataset/Zlatan ft phyno & flavour - Fada.MP3,"energetic,upbeat, afrobeats, male, collaboration, Nigerian music"
dataset/Cdq - Owo.MP3,"upbeat, Afrobeat, male, Nigerian"
dataset/Bella Shmurda & Nasty C - Philo.mp3,"energetic, lively, Afrobeats, male, collaboration"
dataset/Bandros-Phendula-ft-ZANI-Ncesh-P.mp3,"energetic, uplifting, Afro-pop, mixed, collaboration"
dataset/MYRON-Government Tricks.mp3,"energetic, powerful, rap, male, political"
dataset/Black Sherif Oh Paradise Radio Edit Clean Version.mp3,"uplifting, energetic, Afrobeats, male, clean version"
dataset/Seyi Vibez Trumpet.mp3,"uplifting,happy, afrobeats, male, trumpet"
dataset/Burna boy ft gza - I told them.MP3,"energetic, upbeat, Afrobeat, Hip-hop, male, collaboration"
dataset/Asake - Only Me.mp3,"upbeat, energetic, Afrobeats, male, Nigerian"
dataset/Lil nas x - Panini.MP3,"upbeat,hype, pop,rap, male, "
dataset/Amaarae  Sad Girlz Luv Money Remix ᴴᴰ Clean.mp3,"confident, energetic, pop, R&B, female, remix"
dataset/Bloody civilian - Escapism.MP3,"dark, intense, rock, male, escape"
dataset/Mshizo_21-Killer-Instinct-Ft-Sjavas-Da-Deejay-Lk-Deep-Strix.mp3,"energetic, intense, Amapiano, male, collaboration"
dataset/Yung l and mr vegas - Jo.MP3,"energetic, upbeat, Afrobeats, dancehall, male, collaboration"
dataset/14-Tommy-Flavour-Controller.mp3,"upbeat,happy, Afrobeat, male, dance"
dataset/Ayra Starr_Fashion Killa (Clean).mp3,"upbeat, lively, Afrobeats, female, Clean version"
dataset/Drip Gogo – Ntabezimnyama ft. Starr Healer & DJ Khyber.mp3,"upbeat, energetic, afrobeat, mixed, collaboration"
dataset/Sauti Sol - Suzanna .mp3,"upbeat, catchy, Afro-pop, male, African"
dataset/Davido - Jowo.MP3,"romantic, chill, afrobeats, male, Nigerian"
dataset/Johnny drille - Believe me.MP3,"hopeful, inspirational, Indie, male, acoustic"
dataset/Orezi-One-Call-Away.mp3,"upbeat, happy, energetic, Afrobeat, male, party, dance"
dataset/Victor Ad & Patoranking - Prayer Request.mp3,"uplifting, hopeful, Afrobeat, Male, collaboration"
dataset/Vector ft good girl la - Early momo.MP3,"upbeat, romantic, afrobeats, mixed, collaboration"
dataset/Bella shmurda - Ase.MP3,"energetic, lively, afrobeat, male, Nigerian"
dataset/Id cabasa ft wizkid and olamide - Totori.MP3,"energetic,happy, Afrobeats, male, collaboration"
dataset/Harmonize - Sijui.mp3,"calm, romantic, bongo flava, male, love song"
dataset/Justin bieber ft burna boy - Loved by you.MP3,"romantic, soothing, pop, R&B, male, collaboration, love song"
dataset/Mr Dutch  Ft Luddy Dave  Zambo.mp3,"upbeat, energetic, Afrobeats, male, collaboration"
dataset/Justin bieber - Yummy.MP3,"upbeat, catchy, pop, male, popular"
dataset/Falz - Sweet Boy (Maze & Mxtreme Remix).mp3,"upbeat, energetic, Afrobeats, Dance, Male, Remix"
dataset/Bad Boy Timz Ft Shenseea - Move Remix.mp3,"energetic, upbeat, Afrobeats, male and female, remix"
dataset/Asake ft Olamide - Amapiano.mp3,"upbeat, energetic, Amapiano, male, collaboration"
dataset/Phyno ft olamide - Ghost mode.MP3,"energetic, powerful, hip hop, male, collaboration"
dataset/Stann ft davido - Blank cheque.MP3,"energetic, upbeat, Afrobeats, male, collaboration, Nigerian"
dataset/Reekado Banks - Put In Pressure.mp3,"energetic, intense, Afrobeats, male, "
dataset/Ladipoe ft amaarae - Love essential.MP3,"romantic, soulful, R&B, male, collaboration, love song"
dataset/CC Cypher CLASS A [RADIO].mp3,"energetic, upbeat, hip hop, mixed, cypher, radio"
dataset/Mr eazi - Supernova.MP3,"upbeat, groovy, Afrobeat, male, summer vibes"
dataset/Moneybagg yo ft future - Hard for the next.MP3,"energetic, confident, rap, hip hop, male, collaboration, upbeat"
dataset/Camila cabello ft pharrell williams - Sangria wine.MP3,"upbeat, dance, pop, hip hop, female, male, collaboration"
dataset/Mr Eazi - Miss You Bad Ft  Burna Boy.mp3,"melancholic, longing, Afrobeat, male, collaboration"
dataset/sound6ix MARIA.mp3,"upbeat,happy, dancehall, male, Jamaican"
dataset/Mellissa - Me and you.MP3,"romantic, sentimental, pop, female, "
dataset/GUM BODY - GLORIOUS BOY .mp3,"upbeat, energetic, lively, afrobeats, male, dance, party"
dataset/Robert glasper ft h.e.r and meshell ndegeocello - Better than i imagined (dj tunez remix).MP3,"soulful, groovy, R&B, Neo Soul, Mixed, remix, collaboration"
dataset/DJ Neptune - English Teacher ft Zlatan.mp3,"energetic, fun, afrobeats, male, collaboration"
dataset/T- Classic - Makaveli.mp3,"upbeat, energetic, Afrobeats, male, "
dataset/Khalid - Present.MP3,"calm, contemplative, R&B, male, soulful"
dataset/Timaya - Woyo.mp3,"energetic,happy, afrobeat, male, dance"
dataset/Victor ad - Simple life.MP3,"uplifting,happy, Afropop, male, Nigerian"
dataset/Double Up (Radio Edit) Trod.mp3,"energetic, uplifting, dancehall, male, radio edit"
dataset/02-Falz-Popping-Tonight-Ft-Shaybo-Phyno-(JustNaija.com).mp3,"energetic,upbeat, afrobeats, male, "
dataset/Runtown - International badman killa.MP3,"energetic, confident, afrobeats, male, danceable"
dataset/Ice Prince - Aboki.mp3,"energetic,upbeat, Afrobeats, male, Nigerian"
dataset/Wizkid-Energy.mp3,"upbeat,happy, afrobeat, male, popular"
"dataset/Adekunle Gold ft Pharrell Williams ,Nile,Rodgers -Falling-Up.mp3","upbeat, happy, pop, afrobeat, male, collaboration, mainstream"
dataset/Terminator (Radio Edit) Asake.mp3,"energetic, powerful, Afrobeats, male, danceable, upbeat"
dataset/TEKNO FT DAVIDO - HOLIDAY.mp3,"upbeat, energetic, happy, Afrobeats, male, collaboration"
dataset/Doja cat and the weeknd - You right.MP3,"sultry, relaxed, R&B, Pop, Female, collaboration, catchy"
dataset/Soro - Skiibii.mp3,"happy, upbeat, Afrobeats, male, party, dance"
dataset/The Groovist - Lilizela (feat. Nkosazana Daughter).mp3,"groovy, energetic, dance, mixed, collaboration"
dataset/Myron - Happy (mp3).mp3,"Happy, Pop, Male, "
dataset/Mr eazi ft ami faku - Wena.MP3,"upbeat, romantic, Afrobeat, male, collaboration"
dataset/Touchline-Ginger-Trill-ft-Mandy-ZA-Amen.mp3,"energetic, uplifting, hip hop, mixed, collaboration"
dataset/Mdoovar-Uthando-ft-Ami-Faku-Ilovelethu.mp3,"upbeat,happy, afro-house, male, collaboration"
dataset/Ice spice ft nicki minaj - Princess diana.MP3,"energetic, powerful, pop, hip hop, female, collaboration, empowering"
dataset/LuuDadeejay-Iy-ndaba.mp3,"upbeat, energetic, Amapiano, Male, club banger"
dataset/Jhene aiko ft future and miguel - Happiness over everything.MP3,"happy, R&B, mixed, collaboration"
dataset/Timi - Martins.mp3,"upbeat,happy, Pop, Male, Love song"
dataset/Simi-Know-You-II-ft-LADIPOE.mp3,"mellow, romantic, Afrobeat, female, collaboration, popular"
dataset/Sia - Magic.MP3,"uplifting, happy, pop, female, energetic"
dataset/Pawon (Radio Edit) Skiibii.mp3,"upbeat, energetic, afrobeat, male, Nigerian music"
dataset/Kizz daniel - Check.MP3,"upbeat,happy, afrobeat, male, danceable"
dataset/Seyi Vibez  Hushpuppi.mp3,"calm,reflective, Afrobeats, male, Nigerian"
dataset/Kida kudz - Membaz only.MP3,"upbeat, energetic, lively, Afrobeats, male, danceable"
dataset/Ajebo Hustlers - Barawo (Remix) Ft Davido.mp3,"energetic, powerful, Afrobeats, male, remix, collaboration"
dataset/Beyonce - Otherside.MP3,"uplifting,empowering, R&B, female, pop"
dataset/Zamorra Ft Laycon Kiss N Tell.mp3,"energetic, upbeat, Afrobeats, hip hop, male, "
dataset/Praiz - Sisi Ft  Wizkid.mp3,"upbeat, romantic, Afrobeat, male, collaboration"
dataset/Jax jones ft aura - I miss you.MP3,"sad, nostalgic, pop, electronic, mixed, collaboration"
dataset/Sean paul ft becky g - Mad love.MP3,"energetic, dance, pop, reggae, mixed, collaboration"
dataset/The chainsmokers - Sick boy.MP3,"energetic, intense, pop, electronic, male, anthem, motivational"
dataset/Pabi Cooper & Yumbs – Dali Wam ft. Nkosazana Daughter & MaWhoo.mp3,"energetic, upbeat, afro-house, mixed, collaboration"
dataset/Eminem ft rihanna - Love the way you lie.MP3,"intense, emotional, hip hop, pop, male, female, collaboration"
dataset/Seyi Shay - Ragga Ragga.mp3,"energetic, danceable, Afrobeats, Dancehall, Female, upbeat, party"
dataset/Juls-ft-Falz-Oxlade-Angelina dflamz clean .mp3,"upbeat, energetic, Afrobeats, mixed, Juls, Falz, Oxlade, Angelina"
dataset/Davido_-_Precision.mp3,"upbeat, energetic, afrobeat, male, "
dataset/Wande Coal -  E Choke.mp3,"upbeat, energetic, afrobeats, male, party, dance"
dataset/Peruzzi - Nana.MP3,"upbeat, romantic, Afrobeats, male, Nigerian"
dataset/Joanny - Fely.MP3,"upbeat,happy, pop, female, French"
dataset/Tiwa savage - Attention.MP3,"upbeat, energetic, Afrobeats, female, pop"
dataset/Tiimie-Suleja-Ft-YKB.mp3,"energetic,upbeat, afrobeats, mixed, collaboration"
dataset/The cavemen ft made kuti - Biri.MP3,"energetic, upbeat, Afrobeat, mixed, collaboration"
dataset/Youngboy never broke again - Lonely child.MP3,"lonely,sad, rap, male, Youngboy Never Broke Again"
dataset/Crayon - Ijo (laba laba).MP3,"upbeat,dance, Afrobeats, male, Nigerian"
dataset/Kotrell - No worry zone (NWZ).mp3,"upbeat,happy, pop, male, "
dataset/Pop smoke ft. chris brown - Woo baby.MP3,"energetic, romantic, Hip Hop, Male, collaboration"
dataset/Teee Dollar Ft Shoday & Billirano  Double XL.mp3,"energetic, upbeat, hip hop, mixed, "
dataset/KahLo  Drag Me Out  dflamz radio .mp3,"upbeat, energetic, EDM, Female, radio"
dataset/Preme ft popcaan and davido - Comfortable.MP3,"energetic,upbeat, dancehall, male, collaboration"
dataset/Sheye Banks - Close Am.mp3,"upbeat, energetic, Afrobeats, male, Nigerian artist, danceable"
dataset/Rayvanny ft -Chino-Kidd-Mfana-Kah-Gogo-s2kizzy -  Gibela-Remix.mp3,"energetic, upbeat, bongo flava, male, collaboration, remix"
dataset/CLEAN Lil Durk  So What.mp3,"clean, rap, male, Lil Durk"
dataset/Cheque ft. ayra starr - Dangerous.MP3,"upbeat, energetic, Afrobeat, mixed, collaboration"
dataset/Amaarae-Wasted-Eyes.mp3,"upbeat, energetic, Afrobeat, female, uplifting"
dataset/Jonas brothers - What a man gotta do.MP3,"upbeat,happy, pop, male, "
dataset/Illbliss-Full-Chest-Ft-Odumodublvck.mp3,"energetic, powerful, hip hop, male, collaboration, Nigerian artist"
dataset/Willis x Mr Eazi.mp3,"upbeat, lively, Afrobeat, male, collaboration, energetic"
dataset/sweeeet - Amaarae.mp3,"upbeat, groovy, funky, afrobeats, R&B, female, catchy"
dataset/Mine praiz.mp3,"happy, upbeat, Afrobeat, male, Nigerian"
dataset/Ycee - My Side.mp3,"upbeat,happy, Afrobeats, male, Nigerian"
dataset/Trey songz ft davido - Sleepless nights.MP3,"sleepless, emotional, R&B, Afrobeats, male, collaboration, romantic"
dataset/Kuami Eugene Ft Group Chat & EMPIRE  I Feel Nice.mp3,"happy, energetic, Afrobeats, mixed, collaboration"
dataset/KIING LU ft DAPOTUBURNA & ALPHA OJINI - JAIYE EVERYDAY.mp3,"upbeat,happy, Afrobeats, male, collaboration,energetic"
dataset/Ibradosky-INDOMIE-ft-Zinoleesky.mp3,"Energetic, Upbeat, Afrobeats, Male, Collaboration"
dataset/Vector - IDGAF.mp3,"energetic, confident, hip hop, male, explicit"
dataset/Blaqbonez-DOLLERZ-Ft-Odumodublvck.mp3,"energetic, hype, hip hop, male, collaboration, Nigerian"
dataset/Elmah_-_New_Boy_in_Town.mp3,"joyful, energetic, pop, female, upbeat"
dataset/CEEZA MILLI - Na Wa.mp3,"upbeat, energetic, lively, Afrobeat, male, Nigerian"
"dataset/Dj snake ft selena gomez, ozuna, cardi b - Taki taki.MP3","energetic, sexy, lively, reggaeton, electronic, mixed, collaboration, hit song"
dataset/Percy martins ft duncan mighty - Put a ring (mama).MP3,"Happy, Energetic, Afrobeats, Male, Collaboration, Love, Mother"
dataset/Dj java ft dj yin and isonilstrings - Shako.MP3,"energetic, upbeat, Afrobeat, Hip hop, mixed, collaboration"
dataset/Reminisce - Instagram ft Naira Marley & Olamide.mp3,"upbeat, energetic, Afrobeats, mixed, collaboration, trending"
dataset/Timaya ft machel montano - Happy.MP3,"Happy, Afrobeat, Soca, Male, "
dataset/Reekado Banks - Problem.mp3,"upbeat,happy, Afrobeat, male, dance"
dataset/Flavour - Wake Up Ft  Wande Coal.mp3,"upbeat,happy, Afrobeat, male, collaboration,energetic"
dataset/SHE WAAN (feat. mau from nowhere  MAUIMØON).mp3,"upbeat,energetic, reggae,hip hop, female, feat. mau from nowhere, MAUIMØON"
dataset/Odunsi (the engine) ft raye - Tipsy.MP3,"upbeat, energetic, Afrobeat, R&B, male, female, collaboration, danceable"
dataset/Illbliss - Abena ft Idahams.mp3,"energetic, upbeat, hip hop, afrobeat, male, collaboration"
dataset/ARMEN CEKIN FT C-MART & OKIEMUTE - WITH YOU.mp3,"romantic, upbeat, pop, mixed, collaboration"
dataset/Burna Boy - Streets of Africa.mp3,"upbeat, energetic, Afrobeat, male, African"
dataset/Bria lee ft fat joe - One shot.MP3,"upbeat, energetic, R&B, Female, collaboration, hip hop"
dataset/Sipho-Magudulela-Ntab-ezikude-ft-Murumba-Pitch-Tamsi-2O-(JustNaija.com).mp3,"energetic, upbeat, Afro-pop, male, collaboration"
dataset/Oluwadolarz-Col-Cost-of-Living.mp3,"energetic,happy, Afrobeat, male, comedy,skit"
dataset/Awolnation ft elohim - Table for one.MP3,"melancholic, emotional, alternative, mixed, collaboration"
dataset/Rudeboy - Enjoyment.mp3,"happy, upbeat, Afrobeats, male, party"
dataset/Ckay ft silly walks discotheque - Maria.MP3,"upbeat,happy, Afrobeats, male, collaboration"
dataset/Kanye west - On god.MP3,"upbeat, confident, hip hop, male, religious"
dataset/Joeboy - Oshe.MP3,"upbeat,happy, Afrobeats, male, "
dataset/Ckay ft dj lambo - Way.MP3,"upbeat, energetic, Afrobeats, male, collaboration"
dataset/Nasty C No More.mp3,"energetic, powerful, hip hop, male, South African"
dataset/REMA - HEHEHEHE.mp3,"energetic,happy, afrobeats, male, Nigerian"
dataset/Patoranking - Temperature.MP3,"upbeat,dance, Afrobeat, male, "
dataset/MINIE - ONE of ONE.mp3,"upbeat, energetic, pop, female, catchy"
dataset/Skales - Jogo.mp3,"energetic, upbeat, Afrobeat, male, dance"
dataset/Sarz & Wurld - Sweat.mp3,"upbeat,happy, Afrobeat, mixed, collaboration,summer"
dataset/Jimohsoundz - Poker ft Siki.mp3,"energetic, upbeat, Afrobeat, male, collaboration, dance"
dataset/Deekay ft davido & peruzzi - Hangover.MP3,"upbeat, party, Afrobeats, male, collaboration"
dataset/Seyi Vibez - For the Gods.mp3,"upbeat,happy, Afrobeats, male, Nigerian"
dataset/Ty dolla sign ft mustard an lil durk - My firends.MP3,"upbeat, energetic, Hip-Hop, R&B, Male, collaboration"
dataset/Bluff (Radio Edit) Ms Bank.mp3,"upbeat, energetic, hip hop, female, radio edit"
dataset/Lil kesh & young john - Feeling funny.MP3,"funny,happy, Afrobeats, male, "
dataset/Simi ft ms banks - There for you.MP3,"upbeat, positive, Afrobeat, female, collaboration"
dataset/Teni - Jo.mp3,"upbeat,happy, Afrobeats, female, dance"
dataset/BadMan Size ( Radio Edit) L A M B.mp3,"energetic, powerful, electronic, mixed, "
dataset/Davido - One thing.MP3,"upbeat, energetic, afrobeat, male, popular, dance"
dataset/TI-BLAZE-Eko.mp3,"exciting, energetic, hip hop, male, upbeat, danceable"
dataset/Justin Timberlake - Selfish .mp3,"soulful, romantic, pop, male, Justin Timberlake"
dataset/I-Octane - Criminal Franchise.mp3,"energetic, powerful, dancehall, male, "
dataset/Vector ft davido - Comfort.MP3,"upbeat, positive, afrobeat, male, collaboration"
dataset/Zefanio ft LAX - Rowanda.mp3,"upbeat, energetic, afrobeats, male, collaboration"
dataset/Terri - Come Around.mp3,"upbeat, energetic, pop, female, catchy"
dataset/Young jonn - Disconnect.mp3,"energetic,happy, afrobeats, male, collaboration"
dataset/Polo G - No Time Wasted feat. Future.mp3,"energetic, aggressive, hip-hop, male, collaboration"
dataset/Teni-Holy-Matrimony.mp3,"joyful, romantic, Afrobeats, female, wedding song"
dataset/Adekunle Gold - Party No Dey Stop ft. Zinoleesky.mp3,"upbeat, energetic, lively, Afrobeat, Male, collaboration"
dataset/Yemi Alade - Elele.mp3,"energetic, lively, Afrobeat, female, Nigerian"
dataset/SPINALL-Psalm-23-Ft-Teni.mp3,"uplifting, spiritual, Afrobeats, male, collaboration, Nigerian music"
dataset/Oskido_-_Banky_Banky_ft_Niniola.mp3,"energetic, lively, Afro House, male, collaboration, dance"
dataset/Major League Djz Ft Nissi- Gravity feat .mp3,"upbeat, energetic, Afrobeat, mixed, "
dataset/Native_Sound_System_ft_Lojay_Ayra_Starr_-_Runaway.mp3,"uplifting,happy, afrobeat, mixed, "
dataset/Juice wrld - Already dead.MP3,"melancholic,sad, rap, male, emotional"
dataset/Skales - I Dey Miss You Ft Imanse.mp3,"melancholic, longing, Afrobeat, male, collaboration, nostalgia"
dataset/Stormzy - Mel made me do it.MP3,"energetic,powerful, hip hop, male, UK"
dataset/Kizz Daniel Ebetter.mp3,"upbeat, energetic, afrobeats, male, Nigerian"
dataset/Wande Coal - Ashimapeyin.mp3,"energetic, upbeat, afrobeat, male, Nigeria, dance"
dataset/Silk Boss  Drama Clean Version.mp3,"upbeat, pop, male, clean version"
dataset/03-Libianca-WOMS-Weight-On-My-Shoulder-ft-Blaqbonez-Moliy.mp3,"upbeat, energetic, hip hop, male, collaboration"
dataset/Jux  Gyakie  - I Love You .mp3,"romantic, love, Afrobeat, male, female, duet"
dataset/Olamide - Demons.MP3,"energetic, intense, Afrobeats, male, Nigerian"
dataset/Dj cuppy ft sarkodie - Vybe.MP3,"upbeat, energetic, afrobeat, mixed, collaboration"
dataset/Wurld - Paranoid.MP3,"paranoid, Afrobeat, male, Nigerian"
dataset/Barry  Jhay - Explain Tire.mp3,"lively, energetic, Afrobeats, male, Nigeria"
dataset/Marshmello ft roddy ricch - Project dreams.MP3,"energetic,hopeful, hip hop, mixed, collaboration"
dataset/Darque & Blxckie - To The Sky.mp3,"upbeat, energetic, hip hop, male, collaboration"
dataset/Dj zinhle ft mvzzle and rethabile - Umlilo.MP3,"energetic, upbeat, afrohouse, mixed, collaboration, popular"
dataset/Omah lay - Can't relate.MP3,"relaxed, chill, Afrobeats, male, Nigerian"
dataset/Zedd ft katy perry - 365.MP3,"energetic, catchy, pop, electronic, female, collaboration"
dataset/OXLADE_-_INCOMPLETE.mp3,"nostalgic,soulful, Afrobeat, male, "
dataset/Lojay_-_Leader.mp3,"energetic, empowering, afrobeats, male, "
dataset/Ajebo hustlers - Caress.MP3,"upbeat,happy, Afrobeat, male, Nigerian"
dataset/DJ Neptune  Normal Day feat Ice Prince Magnito N6 Young Lunya  Khaligraph Jones.mp3,"upbeat, energetic, Afrobeats, mixed, collaboration"
dataset/Crayon - Gock am.MP3,"lively,happy, Afrobeats, male, Nigerian"
dataset/Rich the kid - Chickens.MP3,"energetic,hype, rap, male, Rich the Kid"
dataset/Phaemous ft. psychoyp - Island pink.MP3,"chill, upbeat, hip hop, male, collaboration"
dataset/Switchotr ft a1 x j1 - Coming for you.MP3,"energetic, fierce, hip hop, mixed, collaboration"
dataset/Eleesha - Through The Wire.mp3,"upbeat, energetic, pop, female, empowering, motivational"
dataset/Chris brown - Iffy.MP3,"upbeat, energetic, R&B, male, catchy"
dataset/DJ-Neptune-Lagos-ft-InternationalBoy.mp3,"energetic, catchy, Afrobeat, male, collaboration"
dataset/Rema - Corny.MP3,"romantic, catchy, Afrobeat, male, upbeat"
dataset/06-Candy-Bleakz-Party-Hard-Ft-DTG.mp3,"party, energetic, afrobeats, female, collaboration"
"dataset/Steve aoki , nicky romero ft kiiara - Be somebody.MP3","energetic, upbeat, EDM, mixed, collaboration"
dataset/Inior Lindi - Vybes.mp3,"upbeat, energetic, pop, electronic, female, summer vibes"
"dataset/Gold up, reekado banks and beenie man - Blue skies.MP3","upbeat,happy, reggae, male, collaboration"
dataset/Dremo - Who.mp3,"energetic,confident, hip hop, male, Nigerian"
dataset/Cdq - Ladies night.MP3,"energetic, upbeat, hip hop, male, party, dance"
dataset/Cruel Santino - War In The Trenches.mp3,"energetic, powerful, hip hop, male, Nigerian, Afrobeat"
dataset/ODUMODUBLVCK FT BLOODY CIVILIAN AND WALE - BLOOD ON THE DANCE FLOOR.mp3,"energetic,dark, hip hop, mixed, collaboration,explicit"
"dataset/Cooper SA & Murumba Pitch feat Tyler ICU, KDD & Dutch - Ziyakhala.mp3","upbeat, energetic, vibrant, amapiano, mixed, collaboration, African music"
dataset/Khaid - With you.MP3,"romantic, happy, pop, male, love song"
dataset/Rema HOV.mp3,"energetic, upbeat, afrobeats, male, Nigerian"
dataset/Drake - No friends in the industry.MP3,"energetic,confident, Hip hop, Male, popular"
dataset/Mr Eazi - Property Ft   Mo-T (SRNO  Remix).mp3,"upbeat, energetic, Afrobeat, male, remix, featuring Mo-T, SRNO"
dataset/Kabza de small  feat Stakev - Rekere 11.mp3,"energetic, upbeat, amapiano, male, collaboration"
dataset/Phyno - Do I (Remix)  (feat. Burna Boy).mp3,"energetic, powerful, Afrobeat, male, collaboration, remix"
dataset/Davolee - I Pray.mp3,"uplifting,hopeful, hip hop, male, prayer,inspirational"
dataset/Victony - Maria ft Falz.mp3,"upbeat,happy, Afrobeats, female, collaboration, Nigerian artists"
dataset/RUNDA - GOOD GIRL.mp3,"upbeat, energetic, pop, female, catchy"
dataset/Dj tunez and j anthoni - Bomb.MP3,"energetic, upbeat, Afrobeats, mixed, collaboration"
dataset/Solo.mp3,"upbeat, energetic, pop, female, "
"dataset/Skales - Hope, freedom and love.MP3","hope, freedom, love, Afrobeat, male, "
"dataset/Bruno mars, anderson.paak, silk sonic - Blast off.MP3","upbeat, energetic, R&B, Funk, male, collaboration"
dataset/Ric Hassani - For Instance.mp3,"romantic, soothing, emotional, pop, male, Nigerian"
"dataset/Halsey ft big sean , stefflon don - Alone.MP3","energetic,sad, pop, female, collaboration"
dataset/Dremo Ft 1da Banton Holy Pass.mp3,"upbeat, energetic, afrobeats, male, collaboration"
dataset/Ciara - Level up.MP3,"energetic, confident, R&B, female, dance"
dataset/Kizz-Daniel-Cough-Ft-Becky-G.mp3,"upbeat, energizing, pop, afrobeat, male, collaboration, lively"
dataset/01-Daliwonga-Seduce-Me-Ft-Nkosazana-Daughter-(JustNaija.com).mp3,"seductive, romantic, Amapiano, male, collaboration"
dataset/2POINT1 FT NTATE STUNNA & NTHABI SINGS  - Stimela.mp3,"energetic, upbeat, Kwaito, mixed, collaboration"
dataset/Terri-Blessed-ft-Bhadboi-OML-Bad-Boy-Timz.mp3,"upbeat, energetic, Afrobeats, female, collaboration"
dataset/BNXN fka Buju -  Bad Since '97.mp3,"energetic, rebellious, dancehall, male, BNXN"
dataset/Mr real ft zlatan and laycon - Baba fela (remix).MP3,"energetic,happy, Afrobeat, mixed, collaboration,remix"
dataset/Show Dem Camp - +234.mp3,"chill, relaxed, Afrobeat, Hip Hop, male, "
dataset/Swimming Paul - The Way It Goes.mp3,"upbeat, joyful, carefree, pop, male, summer vibes"
dataset/VASA FT CRAYON - Trabaye.mp3,"upbeat, energetic, afrobeat, male, collaboration"
dataset/The Regiment & Wave Rhyder - Lebelo ft. DeeTheGeneral & Sbahle.mp3,"energetic, uplifting, hip hop, rap, mixed, collaboration"
dataset/Candy Bleakz - Debe (feat. Bloody Civilian).mp3,"energetic, upbeat, Afrobeat, female, Nigerian"
dataset/Kizz Daniel Blood Is Thicker.mp3,"uplifting, energetic, Afrobeat, male, Nigeria, dance"
dataset/Runda -  Beautiful Lies.mp3,"melancholic, reflective, pop, female, piano, emotional"
dataset/Koker - Too late.MP3,"upbeat,happy, afrobeat, male, Nigerian"
dataset/Eri Ife & Remy Baggins - YLLW.mp3,"upbeat,happy, Afrobeat, mixed, collaboration"
dataset/Ruby feat Mbosso - Uridhike.mp3,"romantic, upbeat, bongo flava, male, collaboration, Tanzanian music"
dataset/Pop smoke ft. dua lipa - Demeanor.MP3,"energetic, catchy, Hip-hop, Pop, Male, Female, collaboration"
dataset/Headie one - Beggars can't be choosers.MP3,"hype, energetic, rap, male, UK drill"
dataset/Common ft swizz beatz - Hercules.MP3,"upbeat, energetic, Hip-hop, Male, collaboration, mainstream"
dataset/Zoro - Kulture.MP3,"energetic, upbeat, Afrobeat, male, Nigerian"
"dataset/Fierce nation ft laycon, chinko ekun and reminisce - Fierce.MP3","energetic, powerful, rap, hip hop, male, collaboration"
dataset/Wani - Level.MP3,"energetic, upbeat, pop, female, catchy"
dataset/Nicole-Elocin-Tyler-ICU-ft-Kabza-De-Small-DJ-Maphorisa-Bella-Ciao.mp3,"energetic, upbeat, amapiano, mixed, collaboration, popular"
dataset/John dust _ Fire.mp3,"Energetic, Powerful, Rock, Male, Aggressive"
dataset/Banx and ranx and kojo funds - Traffic jam.MP3,"upbeat, energetic, dancehall, reggae, male, collaboration"
