audio,caption
dataset/Dunnie - Jalo.mp3,"upbeat, energetic, Afrobeats, female, Nigerian"
dataset/Taiyel - 111.mp3,"energetic, afrobeat, female, upbeat"
dataset/Olamide - Problem.mp3,"energetic,hype, Afrobeat, male, Nigerian"
dataset/Rotimi - Runway.MP3,"energetic, confident, R&B, pop, male, upbeat, danceable"
dataset/Bouqui - King david.MP3,"energetic, motivational, hip hop, rap, female, Christian, Nigerian"
dataset/Abigail-Chams-Nani-ft-Marioo-(JustNaija.com).mp3,"joyful, energetic, Afrobeats, male, collaboration"
dataset/Anonymous-Music-Wale-ft-Barry-Jhay.mp3,"upbeat,happy, Afrobeats, Male, collaboration"
dataset/Boy spyce - Pepe .mp3,"upbeat,happy, afrobeat, male, Nigerian"
dataset/Qdot -  IDAN.mp3,"energetic,happy, Afrobeat, male, uplifting"
dataset/Sza - Nobody gets me.MP3,"soulful, emotional, R&B, female, contemporary"
dataset/Adekunle Gold & Simi - Look What You Made Me Do.mp3,"romantic, soulful, Afrobeat, R&B, Mixed, naija music"
dataset/Wizkid - Everytime ft Future.mp3,"energetic,happy, hip hop, male, collaboration"
"dataset/PRVIS3, Xola TSM & DBN Gogo - uWeeeh 2.0 (feat. 2woBunnies).mp3","energetic,upbeat, amapiano, mixed, collaboration, featuring artist"
dataset/Mapara A Jazz - John Vuli Gate Feat. Ntosh Gazi & Calano.mp3,"energetic,upbeat,dance, Amapiano, mixed, popular,club"
dataset/Preston Pablo ft Qing Madi & Nonso Amadi -   Alone.mp3,"melancholic, soothing, R&B, male, collaboration"
dataset/Olootu - Grateful.mp3,"uplifting,happy, Afrobeat, male, gratitude,thankful"
dataset/Bella Shmurda No Other Radio Edit Clean Version.mp3,"upbeat,happy,energetic, Afrobeats, male, radio edit,clean version"
dataset/04-Daliwonga-Mnike-Ft-Visca-Murumba-Pitch-Happy-JazzMan-Mzizi-(JustNaija.com).mp3,"happy, jazz, mixed, collaboration"
dataset/Reminisce - OGB4IG.mp3,"nostalgic, energetic, hip hop, male, Nigeria"
dataset/Nonso amadi - Eye to eye.MP3,"emotional, romantic, R&B, male, Nigerian"
dataset/Jid ft 21 savage and baby tate - Surround sound.MP3,"energetic, intense, hip hop, male, collaboration"
dataset/Post malone ft doja cat - I like you (a happier song).MP3,"happier, pop, mixed, feat. Post Malone, Doja Cat"
dataset/Korra-Obidi-No-Love.mp3,"energetic, powerful, Afrobeat, female, dance, upbeat"
dataset/Ding Dong - Gyal Ediat (Clean).mp3,"upbeat,happy, dancehall, male, "
dataset/Lavaud-Roll-On-Me-ft-Tiwa-Savage-KANIS-Reekado-Banks-Patoranking-Saint-Citizen.mp3,"upbeat, energetic, empowering, Afrobeats, mixed, collaboration, top artists"
dataset/Skales ft rotimi - Konibaje (remix).MP3,"upbeat, energetic, Afrobeat, male, remix"
dataset/Larry Gaaga - Work ft Davido.mp3,"energetic, upbeat, afrobeats, male, collaboration, Nigerian music"
dataset/Dremo ft zlatan - Chairman.MP3,"energetic,upbeat, Afrobeats, male, collaboration"
dataset/Sizzla - Wet (Clean).mp3,"energetic, dancehall, male, upbeat"
dataset/Ice Prince - No Mind Dem Ft  Vanessa Mdee.mp3,"confident, upbeat, hip hop, male, collaboration"
dataset/Shallipopi Ex Convict.mp3,"upbeat,happy, pop, male, "
dataset/Falz - Ndi Ike  Ft Flavor Ft Odumodublvck.mp3,"energetic,happy, Afrobeat, male, "
dataset/Flav Ft Tonye - Slowly -.mp3,"romantic, soothing, R&B, male, collaboration, slow tempo"
dataset/Beyonce - Bigger.MP3,"empowering, uplifting, pop, R&B, female, inspirational"
dataset/Sosatheprodigy - Utaniget (feat. Scar Mkadinali).mp3,"energetic,hype, hip-hop, male, feat. Scar Mkadinali"
dataset/Big sean & hit-boy - What a life.MP3,"upbeat, energetic, hip hop, male, collaboration"
dataset/Shallipopi-Things-on-Things.mp3,"upbeat,happy, pop, female, catchy"
dataset/YBB - Billions ft. Didi B.mp3,"energetic, upbeat, hip hop, rap, mixed, collaboration, energetic"
dataset/Spyro - Only Fine Girl (mp3).mp3,"upbeat, playful, pop, male, "
dataset/Pheelz - Go Low.mp3,"energetic, upbeat, afrobeat, male, dancing, party"
dataset/Kabza De Small - Abalele_(muzmo.pro).mp3,"upbeat, energetic, Amapiano, male, dance, party"
dataset/Goldlink ft wizkid - No lie.MP3,"upbeat, energetic, hip hop, afrobeat, male, collaboration"
dataset/Queen-Parker-SOLA-Prende-la-Cabina-Freestyle.mp3,"energetic,hype, hip hop, male, "
dataset/Fireboy dml ft chris brown and shenseea - Diana.MP3,"energetic, upbeat, Afrobeats, R&B, male, female, collaboration, international"
dataset/Zootopia  Try Everything  Shakira.mp3,"upbeat,happy, pop, female, movie soundtrack"
dataset/Pryme ft Bella shmurda - Gbera.mp3,"energetic, upbeat, afrobeats, mixed, collaboration"
dataset/Zlatan - Unripe pawpaw.MP3,"upbeat, energetic, afrobeat, male, "
dataset/Wurld  ft sarz - Location.MP3,"upbeat, Afrobeat, male, collaboration"
dataset/Harmonize-Dear-X.mp3,"happy, romantic, bongo, male, love song"
dataset/Soundz  Attention.mp3,"energetic, upbeat, pop, male, catchy"
dataset/BLS - Na Money Be Man.mp3,"upbeat, energetic, Afrobeats, male, Nigerian"
dataset/Mayorfash Under Pressure.mp3,"energetic, uplifting, hip hop, male, fast tempo"
dataset/Mdoovar-Mhlaba-wonke-Ft-Fka-Mash-Sino-Msolo-Mthunzi-Da-Ish.mp3,"upbeat, energetic, amapiano, male, collaboration"
dataset/Burna-Boy-Tested-Approved-Trusted.mp3,"energetic,happy, afrobeat, male, upbeat,positive"
dataset/Davido Music Worldwide-HKN Presents- MaYorKun - ELEKO.mp3,"energetic, upbeat, Afrobeats, male, Davido Music Worldwide, HKN"
dataset/Ed sheeran and pok mon - Celestial.MP3,"uplifting,happy, pop, male, collaboration,celestial"
dataset/Diamond platnumz ft adekunle gold - Sona.MP3,"upbeat, energetic, Afrobeat, male, collaboration"
dataset/Rema - Woman.mp3,"upbeat, empowering, Afrobeats, male, Nigerian"
dataset/Buju - Daniel benson.MP3,"upbeat,happy,energetic, afrobeat, male, collaboration"
"dataset/Crayon, Victony & Ktizo- Belle Full.mp3","upbeat,happy, afrobeat, mixed, collaboration"
dataset/FAVE - Belong To You.mp3,"upbeat, happy, romantic, pop, female, "
dataset/Olamide ft omah lay - Infinity.MP3,"upbeat, romantic, Afrobeats, male, collaboration"
dataset/Zinoleesky - A1 (Feeling Disorder).mp3,"upbeat, energetic, Afrobeats, male, Feeling Disorder"
dataset/Shallipopi - Obapluto.mp3,"upbeat,happy,energetic, pop, female, catchy"
dataset/Vector - This Vector Sef.mp3,"fun, energetic, hip hop, male, Nigerian music"
dataset/PsychoYP Ft YCee Nigerian Man.mp3,"energetic, upbeat, Afrobeat, male, Nigerian"
dataset/NAYDU -NUKE  SELENSE.mp3,"upbeat, energetic, Afropop, male, danceable"
dataset/Lil Nas X NBA YoungBoy  Late To Da Party Clean.mp3,"energetic, fun, hip hop, male, collaboration, clean version"
dataset/Ms banks ft geko - Back it up.MP3,"energetic, upbeat, hip hop, female, collaboration, dance"
dataset/Burna Boy  Wild Dreams feat Khalid.mp3,"wild, dreamy, afrobeat, male, collaboration"
dataset/Blaqbonez-Bling-ft.-Amaarae-Buju dflamz radio .mp3,"energetic, groovy, Afrobeats, Hip-hop, male, collaboration"
dataset/MYRON - ALEX OTTI .mp3,"energetic, uplifting, pop, male, collaboration"
dataset/Dremo_-_Ringer_ft_Reekado_Banks dflamz clean .mp3,"upbeat, energetic, Afrobeats, male, collaboration, Nigerian"
dataset/Majeeed ft rotimi - Slip and slide.MP3,"upbeat, groovy, romantic, R&B, male, collaboration"
dataset/Dave & wizkid - System.MP3,"energetic, upbeat, afrobeat, male, collaboration"
dataset/M.i abaga ft sinzu and eriga - Tbdk.MP3,"energetic,hype, hip hop, male, collaboration"
dataset/Blaqbonez-WAIT-LET-ME-GET-THE-TISSUE clean.mp3,"energetic, upbeat, hip hop, male, clean version"
dataset/Suited (SynX Remix) __ NaijaVibes.com.mp3,"upbeat, energetic, EDM, male, "
dataset/Mohbad - Peace.mp3,"peaceful,hopeful, Afrobeats, male, "
dataset/Prettyboy d-o & pa salieu - Lord protect my steppings.MP3,"energetic, powerful, afrobeats, hip-hop, male, collaboration, international"
dataset/Gyakie - Whine .mp3,"upbeat, romantic, Afrobeats, female, popular"
dataset/Damo K ft Zlatan  Rasaqi NFG  Grind Remix.mp3,"energetic, hype, Afrobeats, male, remix, collaboration"
dataset/Runtown - Goose bumps.MP3,"upbeat,happy, afrobeat, male, dance"
dataset/Riton and oliver heldens ft vula - Turn me on.MP3,"upbeat, energetic, house, mixed, collaboration"
dataset/Jinmi Abduls - Sarafina.mp3,"romantic, soothing, Afrobeats, male, "
dataset/Beyonce and kendrick lamar - Nile.MP3,"upbeat,powerful, pop,r&b, female,male, collaboration"
dataset/Soft - Naughty.mp3,"soft, naughty, na, "
dataset/Crayon ft bella shmurda - Jackpot.MP3,"upbeat,dance, afrobeat, mixed, "
dataset/Dj-Maphorisa-Endomie-Ft-Tman-Xpress-Xduppy-Madumane-(JustNaija.com).mp3,"upbeat, afrobeats, male, collaboration"
dataset/Tekno - Mufasa.MP3,"energetic, upbeat, afrobeat, male, Nigerian artist"
dataset/Rema - Corny.mp3,"romantic, chill, Afrobeat, male, Nigerian"
dataset/Whethan & dua lipa - High.MP3,"upbeat,energetic, electronic, mixed, collaboration"
dataset/Ycee - Omo Alhaji (Remix) ft  DJ Maphorisa.mp3,"urban, energetic, Afrobeats, male, remix, featuring DJ Maphorisa"
dataset/Kabza-De-small-x-Dj-Maphorisa ft Xduppy-Makhadzi-TmanXpress - Serope.mp3,"energetic, lively, amapiano, mixed, "
dataset/Ice-Beats-Slide-Area-41-ft-Sbuda-Maleather.mp3,"energetic,upbeat, hip hop, male, collaboration"
dataset/Wavy the creator ft. ckay & efya - Stella riddim.MP3,"upbeat, smooth, Afrobeat, mixed, collaboration"
dataset/Victor AD - Tire U ft Davido.mp3,"melancholic, hopeful, Afrobeat, male, collaboration, Nigerian artists"
"dataset/Rayvanny ft dj maphorisa , dj buckz - Makulusa.MP3","energetic, afrobeat, multiple, collaboration"
dataset/Bayanni - Kala.MP3,"upbeat,happy, Afrobeats, male, Afrofusion"
dataset/Chris brown - We (warm embrace).MP3,"warm, romantic, R&B, male, embrace, love"
dataset/Olamide - Awon Goons Mi.mp3,"hype, energetic, confident, hip hop, afrobeats, male, Nigerian"
dataset/Joha (Radio Edit) Asake.mp3,"energetic, uplifting, danceable, afrobeats, male, radio edit, artist: Asake"
dataset/Phyno - Ojimo.MP3,"energetic, rhythmic, hip hop, male, Nigerian"
dataset/Tomi thomas - Again.MP3,"upbeat,happy, afrobeat, male, Nigeria, dance"
dataset/Jayslite - Golden.mp3,"happy, upbeat, pop, male, catchy"
dataset/Olamide - Baddo Love.mp3,"romantic, Afrobeat, male, Nigerian"
dataset/Zayn Malik - What I am.mp3,"laid-back, reflective, R&B, male, soulful"
"dataset/1da Banton, Bella Shmurda - Evidence.mp3","upbeat, energetic, Afrobeats, male, collaboration"
dataset/Falz x Simi - Chemistry.mp3,"romantic, soulful, Afrobeat, mixed, collaboration"
dataset/Victor_AD_Wetin_We_Gain_Naijaonpoint_com.mp3,"uplifting, Afrobeat, male, Nigerian"
dataset/Iwaata - klu klum klum.mp3,"energetic, upbeat, dancehall, male, Jamaican"
dataset/Mayorkun - Of lagos.MP3,"upbeat, energetic, Afrobeat, male, Nigerian music"
dataset/Fireboy dml - Playboy.MP3,"upbeat, afrobeat, male, Nigerian"
dataset/Ckay ft blaqbonez - Hallelujah.MP3,"uplifting, energetic, afrobeats, male, collaboration"
dataset/Ruger - Snapchat.MP3,"upbeat, energetic, Afrobeats, male, Nigerian"
dataset/Idyl ft rowlene - Satisfy.MP3,"sensual, smooth, R&B, mixed, collaboration"
dataset/Lil kesh - Yagi level.MP3,"energetic,hype, Afrobeats, male, Lil Kesh"
dataset/Davido_Ft_Morravey_-_In_The_Garden.mp3,"energetic, happy, Afrobeats, male, collaboration"
dataset/Poco lee and hotkid - Otilo.MP3,"upbeat,happy, Afrobeats, male, dance"
dataset/Ketchup ft flavor - Sweet.MP3,"upbeat,happy, Afrobeats, male, collaboration,party"
dataset/Fireboy DML Ft Ed Sheeran - Peru Remix .mp3,"upbeat, romantic, Afrobeats, Pop, male, collaboration, remix"
dataset/Adekunle gold ft odumodublvck - Wrong person.MP3,"soulful, emotional, Afrobeat, male, collaboration"
dataset/Maleek berry - Flashy.MP3,"energetic, afrobeat, male, upbeat,dance"
dataset/Crayon - Kpano.MP3,"upbeat, afrobeat, afrobeat, male, dance, party"
dataset/King joel ft. buju - Zombie.MP3,"relaxed, groovy, afrobeats, hip-hop, male, collaboration"
dataset/Kizz Daniel Never.mp3,"upbeat,happy, afrobeat, male, catchy"
dataset/Dababy ft roddy ricch - Rockstar.MP3,"energetic,hype, rap, male, collaboration"
dataset/Tonight - VASA.mp3,"upbeat, energetic, pop, electronic, mixed, party"
dataset/Young t and bugsey - Again.MP3,"energetic, upbeat, hip-hop, male, popular"
dataset/Mabel ft Kojo Funds - Finders Keepers.mp3,"upbeat, catchy, pop, R&B, female, collaboration"
dataset/sholz-Pattern-Gang-ft-ODUMODUBLVCK-Teezee-Smada.mp3,"energetic, upbeat, Afrobeats, male, collaboration"
dataset/Ycee - My side.MP3,"upbeat,happy, afropop, male, Nigerian"
dataset/4. Au revoir (Voulez vous).mp3,"upbeat,dance, pop, mixed, French"
dataset/Tumza-D-kota-Mtlakase-ft-Dinho-Kota-Embassy.mp3,"Energetic, Upbeat, Amapiano, Male, Collaboration"
dataset/Shallipopi Start.mp3,"happy, upbeat, energetic, pop, female, "
dataset/Minding My Business - Korede Bello.mp3,"upbeat,happy, Afrobeats, male, Nigerian"
"dataset/Sipho Magudulela – Dali ft. Russell Zuma, Jessica LM & Frank Mabeat.mp3","upbeat,happy, Afro pop, mixed, collaboration"
dataset/ZahZah - Miss You.mp3,"nostalgic, longing, R&B, Male, heartbreak, memories"
dataset/Megadrumz-Umoya-Ft-Murumba-Pitch.mp3,"energetic, powerful, Afro House, male, drum beats, collaboration"
dataset/Omah lay ft tay iwar - Tell everybody.MP3,"relaxed, chill, Afrobeats, male, collaboration, Nigerian music"
dataset/Tesh Carter - Monster.mp3,"energetic, hip hop, female, upbeat"
dataset/Patoranking - Amazing Grace ft  Beenie Man.mp3,"uplifting,happy, reggae, male, collaboration"
dataset/Kida kudz and sons of sonix ft teni - Money.MP3,"energetic, happy, Afrobeats, male, collaboration"
dataset/Orezi-No-Advise-Me.mp3,"energetic,happy, Afrobeat, male, upbeat"
dataset/Young thug and juice wurld - Bad boy.MP3,"energetic, rebellious, hip hop, rap, male, collaboration"
dataset/Ecool - Onome ft Dremo Zlatan & Mayorkun.mp3,"upbeat, energetic, lively, Afrobeats, male, collaboration"
dataset/Roletta - Pon it.mp3,"upbeat, energetic, dancehall, female, summer vibes"
dataset/Kida Kudz - Again (Remix) Ft Olamide.mp3,"energetic, upbeat, afrobeats, male, collaboration, remix"
dataset/Beyonce - Cuff it.MP3,"empowering, energetic, confident, hip hop, R&B, female, uptempo"
dataset/Musa keys ft loui and victony - Selema(po po) (remix).mp3.MP3,"upbeat, lively, Afrobeats, mixed, remix, collaboration"
dataset/Popcaan ft drake and partynextdoor - Twist and turn.MP3,"upbeat, groovy, dancehall, pop, male, collaboration"
dataset/Arrdee ft cat burns - Home for my heart.MP3,"upbeat, emotional, pop, mixed, collaboration, love"
dataset/Medusa (Radio Edit) Layzee Ella Ft Khaid.mp3,"upbeat, energetic, pop, mixed, collaboration"
dataset/Burna Boy Ft GZA I Told Them.mp3,"energetic, confident, Afrobeat, Hip-hop, male, collaboration"
dataset/Becky g ft burna boy - Rotate.MP3,"energetic,dance, pop,afrobeat, female,male, collaboration"
dataset/Ed sheeran ft stormzy - Shape of you.MP3,"upbeat,dance, pop, male, collaboration"
dataset/Davido ft mayorkun and sho madjozi - I got a friend.MP3,"energetic,upbeat,happy, Afrobeats, male,female, collaboration"
dataset/Crayon ft victony - Belle full.MP3,"upbeat,happy, Afrobeats, mixed, collaboration"
"dataset/Fiokee, chike & gyakie - Follow you.MP3","romantic, soothing, Afrobeat, R&B, mixed, collaboration"
dataset/Skepta ft wizkid and lay z - Glow in the dark.MP3,"energetic, upbeat, hip hop, afrobeat, male, collaboration"
dataset/Popcaan ft drake - We caa done.MP3,"energetic, upbeat, dancehall, male, collaboration"
dataset/Crayon - Wetin Go Be.mp3,"upbeat, energetic, Afrobeats, male, Nigerian"
dataset/Olamide - Confam Ni Ft  Wizkid.mp3,"energetic, upbeat, Afrobeat, male, collaboration, Nigerian music"
dataset/Laycon ft ykb - Fall for me.MP3,"romantic, love, afrobeats, male, Nigerian music"
dataset/Nissi  - Overthinking.mp3,"reflective, calm, introspective, R&B, Soul, female, chill"
dataset/Terri ft bnxn - Danger (remix).MP3,"energetic, upbeat, hip hop, mixed, remix"
dataset/DEALER-AYO MAFF X FIREBOY.mp3,"energetic, upbeat, afrobeat, male, collaboration"
dataset/Omah-Lay ft Ozuna-SOSO REMIX.mp3,"upbeat, energizing, afrobeat, reggaeton, male, collaboration"
dataset/Pray For The Crown (Radio Edit) L.A.M.B.mp3,"upbeat, energetic, pop, female, radio edit"
dataset/Jason-Aldean-Let-Your-Boys-Be-Country.mp3,"upbeat, lively, country, male, western"
dataset/SUGARBANA FT MR REAL & SMANGORI - WINNER.mp3,"energetic,happy, afrobeat, mixed, collaboration"
dataset/Orezii - Kiss Me.mp3,"romantic, happy, pop, female, love song"
dataset/Machine gun kelly - Loco.MP3,"energetic, intense, rap, hip-hop, male, Machine Gun Kelly"
dataset/Berri-Tiga-Looking.mp3,"upbeat, energetic, pop, female, catchy"
dataset/Jae5 ft bnxn and pajel - Propeller (remix).MP3,"energetic, upbeat, Afrobeat, mixed, remix"
dataset/Tekno - After party.MP3,"upbeat, party, Afrobeats, male, club, dance"
dataset/Boj ft davido and mr eazi - Abracadabra.MP3,"upbeat, groovy, Afrobeats, male, collaboration"
dataset/Patoranking - Abobi.mp3,"upbeat, energetic, dancehall, male, Nigerian"
dataset/Ycee - Don't Need Bae.mp3,"upbeat, energetic, hip hop, male, empowering"
dataset/Yingi mao - Forgive .mp3,"uplifting,hopeful, pop, female, forgiveness,peace"
dataset/Stefflon don ft lil baby - Phone down.MP3,"upbeat, energetic, hip hop, female, collaboration"
dataset/Lb - Matter.mp3,"upbeat,happy, pop, male, "
dataset/Blackface ft marcakay - Naughty  with you.MP3,"romantic, sensual, R&B, Male, "
dataset/Olamide Ft Bnxn -  Come Alive.mp3,"energetic, lively, Afrobeat, male, "
dataset/Efya ft tiwa savage - The one.MP3,"upbeat, romantic, Afrobeats, female, collaboration"
dataset/Medikal Ft Sarkodie - We Made It.mp3,"energetic, inspirational, hip hop, male, collaboration"
dataset/Valiant - Dunce Cheque.mp3,"upbeat,energetic,happy, pop, male, fun,catchy"
dataset/Spyro ft Phyno- Shutdown.mp3,"energetic, upbeat, afrobeats, male, collaboration"
dataset/Harry styles - Watermelon sugar.MP3,"summer, happy, energetic, pop, male, love, beach, refreshing"
dataset/Sarkodie ft zlatan and rexxie - Hasta la vista.MP3,"energetic, upbeat, hip hop, afrobeats, multiple, collaboration"
dataset/Skales - For You.mp3,"Upbeat,Happy, Afropop, Male, Love,Relationship"
dataset/Greyc - Ibadi.MP3,"energetic, upbeat, afrobeats, male, dance"
dataset/Party No Dey Stop.mp3,"upbeat, lively, Afrobeats, male, party, dance"
dataset/Drake - Laugh now cry later.MP3,"energetic, hopeful, hip hop, male, Drake"
dataset/Eddy-Kenzo-Practical.mp3,"upbeat,happy, afrobeat, male, dance"
dataset/Damo-K-Oghenedo-ft-Jeriq.mp3,"energetic, upbeat, Afrobeats, male, collaboration"
dataset/Moliy - Hard  Feat Moonchild Sanelly.mp3,"energetic,hype, hip hop, female, collaboration"
dataset/Johnny Drille - For you.mp3,"sentimental, romantic, Afrobeat, male, Nigerian"
dataset/Skiibii - Trenches.MP3,"energetic, upbeat, Afrobeats, male, Nigerian"
dataset/French montana ft pop smoke - Double g.MP3,"energetic, hype, rap, male, collaboration"
dataset/John legend ft saweetie - All she wanna do.MP3,"romantic, smooth, R&B, mixed, collaboration"
dataset/Lojay ft sarz and chris brown - Monalisa (remix).MP3,"upbeat, romantic, Afrobeat, R&B, male, collaboration"
dataset/Praiz - Dey with you.mp3,"romantic, soothing, R&B, male, collaboration"
dataset/Fireboy - What if i say.MP3,"melancholic, contemplative, Afrobeats, male, love, heartbreak"
dataset/Shawn mendes - If i can't have you.MP3,"upbeat, energetic, pop, male, catchy"
dataset/Dj spinall ft dice ailes - Pressuer.MP3,"energetic, upbeat, Afrobeat, male, collaboration"
dataset/Burna boy - Science.MP3,"upbeat, energetic, Afrobeat, male, Nigeria, Burna Boy"
dataset/Skales - I still Dey.mp3,"upbeat, energetic, Afrobeats, male, Nigerian"
dataset/Kizz daniel - Jaho.MP3,"upbeat,happy, Afrobeat, male, Nigerian"
dataset/Praiz - Madu.mp3,"romantic, soothing, Afrobeat, male, Nigerian"
dataset/Chiké  Spell.mp3,"soulful, emotional, Afrobeats, male, "
dataset/Skiibii - Trenches.mp3,"energetic, dynamic, afrobeat, male, Africa, dance"
dataset/Balloranking-We-Up-ft-Dyani.mp3,"energetic, positive, Afropop, male, collaboration"
dataset/Davido ft major lazer - Unavailable remix.MP3,"upbeat, afrobeat, male, remix"
dataset/Davido - Disturbance Ft  Peruzzi.mp3,"energetic, playful, afrobeat, male, collaboration"
dataset/Nav - Friends and family.MP3,"upbeat,happy, hip hop, male, Nav"
dataset/Victony - All power.MP3,"uplifting, powerful, hip hop, male, Nigerian artist"
dataset/BIG BIG TINZZZ - YOUNG JONN-FT. KIZZ DANIEL & SEYI VIBEZ.mp3,"lively, energetic, afrobeats, pop, male, collaboration"
dataset/Gyakie ft davido - Flames.MP3,"upbeat, romantic, afrobeat, female, male, collaboration"
dataset/Pheelz - Wayward girl.MP3,"upbeat, lively, Afrobeats, male, Nigerian"
dataset/Reminisce - Owo Re.mp3,"nostalgic,reflective,happy, Afrobeats, male, Nigeria"
dataset/Yemi Alade - My Man Ft  Kranium.mp3,"upbeat, romantic, Afrobeats, female, collaboration"
"dataset/Dj vetkuk vs mahoota busiswa,kwesta,sbucardo,dj em - Masambeni.MP3","energetic, upbeat, house, mixed, collaboration"
dataset/Travis scott ft young thug and m.i.a - Franchise.MP3,"energetic,hype, hip hop, male, collaboration"
dataset/Victony ft Shallipopi - Ludo.mp3,"uplifting,happy, Afrobeats, female, collaboration,duet"
dataset/Ycee - Nu Riddim.mp3,"upbeat,happy, Afrobeats, male, dance"
dataset/Confirmed-Joefes-ft-Fathermoh-and-Odi-Wa-Muranga-Confirmed-Joefes-ft-Fathermoh-and-Odi-Wa-Muranga.mp3,"energetic, upbeat, Afrobeat, male, collaboration, African"
dataset/Mr eazi ft burna boy - Miss you bad.MP3,"melancholic, longing, Afrobeat, male, collaboration, popular"
dataset/Rema - American love.MP3,"romantic,sensual,uplifting, Afrobeat, male, pop"
dataset/Let Me Be.mp3,"upbeat, happy, empowering, pop, female, feel-good"
"dataset/Lauv and anne marie - Fck, i'm lonely.MP3","lonely, Pop, Mixed, featured artists: Lauv, Anne Marie"
dataset/Minz5-Amapiano-101-Ft-The-Lowkeys-Pcee.mp3,"upbeat,dance, Amapiano, mixed, collaboration"
dataset/Skiibii - Are You Vhere.mp3,"upbeat,happy, afrobeats, male, popular"
dataset/Burna Boy - Ja Ara E.mp3,"upbeat, energetic, Afrobeat, male, Nigerian"
dataset/Bestille - Those nights.MP3,"upbeat, pop, female, nostalgic"
dataset/Wandecoal Feat. Olamide - Kpe Paso.mp3,"energetic, lively, Afrobeat, male, collaboration"
dataset/DJ Tunez - Turn Up  Ft  Wizkid & Reekado Banks.mp3,"energetic, upbeat, Afrobeats, male, collaboration, Nigerian music"
dataset/Sarkodie ft kwesi arthur - Coachella.MP3,"energetic, upbeat, hip hop, rap, male, collaboration"
"dataset/Yaw tog ft stormzy, kwesi arthur - Sore (remix).MP3","energetic, powerful, hip hop, male, remix"
dataset/Selebobo - Ova ft Tekno.mp3,"upbeat,happy, Afrobeat, Male, "
dataset/TJan - Aduke.mp3,"romantic, soothing, joyful, Afrobeat, male, "
dataset/Neru americanao - Zaranza.MP3,"energetic,happy, pop, male, "
dataset/Blaqbonez Back On BS Radio Edit Clean Version.mp3,"energetic, upbeat, hip hop, male, clean version"
dataset/Olamide - Won ma.MP3,"energetic, upbeat, Afrobeats, male, Nigerian music"
dataset/Ladipoe - Big energy.MP3,"energetic,happy, hip-hop, male, Nigerian"
dataset/Kenny_Sol_Ft_Peruzzi_-_Joli_Remix_.mp3,"upbeat,happy, Afrobeats, male, remix"
dataset/Jojobaby -Downtown.mp3,"upbeat,happy, pop, female, "
dataset/SUGARBANA FT BELLA SHMURDA AND BARRY JHAY - SHALAYE.mp3,"energetic, upbeat, afrobeats, mixed, collaboration"
dataset/Lifesize Teddy - Hypnotic.mp3,"Hypnotic, Electronic, Mixed, Pop"
dataset/Rexxie ft seyi vibez and dj 4kerty - Wallet.MP3,"energetic, upbeat, Afrobeats, male, collaboration"
dataset/Mumu.mp3,"upbeat, energetic, afrobeat, female, danceable"
dataset/Felo-Le-Tee-uDali-ft-Mellow-Sleazy-Noxolo-Ngema-Mawhoo.mp3,"upbeat,happy, amapiano, mixed, collaboration"
dataset/Patoranking - Abobi.MP3,"energetic, upbeat, dancehall, male, Nigerian music"
dataset/Guchi ft Ladipoe - Taken Over.mp3,"upbeat, energetic, Afrobeat, female, collaboration"
dataset/Zoro-Good-Life-ft-Mayorkun.mp3,"upbeat,happy, Afrobeats, male, collaboration"
dataset/TOWNBOY - Hustle 2 prodigal son.mp3,"energetic, determined, hip hop, male, urban, motivational"
dataset/Sarz - Spiritual Riddim.mp3,"energetic, uplifting, Afrobeat, male, instrumental"
dataset/Jaiye Foreing (Radio Edit) Tiwa Savage Ft Zinoleesky.mp3,"Energetic, Upbeat, Afrobeats, Female, Collaboration"
dataset/Illbliss - Bank Alert.mp3,"upbeat,happy, Afrobeat, Male, Nigerian"
dataset/Davido - Intro.MP3,"upbeat,happy, Afrobeat, male, intro"
dataset/Adekunle Gold Dont Be A Baby.mp3,"uplifting, empowering, Afrobeat, male, Nigerian artist, love song"
dataset/Yemi Alade - O Come All Ye Faithful.mp3,"joyful, festive, Christmas, gospel, female, N/A"
dataset/J-martins - Ogologo.MP3,"happy, upbeat, Afrobeat, male, party music"
dataset/Rowlene - Stop remix ft Nasty c dflamz radio .mp3,"energetic, upbeat, hip hop, female, remix, featuring Nasty C, radio edit"
dataset/Gesaffelstein ft the weekend - Lost in the fire.MP3,"sensual, dark, moody, electronic, R&B, male, collaboration"
dataset/Davido_-_For_The_Road.mp3,"upbeat,happy, Afrobeat, male, summer vibes"
dataset/Tekno - Peace of mind.MP3,"upbeat,happy,energetic, afrobeat, male, N/A"
dataset/Chike ft ric hassani - Nakupenda (sigag lauren remix).MP3,"romantic, upbeat, afrobeat, male, remix"
dataset/Second Sermon - Remix - ft-Burna-Boy dflamz radio .mp3,"energetic,dance, afrobeat, male, remix,featuring,radio"
dataset/Reminisce - Konsignment.mp3,"nostalgic, reflective, Afrobeat, Male, Nigerian"
dataset/MDU_aka_TRP_Semi_Tee_-_Ovii_ft_MaLemon_Mashudu.mp3,"energetic, upbeat, amapiano, male, collaboration, dance"
dataset/Ava max - Tom.MP3,"energetic,happy, pop, female, catchy"
dataset/Kid cudi ft eminem - The adventures of moon man and slim shady.MP3,"energetic, intense, hip hop, male, collaboration, iconic"
dataset/Closer To Christmas -  jason derulo clean.mp3,"festive, sentimental, Pop, Male, Christmas"
dataset/Amasango ft Frequency95_(Original Mix).mp3,"upbeat, House, mixed, collaboration"
dataset/T- Classic - LYFL.mp3,"upbeat,happy, afrobeat, male, youthful"
dataset/Magixx - Maria.MP3,"upbeat,happy, pop, female, love"
dataset/Timaya - Get My Money Right.mp3,"upbeat, energetic, afrobeat, male, danceable"
dataset/Sean Tizzle - PERFECT GENTLEMAN.mp3,"romantic, classy, Afrobeats, male, love song"
dataset/Show dem camp ft reminisce and mojo - Tycoon.MP3,"energetic, upbeat, Afrobeat, Hip hop, mixed, collaboration, Nigerian music"
dataset/Idowest ft phyno - Owale.MP3,"energetic, lively, Afrobeat, male, collaboration, Nigerian music"
dataset/Falz x Dice Ailes - Alakori.mp3,"upbeat, energetic, Afrobeat, male, collaboration"
dataset/Niniola - Boda sodiq.MP3,"energetic, upbeat, Afrobeat, female, Nigerian"
dataset/Yaw tog - Sei mu.MP3,"upbeat, energetic, hip hop, male, "
dataset/Dr Malinga – Siyafanelana ft. Master KG & Lowsheen.mp3,"upbeat,happy,energetic, afro house, male, collaboration, South African music"
dataset/Diamond Platnumz Ft Mr. Blue & Jay Melody - Mapoz.mp3,"energetic,happy, bongo flava, male, collaboration"
"dataset/Dj khaled ft chris brown, lil wayne and big sean - Jealous.MP3","upbeat, energetic, Hip hop, R&B, Male, collaboration, popular"
dataset/Travis scott ft drake - Sicko mode.MP3,"energetic,hype, hip hop, male, collaboration"
dataset/Nasty c - Eazy.MP3,"energetic, confident, hip hop, male, "
dataset/Ice Prince - Feel Good ft Phyno  Falz.mp3,"feel good, hip hop, male, collaboration"
dataset/Oladips-Bankuba.mp3,"energetic, lively, determined, hip hop, male, Nigerian music"
dataset/Russ ft bia - Best on earth.MP3,"sensual, romantic, R&B, Hip Hop, male, female, collaboration, catchy"
dataset/Larry Gaaga - Doe ft Davido.mp3,"upbeat, energetic, Afrobeat, male, collaboration, Nigerian"
dataset/Soundz  Faraway.mp3,"uplifting,happy, pop, male, "
dataset/Falz - Celebrity Girlfriend ft Reekado Banks.mp3,"upbeat, cheerful, Afrobeat, male, collaboration"
dataset/Jidenna ft mr eazi - Zodi.MP3,"upbeat, energetic, Afrobeat, male, collaboration"
dataset/Kach - Wanted.MP3,"energetic, hype, Afrobeats, male, Nigerian"
dataset/Timi Kei - Praising the Lord.mp3,"uplifting, joyful, gospel, male, worship"
dataset/Drake - 4pm in calabasas (care package).MP3,"reflective, nostalgic, laid-back, hip-hop, rap, male, R&B"
dataset/Fireboy DML - Timoti.mp3,"upbeat, energetic, Afrobeats, male, Nigerian"
dataset/Bloody Civilian – How To Kill A Man.mp3,"dark, intense, rock, male, violent"
dataset/Tns ft indlovukazi - My dali.MP3,"energetic, upbeat, afro house, mixed, collaboration"
dataset/Danny young - Marry you.MP3,"romantic, love, pop, male, "
dataset/Blaqbonez - Okwariji.MP3,"energetic, upbeat, hip hop, male, Nigerian rapper, Afrobeat"
dataset/Brenden Praise – Xurhisa ft. Atmos Blaq.mp3,"upbeat, energetic, soulful, house, male, collaboration, South African music"
dataset/Iyanya-On-Me-Ft-Derry-Black.mp3,"energetic, upbeat, Afrobeats, male, collaboration"
dataset/Spyro-For-You-ft-Diamond-Platnumz-Teni-Iyanya.mp3,"upbeat, romantic, Afrobeat, mixed, collaboration"
dataset/Megadrumz-Mjolo-Pandemic-ft-Mazet.mp3,"energetic,upbeat, Amapiano, mixed, collaboration"
"dataset/Phora ft g-eazy ,tory lanez - For you.MP3","romantic, emotional, hip hop, rap, male, collaboration"
dataset/Ayox-Tomorrow-Ft-Karlyteros-(JustNaija.com).mp3,"upbeat,hopeful, Afrobeat, male, collaboration"
dataset/Kiss Daniel - Good Time dflamz radio .mp3,"happy, upbeat, Afrobeat, male, radio edit, party"
dataset/LAX-Zaza.mp3,"energetic, upbeat, pop, male, "
dataset/King perry - Jigga.MP3,"energetic,upbeat, afrobeat, male, "
dataset/Skales - Ego.MP3,"upbeat,happy, afrobeats, male, Nigerian"
dataset/Kcee Ft OneRepublic - Ojapiano (Remix).mp3,"upbeat,happy, pop, male, remix, collab"
dataset/Olamide - Chokomilo.mp3,"energetic,happy, Afrobeat, male, Nigerian music"
dataset/Khalid normani - Love lies.MP3,"romantic, upbeat, pop, R&B, mixed, collaboration"
dataset/07-Uncle-Waffles-Blue-Tick-ft-DJ-Stresser-Vuyo.mp3,"upbeat,happy, hip hop, male, collaboration,featured artist"
dataset/IKECHUKWU FT MO'HITS ALL STARS - CRITICAL.mp3,"energetic,happy, Afrobeats, mixed, collaboration"
dataset/Gryfiin and slander ft calle lehmann - All you need to know.MP3,"energetic, upbeat, dance, mixed, collaboration"
dataset/Benny blanco ft juice wrld - Graduation.MP3,"upbeat, energetic, pop, male, collaboration"
dataset/Mellow ft-Sleazy-TumeloZa-LeeMcKrazy-TyroneDee-and TitoM  -Thesha.mp3,"Mellow, Hip Hop, Mixed, featuring artists: Sleazy, TumeloZa, LeeMcKrazy, TyroneDee, TitoM"
dataset/Ayra Starr Ft Seyi Vibez - Bad Vibes.mp3,"upbeat, energetic, Afrobeats, female, collaboration"
dataset/Tiwa Savage - Tales By Moonlight Ft  Amaarae.mp3,"upbeat, energetic, Afrobeats, female, collaboration"
dataset/Ty dollar $ign ft jhene aiko - By yourself.MP3,"chill, relaxed, R&B, mixed, collaboration"
dataset/Paul play and nonso amadi - Kolo.MP3,"romantic, love, Afrobeats, R&B, male, collaboration"
dataset/Real-Nox-Caina-Bells-ft-Kota-Native.mp3,"upbeat,happy, afro house, male, collaboration"
dataset/KJ-Spio-Oxlade-Undress-You-Ft-Sarkodie.mp3,"sensual, romantic, R&B, male, collaboration, African"
dataset/Cordae ft h.e.r and lil durk - Chronicles.MP3,"smooth, contemplative, hip hop, mixed, collaboration"
dataset/Lil nas x - Holiday.MP3,"festive, upbeat, pop, hip-hop, male, holiday, Lil Nas X"
dataset/Senhouse ft the afrodite - With you.MP3,"romantic, upbeat, R&B, female, collaboration, afrobeats"
dataset/Joeboy-Halle.mp3,"upbeat,happy, Afrobeats, male, danceable"
dataset/Rebecca-Winter-Bami-Soro-Ft-PsychoYP.mp3,"upbeat,happy, afrobeats, female, collaboration"
dataset/Gdzilla-No-CompetitioN.mp3,"energetic, powerful, hip-hop, male, upbeat, competitive"
dataset/Lil kesh ft joeboy - Vanilla bottega.MP3,"happy, upbeat, Afrobeats, male, collaboration"
dataset/Fireboy dml - Glory.MP3,"uplifting, energetic, afrobeat, male, Nigerian artist"
dataset/Dj twitty ft sophia town - Impilo ethekwini.MP3,"upbeat, lively, house, female, collaboration"
dataset/BLAQUE X DJ FLAMMZY - PEACHES (AMAPIANICA) Clean.mp3,"upbeat, energetic, Amapiano, mixed, "
dataset/Vector ft m.i abaga and pheelz - Crown of clay.MP3,"energetic,powerful, hip hop, male, collaboration"
dataset/Burna boy - Normal.MP3,"upbeat, energetic, Afrobeat, male, Nigeria, Burna Boy"
dataset/T-Classic_-_Jimmy_Choo.mp3,"upbeat,dance, afrobeats, male, n/a"
dataset/Ice-Prince Ft Runnjozzy Yaadman-L  - Lord Save Me.mp3,"upbeat, energetic, hip hop, male, collaboration, featured artist, prayer"
dataset/Ayox_-_Comfort_Zone.mp3,"chill,relaxing,uplifting, electronic, male, vocal"
dataset/Reminisce - Ogaranya ft Fireboy DML.mp3,"upbeat,happy, Afrobeats, male, collaboration"
dataset/Falz - Mercy.mp3,"uplifting,happy, Afrobeat, male, Nigerian"
dataset/Adekunle-Gold-Tio-Baby.mp3,"romantic, happy, afrobeat, male, Nigerian music"
dataset/05-Tommy-Flavour-Kidogo.mp3,"upbeat,happy, afro-pop, male, Tanzanian music"
dataset/Mr eazi ft dj tarico and joey b - Patek.MP3,"upbeat, energetic, afrobeat, mixed, collaboration"
dataset/Pop smoke ft lil baby and dababy - For the night.MP3,"energetic, hype, hip-hop, rap, male, collaboration"
"dataset/Dj khaled ft nas, jay z, james fauntleroy, h by h - Sorry not sorry.MP3","confident, unapologetic, hip hop, rap, male, collaboration"
dataset/SHATTA WALE - JJC.mp3,"energetic, upbeat, Afrobeats, male, danceable"
dataset/Post malone - Reputation.MP3,"energetic,hype, hip hop, male, "
"dataset/DJ Stokie - Awukhuzeki (Visualizer) ft. Ommit, Sobzeen, Zee_nhle.mp3","energetic, upbeat, Amapiano, mixed, visualizer"
"dataset/Diamond Platnumz - IYO (feat. Focalistic, Mapara A Jazz & Ntosh Gazi) (NetNaija.com) - Copy.mp3","energetic, danceable, Afrobeat, Amapiano, male, collaboration, popular"
dataset/Paul rayven - Fine wine.MP3,"romantic, chill, R&B, male, soulful"
dataset/The chainsmokers ft 5sos - Who do you love.MP3,"upbeat, energetic, pop, electronic, mixed, collaboration, popular"
dataset/Darkovibes - Different.MP3,"dark, Afrobeats, male, upbeat"
dataset/Balloranking-Aje-Ft-LAX.mp3,"upbeat, energetic, lively, afrobeat, dancehall, male, collaboration"
dataset/Wstrn - Night and day.MP3,"upbeat,energetic, R&B, mixed, urban"
dataset/DAMMY-KRANE-OWE-B-OWE.mp3,"upbeat,happy, Afrobeats, male, "
dataset/Asake-What-s-Up-My-G (radio clean).mp3,"upbeat, energetic, Afrobeats, male, radio clean"
dataset/Runtown ft nasty c - No permission.MP3,"energetic, powerful, Afrobeat, male, collaboration"
dataset/Jole ( Radio Edit) Luddy Dave Ft Frankie Maston & G Nako.mp3,"upbeat, lively, pop, mixed, collaboration, radio edit"
dataset/Endofoldie-ft-Nkosazana-Daughter-Mthunzi-Udlala-Ngami-OD-Remix.mp3,"upbeat, energetic, groovy, afro-pop, mixed, collaboration, remix"
dataset/Dj-Seven-Worldwide ft Harmonize-Say-Yes.mp3,"upbeat, romantic, Afrobeat, Male, collaboration, love song"
dataset/Ykb - San siro.MP3,"upbeat,happy, afrobeat, male, "
dataset/Ice Prince - Want it All ft Krept & Konan.mp3,"energetic, confident, hip hop, male, collaboration"
dataset/DJ_Stokie_feat_Kabza_De_Small_Masterpiece_Madumane_-_Superman_72069063.mp3,"energetic, upbeat, Amapiano, male, collaboration"
dataset/Jidenna ft seun kuti - Worth the weight.MP3,"upbeat, afrobeat, male, collaboration"
dataset/Blackah - Fatima.MP3,"upbeat, energetic, afrobeat, male, n/a"
dataset/Kamo_ww & Nvcho - Abafana (feat. Xduppy & QuayR Musiq).mp3,"upbeat, energetic, afrohouse, mixed, collaboration"
dataset/Bloody Samaritan  Ayra Starr  Cover by Loud  Amapiano Remix.mp3,"energetic, upbeat, Amapiano, female, cover, remix"
dataset/Felo-Le-Tee-Vuma-ft-Mellow-Sleazy.mp3,"energetic,happy, amapiano, mixed, collaboration"
dataset/Wizkid - Mighty wine.MP3,"upbeat, groovy, afrobeat, male, Nigeria, dance"
dataset/Dookie - You & Me ft  Marvis.mp3,"upbeat,happy, pop, mixed, collaboration,duet,featured artist"
dataset/Burna Boy - Jagele.mp3,"upbeat, energetic, lively, Afrobeat, male, dance"
dataset/Carter Efe Ft Ceeza Milli Ikebe Super Radio Edit Clean Version.mp3,"energetic, upbeat, afrobeats, male, collaboration"
dataset/Tion wayne - Wow.MP3,"energetic, upbeat, hype, rap, male, club banger"
dataset/Promise Land .mp3,"hopeful, uplifting, pop, female, love, relationships"
dataset/Phyno ft tekno - Full current.MP3,"energetic, upbeat, Afrobeats, male, collaboration, Nigerian music"
dataset/01-Tommy-Flavour-Jah-Jah-ft-Alikiba.mp3,"upbeat,happy, bongo flava, male, collaboration"
dataset/Joyner Lucas ft Nefertitti Avani - Not Now i'm Busy.mp3,"upbeat, energetic, hip hop, mixed, collaboration"
dataset/Element EleéeH - FOU DE TOi Feat Ross Kana Bruce Melodie.mp3,"upbeat,happy, afrobeat, mixed, collaboration"
dataset/Major Lazer & Major League Djz - Designer (feat. Joeboy).mp3,"upbeat,happy, afrobeat, male, collaboration"
dataset/Cher lloyd - None of my business.MP3,"energetic,sassy, pop, female, empowering"
dataset/Deshinor - Pemi.MP3,"upbeat,happy, afrobeat, male, Nigerian"
dataset/James arthur - Empty space.MP3,"melancholic, emotional, pop, male, "
dataset/Runtown_-_Things_I_Know.mp3,"upbeat, energetic, Afrobeats, male, catchy"
dataset/Chelsea collins - Wish u hell.MP3,"empowering, confident, pop, female, sassy"
dataset/Tim Lyre - Spanish Lime Remix ft. Suté Iwar.mp3,"upbeat, groovy, Afrobeat, Afrofusion, Male, collaboration"
dataset/Shalate-Stay-Mine.mp3,"upbeat,romantic, pop, female, love"
"dataset/Dwin, The Stoic X Rhaffy - Allez.mp3","upbeat,happy, afrobeat, mixed, collaboration"
dataset/Dereal-Bonile-Deadly-Mission-ft-DrummeRTee924-S-N-Projects.mp3,"energetic, intense, hip hop, mixed, collaboration"
dataset/Sarkodie Ft BNXN Better Days.mp3,"uplifting,hopeful, hip hop, male, collaboration"
"dataset/Euphonik ft dj tira,naakmusiq , bekzin terris - Ama bhoza.MP3","energetic, upbeat, house, male, collaboration"
dataset/Zlatan - My Body ft Olamide.mp3,"energetic, upbeat, afrobeats, male, collaboration, Nigerian music"
dataset/Gyakie - Something.MP3,"romantic,soulful, Afropop, female, love song"
dataset/Simmy ft sun-el musician - Ubala.MP3,"upbeat, happy, afrohouse, female, collaboration, South African music"
dataset/KENAH - SUMMER BREEZE.mp3,"upbeat,happy,relaxing, pop, female, "
dataset/Zoro - Church.MP3,"energetic, powerful, hip hop, male, Nigerian"
dataset/Dj tunez ft oxlade - Causing trouble.MP3,"upbeat, Afrobeats, male, collaboration"
dataset/JZyNo-Eyes-On-You-ft-Camidoh.mp3,"romantic, Afrobeats, male, collaboration"
dataset/Tumelo-Za-Piano-High-School-ft-Uncle-Waffles-Sir-Trill-DJ-Maphorisa-Pabi-Cooper-Young-Stunn.mp3,"energetic,happy, amapiano, mixed, collaboration,upbeat"
dataset/Mario - Let me love you.MP3,"romantic, R&B, male, love"
dataset/Dremo ft. kida kudz & patoranking - Wonder.MP3,"upbeat, energetic, Afrobeats, male, collaboration"
dataset/Arrdee - Come & go.MP3,"upbeat, energetic, rap, male, British"
dataset/Rema - Holiday.MP3,"upbeat,happy, afrobeats, male, Nigeria"
dataset/Adekunle-Gold-Kere.mp3,"upbeat,happy, Afrobeat, male, Nigerian"
"dataset/De Mthuda, Da Muziqal Chef & Eemoh – Sgudi Snyc ft. Sipho Magudulela.mp3","upbeat, energetic, Amapiano, male, collaboration, South African music"
dataset/John Dust - Free.mp3,"energetic, uplifting, inspiring, pop, male, catchy"
dataset/Ice-Beats-Slide-Sbuda-Maleather-ft-2Kultured-DJHarvey-Smehlane.mp3,"energetic, upbeat, hip hop, male, collaboration, DJ mix"
"dataset/Ejoya , naya akanji & tsuni - Faji.MP3","energetic,happy, Afrobeats, mixed, "
dataset/Stainless - Fiona.MP3,"upbeat,happy, pop, female, "
dataset/Tekno - Yur Luv.mp3,"upbeat,happy, Afrobeat, male, Nigerian"
dataset/Kryptian - Not letting go.MP3,"energetic, uplifting, pop, male, catchy"
dataset/Masterkraft_-_Tease_Me.mp3,"laid-back, groove, Afrobeats, male, upbeat"
dataset/Orezi-Colombiana.mp3,"upbeat,dance, afrobeat, male, Nigeria"
dataset/Saint jhn - Gorgeous.MP3,"upbeat, energetic, R&B, Hip-Hop, Male, catchy"
dataset/Johnny drille ft. styl-plus - Odo.MP3,"romantic, soulful, Afrobeat, male, feat. Styl-Plus"
dataset/Lady dunli ft darkovibes - Wonda wonda.MP3,"upbeat,happy, afrobeats, female, collaboration"
dataset/Wande coal - Ever blazin.MP3,"upbeat, energetic, Afrobeat, male, Wande Coal"
dataset/Mz Kiss - Girlie.mp3,"upbeat, energetic, Afrobeats, female, Nigerian"
dataset/Abigail-Chams-Falling-in-Love-(JustNaija.com).mp3,"romantic, R&B, female, Nigerian music"
dataset/P-Square_-_Find_Somebody.mp3,"upbeat,happy, Afrobeats, male, "
dataset/Rema - Hov.MP3,"energetic,happy, afrobeats, male, Nigerian"
dataset/Burna boy - Innocent man.MP3,"uplifting, energetic, afrobeat, male, Nigeria, Burna Boy"
dataset/Reminisce - Hustle Ft  Bnxn & D Smoke.mp3,"upbeat, energetic, hip-hop, mixed, collaboration"
dataset/Magixx - Colors.MP3,"upbeat, energetic, happy, pop, female, catchy"
dataset/SMANGORI FT NINIOLA & VISTA -Kushubile 2.0.mp3,"upbeat, energetic, afrobeat, mixed, "
dataset/Loatinover Pounds – Sosh Plata (Boity Remix).mp3,"Energetic, Upbeat, Hip Hop, Female, Remix"
dataset/Kizz daniel - Eh god (barnabas).MP3,"upbeat,happy, Afrobeats, male, Nigerian"
dataset/Melii ft 6lack - You ain't worth it.MP3,"sultry, emotional, R&B, female, collaboration, contemporary"
dataset/Idahams_-_Kpofire.mp3,"energetic, upbeat, afrobeats, male, Nigerian music"
dataset/Olamide -  Doom.mp3,"energetic, upbeat, Afrobeats, male, Nigerian, hip hop"
dataset/Killer kau ft mbali - Tholukuthi hey.MP3,"upbeat, energetic, Amapiano, male, female, collaboration"
dataset/Young Jonn - Sharpally.mp3,"energetic, upbeat, afrobeats, male, danceable"
dataset/DJ_Melzi_-_uVele_ft_Mzu_M_Mkeyz_Da_Ish.mp3,"upbeat, energetic, amapiano, mixed, collaboration"
dataset/Aguero-Banks-Still-Sober-ft-Phyno.mp3,"energetic, upbeat, hip hop, mixed, collaboration"
dataset/T-Man-SA-Baba-Wethu-Ft-MAC-G-Jessica-LM-MFR-Souls-Tee-Jay.mp3,"upbeat, energetic, Amapiano, mixed, collaboration"
dataset/Ray blk ft. kaash paige - Mia.MP3,"soulful, chill, R&B, female, collaboration"
dataset/Ceasorous - Nice And Good.mp3,"upbeat,happy,positive, pop, female, catchy"
dataset/Simmy - Umahlalela.MP3,"uplifting, energetic, afro house, female, "
dataset/Skiibii_Ft_Don_Jazzy_-_Open_Bareta.mp3,"upbeat, energetic, Afrobeat, male, collaboration, danceable"
dataset/Aitch ft ziezie - Buss down.MP3,"energetic, upbeat, rap, male, collaboration"
dataset/Ananya birla ft l.a.x - Caught up.MP3,"upbeat,happy, pop, female, collaboration,catchy"
dataset/Teni - Uyo Meyo (DJ Bobbi Remix).mp3,"uplifting, energetic, celebratory, afrobeat, remix, female, party, dance"
dataset/Armağan Oruç & Furkan Korkmaz - Big Girl.mp3,"energetic, upbeat, pop, mixed, collaboration"
dataset/Megan thee stallion - Circles.MP3,"empowering, confident, rap, female, "
dataset/Ajebutter22 - Sunmoju.mp3,"upbeat,happy, Afrobeats, male, Nigerian"
dataset/Lifesize Teddy  - Butterflies.mp3,"upbeat,happy, pop, mixed, catchy"
dataset/Mabel - OK (Anxiety Anthem).mp3,"empowering, positive, pop, female, anthem, motivational"
dataset/Mina-Bounce-Shandisi-ft-Dee-Traits-Omagoqa.mp3,"energetic, upbeat, gqom, female, collaboration, dance"
dataset/Zuchu-Honey.mp3,"romantic, soothing, bongo flava, female, Zuchu"
dataset/Camidoh ft stonebwoy - Brown skin.MP3,"romantic, happy, afrobeat, male, collaboration, popular"
dataset/Romi - Lesotho.mp3,"uplifting, happy, energetic, pop, female, upbeat"
dataset/LIBIANCA FT AYRA STARR x OMAHLAY- PEOPLE REMIX.mp3,"uplifting,happy,energetic, afrobeats, mixed, collaboration"
dataset/Tee y mix ft moelogo and oxlade - Closer.MP3,"upbeat, romantic, Afrobeats, male, collaboration"
dataset/Vybz Kartel ft Sikka Rymes - Like Im Superman (Clean).mp3,"energetic, powerful, dancehall, male, collaboration, clean"
dataset/Legendary styles ft falz - I see i saw.MP3,"upbeat, afrobeat, male, collaboration"
dataset/Fireboy dml - Sound.MP3,"upbeat, energetic, afrobeat, male, Nigerian"
dataset/Louisa johnson ft 2chainz - Yes.MP3,"energetic,happy, pop, female, feat. 2 Chainz"
"dataset/Nonso Amadi - Foreigner (Remix  Audio) ft. Chase Shakur, Projexx.mp3","chill, sultry, R&B, male, remix, featuring Chase Shakur, Projexx"
dataset/Reminisce - Daddy Ft  Davido.mp3,"nostalgic, upbeat, Afrobeat, male, collaboration, Nigerian music"
dataset/Tj ft illbliss - Eleukwu.mp3,"energetic,hype, afrobeat, male, collaboration"
dataset/Yimeeka - Iro.mp3,"upbeat,happy, afrobeats, female, dance"
dataset/Khaid - Fire.MP3,"energetic, powerful, EDM, male, "
dataset/Korede Bello - One And Only.mp3,"romantic, love, Afropop, male, Nigerian"
dataset/Ugoccie-g-M.mp3,"upbeat,happy, Afrobeats, female, Nigerian"
dataset/Magic System x Yemi Alade x Mohamed Ramadhan - Akwaba .mp3,"upbeat, joyful, energetic, Afrobeats, Dance, mixed, collaboration"
dataset/Takeoff - Last memory.MP3,"melancholic, hip hop, male, "
dataset/TI-BLAZE-Motivate.mp3,"Motivational, Energetic, Hip-Hop, Male, Upbeat, Inspiring"
dataset/Sarz - Beat of Life ft Wizkid.mp3,"upbeat, energetic, afrobeat, male, collaboration"
dataset/Chronixx - Skankin sweet.MP3,"chill, relaxed, happy, reggae, male, uplifting"
dataset/Jay-Melody-Mbali-Nawe.mp3,"happy, upbeat, afro-pop, male, collaboration"
dataset/Blackmagic ft bigbad - Ego.MP3,"upbeat, afrobeat, male, collaboration"
dataset/Mr leo ft flavour - Jamais jamais rmx.MP3,"upbeat, energetic, Afrobeat, male, collaboration, remix, featured artist"
dataset/Criz shane - Slow down.MP3,"chill,relaxed, pop, male, "
dataset/Jhus - Its crazy.MP3,"energetic,happy, afrobeat, male, explicit lyrics"
dataset/PRAIZ-Mission-.mp3,"inspirational, motivational, gospel, male, spiritual"
dataset/De-Mogul-SA-Umdeni-ft-Boontle-RSA.mp3,"upbeat,happy, afro-house, mixed, South African"
dataset/J hus ft burna boy - Play play.MP3,"groovy, upbeat, Afrobeats, male, collaboration, international"
dataset/Burna boy ft wizkid - B d'or.MP3,"upbeat, energetic, Afrobeat, male, collaboration"
dataset/Tiwa savage ft davido - Park well.MP3,"romantic, upbeat, Afrobeats, female, male, collaboration"
dataset/Ruger-Blue.mp3,"energetic, upbeat, Afrobeats, male, Nigerian"
dataset/Robinson & jason derulo ft rema - Ayo girl ( fayahh beat).MP3,"happy, energetic, pop, afrobeat, mixed, collaboration, upbeat"
dataset/Odumeje-Powers-ft-Flavour.mp3,"energetic, powerful, Afrobeat, male, collaboration"
dataset/Jay-Sax-MAKOTI-ft-Khalil-Harrison-Cooper-Sa-(JustNaija.com).mp3,"upbeat,happy, Afrobeat, male, collaboration"
dataset/Skales ft harmonize - Oyoyo.MP3,"upbeat,happy, Afrobeats, male, collaboration"
dataset/11 Come Closer (feat. Makhadzi & Master Kg).mp3,"energetic, upbeat, afro-house, mixed, collaboration, featuring Makhadzi & Master KG"
dataset/Otega Ft Jaido P  -  Damn IT.mp3,"energetic, hype, hip hop, male, collaboration"
dataset/Larry Gaaga - Tene ft Chike.mp3,"heartfelt, soothing, Afrobeat, male, collaboration"
dataset/Lifesize-Teddy-BBA.mp3,"upbeat,happy, pop, female, catchy"
dataset/Ciara ft tekno - Freak me.MP3,"sensual, energetic, Afrobeats, R&B, female, collaboration"
dataset/Lady Gaga  Ariana Grande  Rain On Me Radio Disney Version.mp3,"upbeat, pop, female, collaboration"
dataset/Konke-Kufeziwe-ft-Musa-Keys-Chley-Toby-Franco.mp3,"uplifting,happy, afro-house, mixed, collaboration"
dataset/Burna Boy - Wettin Dey Sup.mp3,"energetic,happy, Afrobeat, male, Nigerian"
dataset/Migos ft drake - Walk it talk it.MP3,"upbeat, energetic, hip hop, male, collaboration, popular"
dataset/Young paris ft olamide - Juicy.MP3,"energetic, happy, Afrobeats, male, collaboration"
dataset/Johnny drille - How are you (my friend.MP3,"soothing, reflective, pop, male, acoustic"
dataset/Joeboy ft ckay - Wetin be love.MP3,"romantic, afrobeat, male, collaboration"
dataset/Victony - Apollo.MP3,"uplifting,hopeful, hip hop, female, Nigerian artist"
dataset/Ayra Starr 21.mp3,"upbeat, energetic, Afropop, female, Nigerian"
dataset/Ke Star (feat. Virgo Deep) - Remix.mp3,"upbeat, energetic, Amapiano, male, remix, featuring Virgo Deep"
dataset/Avicii - Heaven.MP3,"uplifting,hopeful, EDM, male, collaboration,posthumous"
dataset/Magixx X Jeriq Vibration.mp3,"energetic, upbeat, lively, afrobeat, hip hop, male, collaboration"
dataset/Mdu-aka-trp-Man-Struggle-ft-Nkulee501-Skroef28-(JustNaija.com).mp3,"energetic, motivational, struggle, amapiano, male, collaboration, South African music"
dataset/Tjan - Sotey ft Mayorkun.mp3,"romantic, upbeat, Afrobeat, mixed, collaboration"
"dataset/Kizz Daniel, EMPIRE - Cough.mp3","upbeat,happy, Afrobeats, male, collaboration"
"dataset/Prince kaybee ft indlovukazi , supta, afro brother - Gugulethu.MP3","upbeat, energetic, house, afro house, mixed, collaboration"
"dataset/Goldlink ft bibi bourelly,  maleek berry - Zulu screams.MP3","energetic, powerful, hip hop, afrobeat, mixed, collaboration"
dataset/Burna boy ft wizkid - Jahs love is true.MP3,"upbeat, romantic, afrobeats, male, collaboration"
dataset/Joeboy ft oxlade - Woman.MP3,"upbeat, energetic, Afrobeats, male, collaboration"
dataset/King Perryy - Paulina Ft Phyno.mp3,"energetic, upbeat, afrobeat, male, collaboration, Nigerian music"
dataset/Anitta - Mil Veces.mp3,"upbeat,sensual, reggaeton, female, Latin"
dataset/Dai Verse - Salt .mp3,"upbeat, energetic, hip-hop, male, collaboration"
dataset/The weeknd ft suzanna son - Family.MP3,"sad, emotional, R&B, male, collaboration"
dataset/Eddy-Kenzo-Gulawo.mp3,"upbeat,happy, Afrobeat, male, dance"
dataset/Jaywillz - Baby.MP3,"romantic,soulful, Afrobeat, male, Nigerian"
dataset/J cole - Photograph.MP3,"melancholy, reflective, hip hop, male, introspective, storytelling"
dataset/The Hate (Radio Edit) MI Abaga.mp3,"anger, dislike, Hip Hop, Male, explicit"
"dataset/Snakehips, jess glynne ft different artists - Lie for you.MP3","romantic, upbeat, pop, mixed, featured artists"
dataset/Ycee ft. patoranking - Aunty lovina.MP3,"energetic, upbeat, afrobeat, mixed, collaboration, Nigerian music"
dataset/Lil Frosh On The Low.mp3,"hype, afrobeats, male, Nigerian music"
dataset/Ayra starr - Bloody samaritan.MP3,"energetic, powerful, Afrobeats, female, upbeat, catchy"
dataset/French montana ft gunna - Suicide doors.MP3,"energetic, Hip Hop, male, collaboration"
dataset/Soundz  Pressure.mp3,"energetic,uplifting, pop, male, catchy"
dataset/Joeboy ft BNXN fka Buju & Odumodu Blvck  - Normally.mp3,"upbeat, energetic, Afrobeats, male, collaboration, Nigerian music"
dataset/Terry apala ft zoro - Bread ati ewa.MP3,"upbeat, lively, Afrobeat, male, collaboration"
"dataset/DJ Malefactor - Light Work ft. Pdot O, Landmarque, Mpk, Jimmy Wiz, N'veigh & Abstrakt.mp3","upbeat, energetic, Hip Hop, Male, collaboration, rap"
dataset/Master kg ft nomcebo - Jerusalem.MP3,"upbeat, energetic, afro house, mixed, popular, dance"
dataset/Chris Brown - Hmmm  ft. Davido.mp3,"upbeat, energetic, R&B, Afrobeat, male, collaboration"
dataset/Bola Moses - Luv.mp3,"romantic, happy, soul, R&B, male, love song"
dataset/D'banj and 2baba - Baecation.MP3,"happy, romantic, afrobeat, male, collaboration, Nigerian artists"
dataset/Maestro-Dj-Brown-Ole-ft-Peruzzi-Bahdboy-Ife.mp3,"upbeat, romantic, Afrobeats, male, collaboration"
dataset/Omawumi - Forever ft Wax Dey.mp3,"upbeat, love, Afrobeat, female, collaboration"
dataset/Ayra-Starr - Lagos Love Story.mp3,"melancholic, nostalgic, Afrobeats, female, Nigeria"
dataset/DJ Spinall - Olowo ft Wande Coal  Davido.mp3,"energetic, upbeat, Afrobeats, male, collaboration"
dataset/Johnny Drille - Romeo & Juliet (Sigag Remx).mp3,"romantic,sad, Afropop, male, remix,cover"
dataset/Nogie-Jaywillz-All-Tu-You-(JustNaija.com).mp3,"upbeat, romantic, Afrobeats, male, Nigerian music"
dataset/G2 amani - Balance (cover).MP3,"calm, balanced, cover, female, "
dataset/Da Capo - Molili (feat. Nana Attah & Lokua Kanza).mp3,"uplifting, melodic, rhythmic, Afrobeat, Soul, mixed, featured artists, fusion"
dataset/COBHAMS - BREATHE.mp3,"Relaxing, Inspiring, Afrobeat, Male, Piano"
dataset/Jerry shaffer ft bad boy timz and bella shmurda - Vibration.MP3,"energetic, upbeat, Afrobeats, mixed, collaboration, Nigerian music"
dataset/Davido ft popcaan - Risky.MP3,"upbeat, energetic, Afrobeats, male, collaboration, dancehall"
dataset/Kotrell - Love You tomorrow.mp3,"romantic, R&B, male, love"
"dataset/SmallSinger, small doctor - Jijo Poco RMX.mp3","upbeat, energetic, afrobeat, fuji, male, remix"
dataset/Mr-Msolo-Nkulunkulu-ft-Pcee.mp3,"upbeat, energetic, afrobeat, male, collaboration"
dataset/Robin schulz ft erika sirola - Speachless.MP3,"upbeat, lively, energetic, dance, electronic, mixed, collaboration, popular"
dataset/Kcee-Ojaginger.mp3,"happy, upbeat, Afropop, male, energetic"
dataset/Goya Menor Letter.mp3,"upbeat, energetic, pop, male, catchy"
dataset/Xxxtentacion - Sad.MP3,"sad, hip-hop, male, "
dataset/DJ Neptune - Bumpa ft Falz  Ycee.mp3,"energetic, upbeat, Afrobeat, mixed, collaboration"
dataset/Kwiish-SA-Bahlukile-Ft-Nokwazi-Alie-Keyz-Mo-T-(JustNaija.com).mp3,"upbeat,happy, afro-house, mixed, collaboration"
dataset/Post malone ft meek mill and lil baby - On the road.MP3,"energetic, upbeat, hip hop, male, collaboration"
dataset/Naira Marley - Giddem.mp3,"energetic, upbeat, Afrobeats, male, Nigerian"
dataset/Berri-Tiga-Bamiloke.mp3,"upbeat, energetic, Afrobeats, male, dance, party"
dataset/Crayon - Adey.MP3,"upbeat,happy, Afrobeat, male, Nigerian"
dataset/Kcee ft timaya - Erima.MP3,"energetic,happy, Afrobeats, male, collaboration"
dataset/Spyro-Who-Is-Your-Guy.mp3,"upbeat, fun, pop, male, video game music"
dataset/Rema - Dumebi (Extended Intro).mp3,"upbeat,happy,energetic, afrobeat, male, Nigerian,fast tempo"
dataset/Diamond Jimma - Trench Anthem.mp3,"upbeat, energetic, powerful, Afrobeats, male, "
dataset/Money - Jaido P.mp3,"energetic,hype, hip hop, male, "
dataset/Ice prince ft jesse jagz - Control number.MP3,"energetic, upbeat, hip hop, male, collaboration"
dataset/Olamide Ft Ckay Trumpet.mp3,"Energetic, Upbeat, Afrobeats, Male, Collaboration"
dataset/Fireboy dml - Change.MP3,"soulful, Afrobeats, male, upbeat, R&B"
dataset/Wizkid - Mood Ft Buju.mp3,"upbeat, groovy, chill, afrobeats, male, collaboration, Nigerian artists"
dataset/Ladipoe ft rema - Afro jigga.MP3,"upbeat, energetic, Afrobeat, male, collaboration"
dataset/Bnxn - Kilometer (Remix) ft & Zinoleesky.mp3,"upbeat, energetic, Afrobeats, male, collaboration, remix"
dataset/Denike - Ejika.MP3,"upbeat,happy, Afrobeats, female, Nigerian"
dataset/Praiz - Body Hot (Remix) Ft  Wizkid.mp3,"upbeat,sensual, Afrobeat, male, remix,featured artist:Wizkid"
dataset/Dababy - Vibez.MP3,"upbeat, energetic, rap, male, catchy, hip-hop"
dataset/Nicky romero and david gueta - Ring the alarm.MP3,"energetic, exciting, dance, electronic, male, collaboration"
dataset/Kolaboy-Kolapiano-Vol-2-Isakaba.mp3,"energetic,happy, Afrobeats, male, Isakaba"
dataset/Sir ft kendrick lamar - Hair down.MP3,"chill, relaxed, hip hop, R&B, male, collaboration"
dataset/Tiwa savage ft hamzaa - Pakalamisi.MP3,"upbeat,wistful, Afrobeats, female, collaboration"
dataset/BOY SPYCE FT KING PROMISE & DON JAZZY - LOSE CONTROL.mp3,"upbeat, energetic, Afrobeats, male, collaboration, dance"
dataset/Seyi Vibez Go Low.mp3,"energetic, upbeat, afrobeats, male, Nigerian"
dataset/King-Perryy-Beast-Of-Our-Nation-Ft-Wizard-Chan-Tuzi.mp3,"energetic, powerful, Afrobeat, male, collaboration"
dataset/Falz - Sweetest boy.MP3,"upbeat, happy, catchy, Afrobeats, male, Nigerian"
dataset/Post malone ft dababy - Enemies.MP3,"energetic, aggressive, hip hop, male, collaboration"
dataset/Soundz  Buga.mp3,"upbeat, energetic, dance, male, catchy"
dataset/Don toliver ft. travis scott - Flocky flocky.MP3,"energetic,upbeat, hip hop, male, collaboration"
dataset/Cuppy-Litty-Lit-ft.-Teni.mp3,"upbeat, energetic, Afrobeats, female, collaboration"
dataset/Beyonce ft kendrick lamar - America has a problem.MP3,"empowering, impactful, hip hop, R&B, female, collaboration, social commentary"
"dataset/Brainee ft dj spinall, zlatan ibile and chinko eku - Gbese (remix).MP3","energetic, upbeat, dance, Afrobeats, Afro-pop, Male, collaboration, remix"
dataset/B-red ft yemi alade - Lady.MP3,"upbeat, energetic, afrobeats, male, female, collaboration"
"dataset/Vibez Inc Ft Seyi-Vibez ,Tion Wayne - Ogo.mp3","upbeat, energetic, Afrobeats, Hip Hop, male, collaboration, Nigerian artists"
dataset/Snapchat Vs Facebook ( Radio Edit) L A M B Ft Chike.mp3,"upbeat, energetic, pop, mixed, duet, social media"
dataset/Asake - Don't Hype Me.mp3,"energetic,happy, Afrobeats, male, "
dataset/Zinoleesky-Element.mp3,"energetic, upbeat, Afrobeats, male, Nigerian music"
dataset/Taylor swift - The man.MP3,"empowering, bold, pop, female, patriarchy, gender equality"
dataset/Yo-Maps-Try-Again-Ft-Abel-Chungu-Musuka.mp3,"upbeat,hopeful, Afrobeat, male, collaboration"
dataset/Ay.com ft peruzzi - Pass me ur love.MP3,"romantic, upbeat, Afrobeat, male, collaboration"
dataset/Masterkraft-Today-Oringo-ft-Ugocci.mp3,"upbeat,dance, Afrobeat, male, Nigerian"
dataset/Popcaan ft burna boy - Aboboyaa.MP3,"upbeat, energetic, dancehall, male, collaboration"
dataset/Davido - Heaven.MP3,"upbeat,happy, afrobeats, male, "
dataset/Caltonic_SA_-_298-RehabMp3.Com.mp3,"upbeat, Amapiano, male, instrumental"
dataset/Davido ft lil baby - So crazy.MP3,"upbeat, energetic, afrobeat, hip hop, male, collaboration"
dataset/Young jonn - Sharpally (official audio).MP3,"energetic,upbeat, afrobeats, male, official,audio"
dataset/DJ-Stokie-Makuvela-ilanga-Ft-DJ-Nnana-Sobzeen-Boohle.mp3,"upbeat,happy, Amapiano, mixed, collaboration"
dataset/Shady blue - Better without you.MP3,"sad, pop, female, breakup"
dataset/Bad boy timz - Big money .mp3.MP3,"energetic,hype, Afrobeat, male, Nigeria"
dataset/Mapara-A-Jazz-Wae-Roba-Ft-Pumpkin.mp3,"upbeat, Amapiano, mixed, collaboration"
dataset/Jahshii - Born Fighter.mp3,"upbeat, energetic, determined, hip hop, male, empowering, motivational"
dataset/Genesis-99-HAIBO-Ft-Zan-ten-Mr-JazziQ-Sizwe-Alakine-Dinky-kunene-Pushkin-RSA-Seekay.mp3,"upbeat,dance, Amapiano, mixed, "
dataset/Davido Godfather.mp3,"upbeat,happy, Afrobeats, male, Nigerian music"
dataset/Tiwa Savage - Ma Lo Ft  Spellz & Wizkid.mp3,"energetic,sensual, Afrobeats, female, collaboration,upbeat"
dataset/Protoje ft koffee - Switch it up.MP3,"energetic, upbeat, Reggae, Dancehall, Male, Female, collaboration"
dataset/Blueface ft cardi b - Thotiana remix.MP3,"energetic,hype, hip hop, mixed, remix,featured artist"
dataset/11-Daliwonga-Mratata-Ft-Leemckrazy-(JustNaija.com).mp3,"upbeat,happy, amapiano, male, collaboration"
dataset/Post malone ft roddy rich - Cooped up.MP3,"chill, relaxed, hip hop, rap, male, collaboration"
dataset/Frenzy-Bouy-XXL-Bass-Ft-Mellow-Sleazy-Myztro.mp3,"energetic, intense, hip hop, male, "
dataset/Yung6ix - Let Me Know Ft Davido.mp3,"upbeat, energetic, Afrobeats, Hip Hop, male, collaboration"
"dataset/Russ millions ft tion wayne, aitch, swarmz, savo - Keisha and becky (remix).MP3","upbeat, energetic, rap, male, collaboration, remix"
dataset/01-Spiritchaser.mp3,"energetic, uplifting, house, instrumental, progressive"
dataset/Ayox - Radar.mp3,"energetic, motivatinal, hip hop, male, rap"
dataset/LuuDadeejay-Ngiyabonga-ft-Simmy.mp3,"upbeat, energetic, Amapiano, male, "
dataset/Blaqbonez Ft Chike & Raybekah - Breaking The Yoke Of Love.mp3,"uplifting,heartfelt, Afrobeat, male, collaboration"
dataset/Blaqbonez-KILO.mp3,"energetic, upbeat, hip hop, male, Nigerian"
dataset/CharlyBlackLuisFonsi-PartyAnimalClean.mp3,"party, energetic, reggaeton, male, Latin, dance"
dataset/Nasty c - There they go.MP3,"energetic, hip hop, male, "
dataset/Wande Coal - Superwoman.mp3,"upbeat, energetic, Afrobeat, male, love song"
dataset/Phyno - Stacks.MP3,"energetic, hype, hip-hop, rap, male, Nigeria, African"
dataset/Lojay Yahweh.mp3,"uplifting, spiritual, Afrobeats, Male, Nigerian, worship"
dataset/Bloody-Civilian-Escapism.mp3,"energetic, intense, rebellious, rock, male, "
dataset/Johnny drille - Count on you.MP3,"romantic, emotional, Afropop, male, love song"
dataset/Jennifer lopez - El anillo.MP3,"energetic,sensual, latin pop, female, party"
dataset/Cardi b - Be careful.MP3,"serious, emotional, hip-hop, female, rap"
dataset/The_Last_Cypher (Radio Edit) LAMB.mp3,"energetic, upbeat, electronic, mixed, radio edit"
dataset/Inna ft. erik - Ruleta.MP3,"energetic, upbeat, Pop, female, collaboration"
dataset/Bella-Alubo-Party-Gyal.mp3,"upbeat, energetic, afrobeats, female, party"
dataset/Eddy-Kenzo-Tugende.mp3,"energetic, happy, Afrobeat, male, "
dataset/Young jonn - Aquafina.MP3,"Energetic, Upbeat, Afrobeats, Male, Danceable"
dataset/Mr eazi ft j balvin - Lento.MP3,"upbeat, energetic, afrobeat, reggaeton, male, collaboration"
dataset/B RED LMH (Loosing My Head).mp3,"upbeat,happy, afrobeats, male, catchy"
dataset/Burna Boy Ft Dave Cheat On Me.mp3,"energetic, powerful, Afrobeat, male, collaboration"
dataset/Kingsfiso ft mbuso khoza - Ilanga (xtetiqsoul mix).MP3,"upbeat,happy, house, mixed, remix"
dataset/King promise ft kojo antwi - Bra.MP3,"romantic, soothing, highlife, male, collaboration"
dataset/Juls Ft OxladeMelly Melly.mp3,"upbeat, romantic, Afrobeats, male, collaboration"
dataset/Bebe rexha - Call on me.MP3,"upbeat, energetic, empowering, pop, dance, female, collaboration, catchy"
dataset/Bandros-Nguwe-Ft-ZANI-Zee-Nxumalo.mp3,"upbeat,happy, afro-pop, mixed, collaboration"
dataset/Del B “No Pressure” ft. Hotkid.mp3,"upbeat,happy, afrobeat, male, collaboration"
dataset/Ed sheeran - A beautiful game.MP3,"uplifting, joyful, pop, male, sporty"
dataset/Otega Ft Jaido P -  Gbemilo.mp3,"upbeat,happy, Afrobeats, male, collaboration"
dataset/Ice prince - Get at you.MP3,"upbeat, energetic, hip hop, male, Nigerian artist"
dataset/Victony - Broken.mp3,"melancholic, emotional, hip-hop, female, Nigerian"
"dataset/Kali Uchis, El Alfa & JT - Muñekita.mp3","upbeat, energetic, reggaeton, pop, mixed, collaboration"
dataset/Ma Jaye (Radio Edit) Trod.mp3,"upbeat, energetic, Afrobeat, male, radio edit"
dataset/Basiil- Falling ft Camidoh.mp3,"romantic, mellow, R&B, male, collaboration"
dataset/Annuki - Last night.mp3,"upbeat, energetic, pop, female, catchy"
dataset/Timz - Dont go.MP3,"upbeat,happy, Afrobeats, male, uplifting"
dataset/Hot This Year - Dirtsman.mp3,"energetic, exciting, dancehall, male, reggae"
dataset/Post malone ft sza - Staring at the sun.MP3,"chill, reflective, hip hop, R&B, male, female, collaboration"
dataset/Patoranking - Everyday.MP3,"happy, uplifting, Afrobeats, male, "
dataset/Dladla mshunqisi ft beast and spirit banger - Thutha.MP3,"energetic,upbeat, gqom, male, collaboration"
dataset/Waje - Oko Mi.mp3,"romantic, emotional, Afrobeat, female, Nigerian"
dataset/Djds ft tory lanez and rema - Simple things.MP3,"upbeat,happy, pop, mixed, collaboration"
dataset/Mr Eazi Chop Time No Friend.mp3,"upbeat,happy, Afrobeats, male, Nigerian, catchy"
dataset/Hips Dont Lie  Shakira feat Wyclef Jean Lyrics .mp3,"energetic, upbeat, pop, latin, female, "
dataset/Flavour - Game Changer (Dike).mp3,"upbeat, lively, Afrobeat, male, Nigerian music"
dataset/Hugel ft amber van day - Wtf.MP3,"energetic, upbeat, dance, mixed, collaboration"
dataset/Native_Sound_System_Ft_The_Cavemen_SH_LZ_-_Tortoise.mp3,"upbeat,happy, Afrobeat, mixed, "
dataset/Lil kesh ft ducan mighty - Flenjo.MP3,"upbeat,happy, Afrobeats, male, collaboration"
dataset/Focalistic_ft_vigro_deep_-_ke_star-fakazadownload.com-.mp3,"energetic, amapiano, male, South African"
dataset/Cheque - Paradise.mp3,"uplifting, energetic, afrobeat, male, Nigerian"
dataset/Kelvin Jones  - MONEY.mp3,"upbeat,happy, pop, male, catchy"
dataset/Iyanya-Woman.mp3,"upbeat,happy, afrobeat, male, love"
dataset/JeriQ-11-11.mp3,"melancholic, contemplative, reflective, hip hop, male, pensive"
dataset/Masterkraft ft zlatan and bella shmurda - Hallelu.MP3,"upbeat,dance, afrobeats, mixed, collaboration"
dataset/Masterkraft_-_7_38PM.mp3,"energetic,happy, Afrobeat, male, upbeat"
"dataset/Dj Maphorisa, Shebeshxt  Xduppy - Twerka.mp3","energetic, upbeat, afrobeats, mixed, dance"
dataset/Iyanya-Breakfast.mp3,"upbeat,happy, Afrobeat, male, party"
dataset/Falz - Jeje.mp3,"upbeat,happy, Afrobeat, male, Nigerian"
dataset/Show Dem Camp - Tropicana Ft   Flash.mp3,"upbeat, lively, Afrobeat, male, collaboration"
dataset/Niniola ft nonso amadi - Night and day.MP3,"upbeat, romantic, Afrobeat, female, male, collaboration"
dataset/Buju - I do.MP3,"upbeat,happy, afrobeat, male, pop"
dataset/DJ Neptune - Believe ft Sarkodie  Phyno.mp3,"upbeat, Afrobeat, male, collaboration"
dataset/Zlatan - Lagos Anthem.mp3,"upbeat, energetic, Afrobeats, male, Nigerian music"
dataset/Auguste-Tomorrow-Ft-Idd-Aziz-(JustNaija.com).mp3,"upbeat,happy, Afrobeat, male, collaboration"
dataset/Di'ja - Yoruba demon.MP3,"upbeat, energetic, Afrobeat, female, Nigerian, love song"
dataset/Deejay-Soso-Liyangena-Liyaphuma-ft-Skandisoul-Cosmo-Black.mp3,"upbeat,dance, afro-house, male, collaboration"
dataset/Peruzzi - Sweetah.MP3,"upbeat, happy, Afrobeats, male, Nigerian"
dataset/viktoh Ft Otega -No Love.mp3,"upbeat, energetic, Afrobeat, male, collaboration"
dataset/MOONLIGHT-AFRIQA-Lock-Down-Kayamata.mp3,"upbeat, energetic, Afrobeats, male, lockdown, Afriqa, Kayamata"
dataset/Victor-AD-Person-Daughter-Ft-Kelvyn-Boy.mp3,"upbeat, happy, Afrobeats, male, collaboration"
"dataset/King Perryy Ft Runtown , Shatta Wale - Denge II.mp3","energetic, lively, Afrobeat, Dancehall, male, collaboration"
dataset/Basketmouth - World People ft Flash & BOJ.mp3,"upbeat,happy, Afrobeats, male, collaboration"
dataset/TERRG - GOD GUIDE ME.mp3,"inspirational, spiritual, hip hop, male, God, guidance"
dataset/Poco Lee - JOKORIKO (feat. Qdot).mp3,"energetic, upbeat, Afrobeat, male, dance, collaboration"
dataset/Doncarta ft Zlatan - Pull Over.mp3,"energetic, lively, Afrobeats, male, collaboration, danceable"
"dataset/RESURRECT (Official Lyric Video) - Leather Park, Odunsi the Engine, BNYX, Jeriq_PCNGrg_TDCU.mp3","energetic, powerful, inspiring, hip-hop, rap, mixed, collaboration, official lyric video"
dataset/Diamond-Jimma-Ashe-(JustNaija.com).mp3,"upbeat,happy, afrobeats, male, Nigerian"
"dataset/Ejoya, kemena & laime - Mind.MP3","upbeat, energetic, catchy, Afrobeat, mixed, collaboration"
dataset/Chelete Ea Makeup.mp3,"happy, energetic, afro pop, male, uplifting"
dataset/Falz - E No Finish.mp3,"upbeat,hopeful, Afrobeats, Male, Nigerian"
dataset/G2 amani - Murder.MP3,"dark, intense, hip hop, female, explicit"
dataset/The weeknd - Try me.MP3,"sensual, mesmerizing, R&B, male, soulful"
dataset/Idowest - Ji Masun Ft  Davido.mp3,"energetic,hype, Afrobeats, male, collaboration"
dataset/Da baby - Red light green light.MP3,"energetic, hype, rap, male, fast tempo"
dataset/J cole - Atm.MP3,"energetic, intense, hip hop, male, J Cole"
dataset/Naak musiq - Mamelani.MP3,"upbeat, energetic, afro-house, male, "
dataset/Pop smoke ft. future - Mr. jones.MP3,"energetic,hype, hip hop, male, collaboration"
dataset/Pervader & Kabza De Small – Bebathini ft. Kwesta & Papta Mancane.mp3,"upbeat, energetic, amapiano, mixed, collaboration"
dataset/Mellow Ft-Sleazy-DJ-Maphorisa-ShaunMusiQ-Ftears -Aliboshwe.mp3,"mellow, afro-house, mixed, collaboration"
dataset/Gunna - Bread & butter.MP3,"chill, relaxed, hip hop, male, Gunna"
dataset/2min ime feat. Harrysong  - Attention (Remix).mp3,"upbeat, energetic, Afrobeat, Pop, male, remix, collaboration"
"dataset/TitoM, Yuppe FT Burna Boy &  Ft. S.N.E - Tshwala Bam Remix.mp3","energetic, lively, Afrobeat, Hip Hop, Male, remix, collaboration"
dataset/Luis fonsi ft demi lovato - Echame la culpa.MP3,"upbeat, energetic, pop, reggaeton, male, female, collaboration"
dataset/Bandana (Radio Edit) Fire Boy Ft Asake.mp3,"energetic, lively, Afrobeats, male, collaboration, radio edit"
dataset/JayO feat. Crayon & Bella Shmurda - Reset.mp3,"upbeat,happy, afrobeats, male, "
dataset/King-Promise-Terminator-Remix-Ft-Young-Jonn.mp3,"energetic, hype, afrobeats, male, remix, featuring Young Jonn"
dataset/Sasha Alex Sloan  Adult.mp3,"melancholic, reflective, pop, female, Sasha Alex Sloan"
dataset/Ycee - Jagaban (Remix) Ft  Olamide.mp3,"energetic, confident, Afrobeat, male, collaboration"
dataset/Balloranking-Kefti.mp3,"upbeat,dance, Afrobeats, male, catchy"
dataset/taves - Eleyele.mp3,"upbeat,energetic, Afrobeat, male, "
dataset/Brown-Joel Ft BoyPee Hyce - Ogechi.mp3,"joyful, energetic, Afrobeat, male, collaboration, Nigerian music"
dataset/Terri - Same you.MP3,"upbeat, pop, female, love"
dataset/Black Sherif Prey Da Youngsta Radio Edit Clean Version.mp3,"energetic, hype, hip hop, male, clean version, radio edit"
dataset/Timi-Dakolo-Happy-Fellows.mp3,"happy, cheerful, pop, male, upbeat, positive, feel-good"
"dataset/Amaarae - A Body, A Coffin.mp3","emotional, melancholic, alternative R&B, female, soulful"
dataset/Ice Prince - Get at you RADIO EDIT (prod by sb).mp3,"upbeat, energetic, hip hop, male, radio edit, produced by sb"
dataset/04-Prince-Kaybee-Inkumbulo-ft-Azana.mp3,"upbeat, energetic, house, mixed, collaboration"
dataset/The weeknd ft summer walker - Best friends (remix).MP3,"chill, romantic, R&B, Pop, male, female, remix, collaboration"
"dataset/Real recognize rio, 21 lil harold, sg tip - Down bad.MP3","energetic, aggressive, hip hop, male, collaboration"
dataset/Rema - Rewind.MP3,"upbeat,happy, Afrobeats, male, Nigerian"
dataset/Lil nas x ft. elton john - One of me.MP3,"energetic,happy, pop, male, collaboration"
dataset/WAJE - Worries.mp3,"inspirational, empowering, Afrobeat, female, Nigerian"
dataset/Kabza-De-small-x-Dj-Maphorisa - Ntshware Tshware.mp3,"upbeat,dance, amapiano, male, collaboration"
dataset/DJ Xlusive - 2am For Lekki.mp3,"upbeat, energetic, Afrobeat, male, club, party"
dataset/Amaarae - Co-star.MP3,"sensual, energetic, afrobeats, female, upbeat"
dataset/Destiny-Boy-Owo.mp3,"upbeat,happy, Afrobeats, male, groovy"
dataset/Phyno - Never.MP3,"energetic,happy, afrobeat, male, Nigerian"
dataset/Khaid-No-Time.mp3,"energetic, powerful, hip hop, male, upbeat"
dataset/PsychoYP Ft Zlatan Stronger.mp3,"energetic, powerful, Afrobeat, Hip Hop, male, collaboration"
dataset/Peak boy - Higher.MP3,"energetic, uplifting, pop, male, catchy"
dataset/Justin bieber ft quavo - Intentions.MP3,"upbeat,happy, pop, male, collaboration"
dataset/Sula-Ire-ft-Barry-Jhay.mp3,"upbeat, energetic, Afrobeat, Male, collaboration"
dataset/Brs kash ft mulatto - Kash app.MP3,"energetic,hype, rap, male,female, collaboration"
dataset/Propeller (Radio Edit) JAE5 Ft Dave & BNXN.mp3,"energetic, lively, hip hop, mixed, collaboration"
dataset/Avala - Gimmie chance.MP3,"energetic, pop, female, "
dataset/Ric-Hassani-The-One.mp3,"romantic, love, R&B, soul, male, "
dataset/Ndlu-Nkulu-Nduduzo-Ft-JL-SA-Notha-Shoto.mp3,"upbeat, energetic, afrobeat, male, collaboration, South African music"
dataset/Iyanya Ft 5ive Rings Zone Radio Edit Clean Version.mp3,"upbeat, energetic, Afrobeat, male, radio edit, clean version"
dataset/T.i blaze - Try.MP3,"energetic, upbeat, hip hop, male, empowering"
dataset/Black Coffee - Turn Me On.mp3,"upbeat,sensual, house, male, dance"
dataset/Omah lay ft aitch - Imagine.MP3,"laid-back, reflective, Afrobeats, Hip hop, male, collaboration"
dataset/Tony Tetuila - E Go Better.mp3,"uplifting,hopeful, Afrobeat, male, Nigerian"
dataset/The cavemen - Adaugo.MP3,"upbeat, lively, rock, male, acoustic"
dataset/Mduduzi-Ncube-ft-Mafikizolo-Njalo.mp3,"upbeat,happy, afro-pop, mixed, collaboration"
dataset/Dua lipa and blackpink - Kiss and make up.MP3,"upbeat, energetic, pop, female, collaboration"
dataset/Ric hassani ft sauti sol - My kind of woman.MP3,"romantic, soothing, Afro-pop, male, collaboration"
dataset/Seyi Shay - Murda Ft  Patoranking.mp3,"energetic, groovy, Afrobeats, female, collaboration"
dataset/Davido ft peruzzi - Disturbance.MP3,"upbeat, energetic, Afrobeats, male, collaboration, Nigerian music"
dataset/Oxlade - Weakness.MP3,"soulful, romantic, Afrobeat, male, Nigerian"
dataset/Ed sheeran ft pnb rock and chance the rapper - Cross me.MP3,"energetic, empowering, pop, mixed, collaboration"
dataset/WizKid - Blow ft Blaq Jerzee.mp3,"energetic,dance, Afrobeats, male, collaboration"
dataset/Phyno-Ojemba-Ft-Olamide-.mp3,"energetic, upbeat, Afrobeats, male, collaboration"
dataset/Young jonn - Dada.MP3,"energetic,danceable, afrobeats, male, Nigerian"
dataset/Seyi vibez - Amdallah.MP3,"upbeat,happy, afropop, male, Nigerian"
dataset/Vikoliver - African woman.MP3,"happy, upbeat, Afrobeat, male, dance"
dataset/Adekunle-Gold-Don-t-Be-A-Baby.mp3,"upbeat,happy, Afrobeat, male, Nigerian"
dataset/Davido ft musa keys - Unavailable.MP3,"upbeat, energetic, Afrobeat, male, collaboration"
dataset/Savage-Concussion-Remix-ft-Zlatan.mp3,"energetic, catchy, Afrobeats, male, remix, collaboration"
dataset/Musa_Keys_-_Vula_Mlomo_Ft_Sir_Trill_Nobantu_Vilakazi.mp3,"upbeat, lively, amapiano, male, collaboration"
dataset/Blaqbonez ft joeboy - Fendi.MP3,"energetic, uplifting, Afrobeat, Hip hop, Male, Collaboration"
dataset/CHAPLETT - AKANCHAWA.mp3,"happy, energetic, Afrobeat, female, upbeat"
dataset/Ceeza Milli x Zlatan - Flenjor.mp3,"energetic, upbeat, afrobeat, male, collaboration"
"dataset/Pcee - Ngenza ngama bomu (feat. Mr JazziQ, Umthakathi Kush & Sizwe Alakine).mp3","upbeat, energetic, Amapiano, male, collaboration"
dataset/Ice Prince Ft Mstruff  Disco (Radio Edit) Clean Version.mp3,"upbeat,happy,energetic, hip-hop, male, collaboration"
dataset/Yemi Alade - Tangerine.mp3,"energetic,happy, Afrobeat, female, upbeat,dance"
dataset/Niphkeys ft reekado banks - Man of the year.MP3,"upbeat,happy, Afrobeat, mixed, collaboration"
dataset/HoodCelebrityy - Walking Trophy (Clean).mp3,"upbeat,happy, dancehall, female, "
dataset/Mr eazi - To the left.MP3,"upbeat,happy, afrobeat, male, dance"
dataset/Tems - Burning.mp3,"soulful, emotional, R&B, female, Nigerian, Afrobeat"
dataset/Sigag lauren - Amapeaches.MP3,"upbeat,happy, electronic, female, dance"
dataset/Wande Coal - Same S Ft  AKA.mp3,"upbeat, energetic, Afrobeats, male, collaboration"
dataset/G2 AMANI - FADE AWAY.mp3,"uplifting,energetic, pop, female, vocals,lyrical"
dataset/Joyner lucas - Adhd.MP3,"energetic, serious, intense, hip hop, male, conscious lyrics"
dataset/Bongza-Mdali-ft-Mkeyz-DJ-Maphorisa.mp3,"upbeat, energetic, amapiano, male, collaboration, featured artists"
dataset/Eugy ft wizkid - Soco remix.MP3,"upbeat, energetic, Afrobeats, male, collaboration"
dataset/Triple D - Raster Love.mp3,"upbeat, energetic, dance, pop, electronic, male, catchy, love"
dataset/Cdq - Baby boy for life (bbfl).MP3,"happy, upbeat, afrobeat, male, Nigerian music"
dataset/D'banj ft timaya - Chop life.MP3,"energetic,happy, Afrobeat, male, collaboration"
dataset/Wizkid - Come Closer Ft  Drake (PeteDown Moomba Mix).mp3,"energetic,happy, afrobeat, male, remix"
"dataset/Pcee - Weh biza feat. Djy Biza, Sgija Disciples & Starr Jazz.mp3","energetic, upbeat, afro-house, mixed, collaboration"
"dataset/Enrique iglesias ft bad bunny , natti natasha - El bano.MP3","romantic, sensual, reggaeton, male, female, collaboration"
dataset/Ruger-Girlfriend.mp3,"energetic, upbeat, catchy, Afrobeats, male, Nigerian"
dataset/Ruger - Wewe.MP3,"upbeat,happy, Afrobeats, male, Nigerian"
"dataset/French montana, kodak black and london on da track - I can't lie.MP3","energetic, confident, hip hop, male, collaboration"
dataset/Sun-el musician ft. samthing soweto - Akanamali.MP3,"upbeat, happy, soulful, house, male, collaboration, South African music"
dataset/M.i abaga ft olamide and nas - Bigger.MP3,"energetic, powerful, hip hop, male, collaboration, rap"
dataset/Asake-Introduction (radio clean).mp3,"energetic, upbeat, Afrobeat, male, introduction, radio clean"
dataset/Show Dem Camp - Mine Alone ft Oxlade.mp3,"romantic, chill, Afrobeat, Hip Hop, male, collaboration"
dataset/Tony Tetuila - Two women ft VIP.mp3,"upbeat, energetic, Afrobeat, male, collaboration"
dataset/Wani - 234.mp3,"upbeat,energetic, afrobeats, male, "
dataset/DJ-Neptune-Count-Your-Blessings-ft-Spyro.mp3,"uplifting,happy, Afrobeat, male, collaboration"
dataset/Zlatan ft seyi vibez - Let there be light.MP3,"uplifting, energetic, afrobeats, male, collaboration, Nigerian artists"
dataset/Wande Coal - Check.mp3,"upbeat,happy, Afrobeat, male, dance"
dataset/Rotimi - What to do.MP3,"upbeat, energetic, Afrobeat, R&B, male, club banger"
dataset/Iggy azalea and alice chater - Lola.MP3,"upbeat, energetic, pop, female, collaboration"
dataset/Skales - Mu Jo.mp3,"energetic, lively, Afrobeat, male, Nigerian"
dataset/Andon - The one.MP3,"upbeat, energetic, pop, female, catchy"
dataset/Giggs - Straight murder.MP3,"aggressive, intense, rap, male, explicit lyrics"
dataset/Ric-Hassani-Catch-Cruise-.mp3,"romantic, upbeat, Afrobeat, male, love song"
dataset/Dj Tunez ft Funbi - Custom Made.mp3,"upbeat, lively, Afrobeats, male, collaboration"
dataset/Iyanya-Survive-Ft-Derry-Black.mp3,"uplifting,hopeful, Afrobeat, male, collaboration"
"dataset/BANK ALERT REMIX RADIO EDIT - ICE PRINCE FT SARKODIE, MAGNITO, REXXIE-01.mp3","upbeat,hype, Afrobeats, male, remix,featured artists"
dataset/Flavour - Game changer (dike).MP3,"upbeat, energetic, highlife, male, Nigerian music"
dataset/Nonso Amadi Ease Up.mp3,"relaxed, soothing, calming, R&B, male, Nigerian"
dataset/Ronny-J-Drizz-Asinavalo-ft-Just-Bheki-Cloud9ne-Afriikan-Papi.mp3,"energetic,happy, afrobeats, male, collaboration"
dataset/Zerrydl - OUAT.mp3,"uplifting,happy, EDM, male, "
dataset/Majeeed-Gbese-EDM-Version-Ft-Tiwa-Savage.mp3,"energetic, upbeat, EDM, mixed, collaboration"
dataset/Wstrn ft unknown t - Medusa.MP3,"upbeat, R&B, mixed, collaboration, modern"
dataset/MI Abaga - The Guy.mp3,"energetic, confident, hip hop, rap, male, Nigeria"
dataset/G2 amani - Jaga jaga.MP3,"upbeat, afrobeat, male, N/A"
dataset/TI-BLAZE-Wire.mp3,"energetic, upbeat, hip-hop, male, fast tempo"
dataset/Skales ft. imanse - I dey miss you.MP3,"nostalgic, romantic, afrobeat, mixed, collaboration"
dataset/Portable - Am not a prisoner.MP3,"energetic, defiant, afrobeat, male, uplifting"
dataset/Franko - Coller la petite.MP3,"upbeat,happy, afrobeats, male, popular"
dataset/Tyla-Breathe-Me.mp3,"calm, emotional, pop, female, piano"
dataset/Selena gomez - Look at her now.MP3,"upbeat, energetic, pop, female, Selena Gomez"
dataset/Ruger - Red flag.MP3,"energetic, intense, Afrobeats, male, Nigerian"
dataset/Olamide -  Celebration.mp3,"happy, upbeat, lively, afrobeat, male, celebration, party"
"dataset/G-eazy ft tory lanez ,tyga - Still be friends.MP3","upbeat, energetic, hip hop, male, "
dataset/Martin garrix ft mike yung - Dreamer.MP3,"dreamy, hopeful, EDM, male, collaboration, inspirational"
dataset/Firstklaz - Gen z Fuji.mp3,"energetic, upbeat, hip hop, male, modern"
dataset/Tiwa Savage - Shout Out (Remix) ft Iceberg Slim  Sarkodie.mp3,"upbeat, energetic, Afrobeats, Hip hop, female, collaboration, remix"
dataset/Dvsn & ty dolla $ign - Memories.MP3,"soulful, reflective, R&B, mixed, collaboration"
dataset/Big k - Sweet nana.MP3,"upbeat,happy, pop, male, "
dataset/I'm A Mess (Radio Edit) Omah Lay.mp3,"upbeat, energetic, Afrobeats, male, radio edit"
dataset/Beyonce ft jay z - Boss.MP3,"empowering, confident, hip-hop, female, collaboration, popular"
dataset/Rethabile Khumalo - Ntyilo Ntyilo featMaster KG.mp3,"joyful, energetic, afro pop, female, kwaito, dance"
"dataset/QuayR Musiq, Mellow & Sleazy -  Bafunani ft. Lee McKrazy.mp3","upbeat, dance, amapiano, mixed, collaboration"
dataset/Olamide - Doom.MP3,"upbeat, energetic, Afrobeats, male, Nigerian music"
dataset/Jess glynne - I'll be there.MP3,"upbeat,hopeful, pop, female, empowering"
dataset/Sam smith ft logic - Pray remix.MP3,"uplifting, motivational, pop, mixed, remix, collaboration"
dataset/Eddy-Kenzo-Kya-Club-ft-Coco-Finger.mp3,"energetic,happy, afrobeat, male, club,party"
dataset/Vybz Kartel  True Religion Clean Version.mp3,"upbeat, energetic, dancehall, male, clean version"
dataset/Lloyiso-You-re-So-You.mp3,"heartfelt,soulful,romantic, R&B, male, smooth"
dataset/Swedish house mafia & the weeknd - Moth to a flame.MP3,"energetic, emotional, electronic, pop, mixed, collaboration"
dataset/Justin Timberlake ft Fireboy DML - Liar.mp3,"upbeat, romantic, pop, male, collaboration"
dataset/Johnny drille ft phyno - Lover.MP3,"romantic, Afrobeat, male, collaboration"
dataset/Charlesmaine - Cover me.MP3,"romantic, soothing, pop, female, cover"
dataset/Sfarzo-Rtee-Washaaa-Ft-Kelvin-Momo-DBN-Gogo-Shaun-101.mp3,"upbeat,happy, Amapiano, mixed, collaboration"
dataset/Rich the kid ft lil baby - Stuck together.MP3,"energetic, rap, male, collaboration"
"dataset/Dandizzy , kolaboy  &  zani - Sure banker.MP3","energetic, upbeat, Afrobeats, male, collaboration"
dataset/Yemi-Alade-Ladies-Get-Up.mp3,"energetic, uplifting, afrobeat, female, dance"
dataset/Phyno Tekno  Full Current.mp3,"energetic, upbeat, Afrobeat, male, collaboration"
dataset/Niall Horan - Heaven.mp3,"hopeful, soothing, emotional, pop, male, acoustic"
"dataset/Seven lions, wooli and  trivecta ft vevve - Island.MP3","energetic, uplifting, electronic, dubstep, mixed, collaboration"
dataset/Kwesi arthur ft adekunle gold - Toxic.MP3,"laid-back, romantic, Afrobeat, male, collaboration, popular"
"dataset/J Balvin, Willy William - Mi Gente (Official Video).mp3","energetic,upbeat, Latin,Reggaeton, Male, dance"
dataset/Teni - Power Rangers.mp3,"empowering, romantic, Afrobeat, female, Nigerian"
dataset/BEST ENOF LOV LAST.mp3,"upbeat, romantic, pop, female, "
dataset/PsychoYP - Relax.mp3,"chill,relaxed, rap, male, Nigerian"
dataset/Kofi Kinaata - Take Away.mp3,"upbeat,happy, Afrobeats, male, "
dataset/Bad Boy Timz - Skelele ft Olamide.mp3,"energetic,hype, Afrobeats, male, collaboration"
dataset/Lady leshurr ft mr eazi - Black madonna.MP3,"upbeat, energetic, hip hop, afrobeats, female, male, collaboration"
dataset/Sfarzo-Rtee-Impilo-ft-Mdu-aka-TRP-Mashudu.mp3,"upbeat,energetic, Amapiano, mixed, collaboration"
dataset/RatiiRSA-Mnandini-ft-Tyler-ICU-Catzico-Katarina.mp3,"energetic, upbeat, Amapiano, Male, collaboration"
dataset/Kizz-Daniel - Shu-Peru.mp3,"upbeat,happy, Afrobeats, male, dance"
dataset/Future ft drake - Life is good.MP3,"upbeat,happy, hip hop, male, collaboration"
dataset/Malome-Vector-ft-Ntate-Stunna-Lizwi-Wokuqala-Long-Time.mp3,"upbeat, energetic, hip hop, male, collaboration"
dataset/DJ Kaywise - Vanessa Ft Demmie Vee.mp3,"upbeat, energetic, Afrobeats, male, collaboration"
dataset/Skiibii ft davido - Baddest boy (remix).MP3,"energetic, catchy, Afrobeats, male, collaboration, remix"
dataset/T I Blaze - Sometimes (Remix) ft  Olamide.mp3,"uplifting, energetic, Afrobeat, male, remix, collaboration, featured artist"
dataset/Nonso amadi ft zinoleesky - Lock up.MP3,"romantic, chill, R&B, male, "
dataset/Shallipopi-Sharpiru.mp3,"upbeat,happy,energetic, pop, female, catchy"
dataset/Azawi - ACHE FOR YOU .mp3,"upbeat, romantic, Afrobeat, female, love song"
dataset/CaltonicSA_Team_Mosha_-_Nomcebo_70261546.mp3,"upbeat,happy, Amapiano, male, collaboration"
dataset/T classic ft peruzzi and mayorkun - Where you dey.MP3,"upbeat, energetic, Afrobeats, male, collaboration"
dataset/Tekno - Yur luv.MP3,"upbeat,happy, Afrobeat, male, popular"
dataset/M.i abaga ft wande coal - The love song.MP3,"romantic, love, hip hop, male, collaboration"
dataset/Shawn mendes - When you're gone.MP3,"emotional, sad, pop, male, heartbreak"
dataset/Zlatan ft young jonn - Astalavista.MP3,"energetic,dance, afrobeats, male, collaboration"
dataset/Heavy k and moonchild sanlley - Yebo mama.MP3,"upbeat, energetic, house, multiple, South African"
dataset/Timaya - Dem Mama Anthem.mp3,"energetic,happy, Afrobeats, male, Nigerian music"
dataset/Burna Boy Ft Byron Messia Talibans II.mp3,"energetic, uplifting, Afrobeat, Hip-hop, male, collaboration"
dataset/Bontle-Smith-Melodi-ft-Desoul-Tyler-ICU-Khalil-Harrison-CooperSA.mp3,"upbeat, house, male, "
dataset/Tekno ft mafikizolo - Enjoy (remix).MP3,"energetic, fun, Afrobeat, mixed, collaboration, remix"
dataset/Little mix ft nicki minaj - Woman like me.MP3,"empowering, confident, pop, rap, female, collaboration"
dataset/Burna Boy - Heavens Gate Ft  Lily Allen.mp3,"upbeat, energetic, afrobeat, male, collaboration"
dataset/Fortunator-Ndo-Dzhia-Tsheo-Ft-Makhadzi.mp3,"upbeat,dance, afrobeat, male, collaboration"
dataset/Willy William - Voodoo Song (Official Music Video) (128  kbps).mp3,"energetic,upbeat, dance,electronic, male, French"
dataset/Mike will made it ft ari lennox and j. cole - Shea butter baby.MP3,"chill, sensual, R&B, Hip-hop, mixed, featured artists: Ari Lennox, J. Cole"
dataset/Lady Gaga  Hold My Hand From Top Gun Maverick.mp3,"empowering, energetic, pop, female, movie soundtrack, Top Gun Maverick"
dataset/Dj vitoto ft moonchild sanelly - Online.MP3,"energetic, upbeat, afro house, female, collaboration, popular"
dataset/Olamide ft Asake - UTD.mp3,"upbeat, energetic, Afrobeats, male, collaboration"
dataset/Tommy-Flavour-Nakuja-Remix-Ft-Marioo-Darassa-Maua-Sama.mp3,"energetic,upbeat, bongo flava, mixed, collaboration"
dataset/Victony-Sunday-School.mp3,"upbeat, energetic, hip hop, female, Nigerian artist"
dataset/Summer Party feat. SOLEDAD.mp3,"upbeat, energetic, happy, pop, dance, female, featured artist: SOLEDAD"
dataset/Fka twigs ft the weeknd - Tears in the club.MP3,"melancholic, sensual, R&B, Alternative, Female, Male, collaboration"
dataset/Fiokee - Personal  ft  Bella Shmurda.mp3,"happy, energetic, Afrobeat, male, collaboration"
dataset/Ayra starr ft. ckay - Beggie beggie.MP3,"upbeat, catchy, Afrobeat, R&B, female, collaboration"
dataset/Patoranking - Black girl magic.MP3,"empowering, uplifting, afrobeat, male, "
dataset/Not3s ft mayorkun - So far gone.MP3,"upbeat, energetic, Afrobeats, Hip Hop, Male, collaboration"
dataset/Dj mustard ft nick jonas - Anywhere.MP3,"energetic,happy, pop, mixed, "
dataset/Alpha p - Feyah.MP3,"energetic, upbeat, Afrobeats, male, Nigerian"
dataset/Bandros-Jabula-Ft-CJ-Keys-Mdu-Humble-Mr-Kaningi.mp3,"energetic, upbeat, afro-pop, mixed, collaboration"
dataset/POSH BUGATI -  AJE.mp3,"energetic, upbeat, Afrobeat, male, danceable"
dataset/Sungba Remix Feat. Burna Boy dflamz radio .mp3,"energetic, upbeat, dance, Afrobeats, male, remix, collaboration, radio"
dataset/Ycee - Aunty Lovina  ft Patoranking.mp3,"upbeat,happy,dance, Afrobeats, male, collaboration"
dataset/Stonebwoy - Ekelebe (feat. ODUMODUBLVCK).mp3,"energetic, upbeat, Afrobeat, male, Collaboration"
"dataset/The weeknd, lil baby, suzanna son - False idols.MP3","chill, dark, intense, R&B, Hip Hop, male, collaboration, contemporary"
dataset/AV - Confess dflamz radio .mp3,"upbeat, emotional, pop, male, confession"
dataset/Seyi Vibez Kun Faya Kun Be and it is.mp3,"upbeat, spiritual, Afrobeats, male, Nigerian"
dataset/Nonso Amadi - Emergency.mp3,"soulful, emotional, R&B, male, Nigerian"
dataset/Jae 5 ft bnxn and dave - Propeller.MP3,"energetic, upbeat, hip hop, male, collaboration"
dataset/Ckay - By Now.mp3,"upbeat,happy, afrobeat, male, love"
dataset/Mannywellz - Magic.MP3,"upbeat, happy, energetic, Afropop, male, N/A"
dataset/Naira marley ft cblack - Tingasa.MP3,"energetic, upbeat, afrobeats, male, collaboration, Nigerian music"
dataset/Tjan - Future in Your Eyes.mp3,"uplifting,hopeful, pop, male, "
dataset/Zoro ft dj mekzy - Fresh ibo boy.MP3,"Energetic,Hip-hop, Afrobeats, Male, Collaboration"
dataset/Omah lay - Bad influence.MP3,"calm, reflective, Afrobeats, male, Nigerian"
dataset/MacG & Audio Addicts - Naledi Nguwe (feat. Lady Steezy & Tshepo Keyz).mp3,"upbeat,happy, afro-house, male, collaboration, South African"
dataset/Tiwa-Savage ft Richard Bona The Cavemen - Water-Garri.mp3,"calm, peaceful, Afrobeats, female, collaboration"
dataset/Guchi - Notice Me.mp3,"upbeat,happy, afrobeats, female, "
dataset/Yemi alade - Baddie.MP3,"energetic,happy, afrobeat, female, dance"
dataset/Falz - Next ft  Maleek Berry & Medikal.mp3,"energetic, upbeat, Afrobeat, male, collaboration"
dataset/Timaya - Bam Bam Ft  Olamide.mp3,"upbeat, energetic, Afrobeats, male, "
dataset/Praiz - Mission.MP3,"calm, uplifting, R&B, male, soulful, inspiring"
dataset/Jon bellion - Jt.MP3,"upbeat,happy, pop, male, catchy"
dataset/Whoisakin - Energy.MP3,"energetic, upbeat, pop, male, "
dataset/Phyno ft olamide - Onyeoma.MP3,"energetic, upbeat, hip hop, male, "
dataset/P-SQUARE FT AKON AND MAY D - CHOP MY MONEY (REMIX).mp3,"energetic, upbeat, Afrobeats, male, collaboration, remix"
dataset/Black-Moose-Gollibe-ft-Teni-Kaliffa-Imenella.mp3,"happy, cheerful, Afrobeats, mixed, collaboration"
"dataset/Rema, bloody civilian - Wake up.MP3","energetic, upbeat, Afrobeat, male, Nigerian"
dataset/Burna Boy - Ye.mp3,"upbeat,happy, Afrobeat, male, popular"
dataset/Beautiful Lies - Remix - Runda.mp3,"upbeat, lively, energetic, pop, electronic, male, remix"
dataset/Durban finest - Umsindo.MP3,"energetic, danceable, gqom, male, South African music"
dataset/Praiz ft dapo - Shomolele.MP3,"upbeat,happy, afrobeat, male, collaboration"
dataset/Backroad gee and nissi - Ready or not.MP3,"upbeat,hopeful, hip hop, multiple, collaboration"
dataset/No Dey Form (Radio Edit) Av.mp3,"upbeat, energetic, Afrobeats, male, dance, party"
dataset/STYL PLUS - CALL MY NAME.mp3,"upbeat, romantic, R&B, male, Nigerian"
dataset/Mayorkun ft kizz daniel - True.MP3,"happy, upbeat, Afrobeat, male, collaboration"
dataset/Olamide - Hardcore.MP3,"energetic, aggressive, hip hop, male, Nigerian"
dataset/WizKid - True Love ft Tay Iwar.mp3,"romantic, upbeat, Afrobeats, male, collaboration"
dataset/Gyaldem Riddim - Azanti ft. PsychoYP.mp3,"energetic, upbeat, Afrobeats, male, "
dataset/Luis fonsi ft ozuna - Imposible.MP3,"romantic, upbeat, pop, male, collaboration, Latin"
dataset/Jessie j & billy porter - I want love.MP3,"upbeat, energetic, pop, mixed, duet, love song"
dataset/Rexxie and mohbad ft. sho madjozi - Kpk remix.MP3,"energetic, upbeat, Afrobeats, mixed, "
dataset/CRUISE - DJ -FTF.mp3,"exciting, energetic, electronic, male, featuring"
dataset/Nsg - Grandad.MP3,"upbeat,happy, hip hop, male, "
dataset/Falz ft. ajebo hustlers - Body language.MP3,"upbeat, groovy, Afrobeat, male, collaboration"
"dataset/Choplife soundsystem ft mr eazi, focalistic & anat - By force.MP3","energetic, upbeat, Afrobeats, Hip-hop, mixed, collaboration"
"dataset/Masterkraft ft cdq, magnito , broda shaggi - Kere oh.MP3","energetic,happy, afrobeats, multiple, collaboration, Nigerian music"
dataset/Boy Spyce ft Khaid - I Don't Care.mp3,"upbeat,happy, Afrobeat, male, collaboration"
dataset/Wurld - Wishes n butterflies.MP3,"hopeful, dreamy, R&B, male, artist: Wurld"
dataset/Pheelz - Somebody.MP3,"upbeat,happy, Afrobeats, male, danceable"
dataset/Alpha p - Oh no.MP3,"energetic, upbeat, Afrobeats, male, Nigerian music"
dataset/SHOLZ - Man Down.mp3,"upbeat, energetic, powerful, pop, electronic, male, catchy"
dataset/04 Inkumbulo.mp3,"uplifting, reflective, afro-pop, male, nostalgic"
dataset/Cheque - Call me baby.MP3,"upbeat, energetic, afrobeats, male, catchy"
dataset/Destiny Marshal - Feelings.mp3,"uplifting,happy,energetic, pop, male, upbeat"
dataset/Kolota Final.mp3,"upbeat, energetic, pop, male, danceable"
dataset/Myron - Truth (mp3).mp3,"upbeat, energetic, lively, pop, male, "
dataset/Lifesize-Teddy-Prophecy.mp3,"upbeat, energetic, happy, pop, male, "
dataset/Tiwa savage - 49-99.MP3,"energetic,upbeat, afrobeats, female, popular"
dataset/Ayra Starr - Commas.mp3,"upbeat, energetic, afropop, female, Nigerian"
dataset/Bella Alubo ft Ycee - Fear Love.mp3,"melancholic, romantic, Afrobeats, female, collaboration"
dataset/THE REMEDIES FT PASUMA - JEALOUSY.mp3,"energetic, lively, afrobeat, male, collaboration"
dataset/CLEAN Lil Durk  Hear It Back feat Moneybagg Yo.mp3,"clean, rap, male, feat Moneybagg Yo"
dataset/Rich the kid ft a$ap ferg - Fake diamonds.MP3,"energetic, confident, hip hop, male, collaboration, trap"
dataset/P-Square - Do Me.mp3,"energetic, danceable, Afrobeats, male, Nigerian"
dataset/Rudeboy - Take it.MP3,"upbeat, energetic, Afrobeat, male, dance"
dataset/Larry Gaaga  Ft Jesse Jagz & Tega Starr - Blessings.mp3,"uplifting, grateful, Afrobeat, mixed, collaboration"
dataset/Nasboi-Umbrella-Ft-Wande-Coal.mp3,"upbeat,happy, afrobeat, male, collaboration"
dataset/Idahams-Portion-.mp3,"upbeat,relaxing, afrobeat, male, Nigerian"
dataset/Mr eazi ft simi - Doyin.MP3,"happy, love, Afrobeats, mixed, collaboration"
dataset/Maleek berry - Sisi maria.MP3,"upbeat, Afrobeats, male, Nigerian"
dataset/Khalid - Vertigo.MP3,"chill, reflective, R&B, male, soulful"
dataset/Mr eazi ft simi - Surrender.MP3,"romantic, soothing, Afrobeats, male, female, collaboration, love song"
dataset/Seyi-Vibez-Kingdom.mp3,"soulful, uplifting, Afrobeat, male, Nigerian"
dataset/Fridayy - Don't give up on me.MP3,"uplifting,hopeful, pop, female, inspirational"
dataset/Teni - Marry.MP3,"upbeat, cheerful, Afrobeat, female, love, marriage"
dataset/D'banj ft slimcase - Mo cover eh.MP3,"energetic, upbeat, afrobeats, male, collaboration, Nigerian music"
dataset/Kizz-Daniel-Too-Busy-To-Be-Bae.mp3,"upbeat,happy,energetic, Afrobeats, male, Nigerian"
dataset/Eltee - N4U (Dance Version).mp3,"energetic, upbeat, dance, male, artist: Eltee"
dataset/DJ_CAISE_-_KONTROL_AFRO_HOUSE_REMIX.mp3,"energetic, upbeat, lively, Afro house, male, remix"
dataset/Jenny - Twinsick.MP3,"energetic, upbeat, pop, female, "
dataset/Wizkid - Lagos Vibes.mp3,"chill, groovy, Afrobeats, male, Nigerian"
dataset/DJ Neptune x Joeboy - MuMu.mp3,"upbeat,happy, Afrobeats, male, collaboration,summer hit"
dataset/Joeboy - Spiritual gbedu (a colors show).MP3,"uplifting, lively, energetic, Afrobeats, male, Colors show"
dataset/Flavour - Wiser ft  M I  & Phyno.mp3,"upbeat, Afrobeat, Male, Collaboration"
dataset/Soft - Money (Remix) Ft Wizkid.mp3,"soft, remix, mixed, feat. Wizkid"
"dataset/Titom, Yuppe, S.N.E, EeQue - Tshwala Bam.mp3","energetic, upbeat, kwaito, mixed, collaboration"
dataset/Nadia nakai - Ragga.MP3,"energetic, hype, ragga, female, South African"
dataset/Lyta_-_Bee_Okhype.com_.mp3,"upbeat,happy, Afrobeat, male, danceable"
dataset/Boi-Chase-KOLO.mp3,"upbeat, energetic, Afrobeats, male, vibes"
dataset/Ckay ft Olamide  Wahala.mp3,"energetic, upbeat, Afrobeat, male, collaboration"
dataset/DerriQ-Vibration.mp3,"upbeat,happy,energetic, pop, male, instrumental"
dataset/G2 AMANI - STEPPINS.mp3,"energetic, upbeat, hip hop, male, instrumental"
dataset/Hardy caprio and sl - Xyz.MP3,"energetic,hype, rap, male, collaboration"
dataset/Illbliss-Red-Caps-Igbo.mp3,"energetic, upbeat, lively, hip hop, male, Nigerian, Igbo"
dataset/Blaqbonez - Fashionnova.MP3,"upbeat, energetic, hip hop, male, Nigerian"
dataset/Aitch - Learning curve.MP3,"upbeat,happy, rap, male, "
dataset/Tekno - Mufasa.mp3,"energetic, upbeat, lively, Afrobeat, male, "
dataset/Wizkid - Fever.MP3,"sensual, romantic, Afrobeats, male, Nigerian, popular"
dataset/J balvin - Ambiente.MP3,"upbeat,dance, reggaeton, male, latin"
dataset/Alpha p - Mustang.MP3,"energetic, upbeat, afrobeats, male, Nigerian music"
dataset/Justin bieber ft post malone and clever - Forever.MP3,"upbeat,happy, pop, male, collaboration"
dataset/Deejay_J_Masta_Ft_Jaywillz_1Da_Banton_-_Elegushi.mp3,"upbeat, energetic, afrobeats, male, collaboration"
dataset/Victoria kimani - Wonka.MP3,"energetic, confident, Afrobeat, female, "
dataset/Wally B Seck feat Viviane  Reuguine Tass.mp3,"upbeat, Afrobeat, mixed, collaboration"
dataset/Iyanya ft ayra starr - Call.MP3,"upbeat, romantic, Afrobeat, male, collaboration"
dataset/Seyi-Vibez-Amdallah.mp3,"energetic,happy, Afrobeat, male, upbeat"
dataset/Olamide Ft Rema - Mukulu.mp3,"energetic,dance, Afrobeat, male, collaboration"
dataset/Crossdaboss & ajeutter 22 - Feeling funky.MP3,"funky, hip hop, mixed, "
dataset/Rema - Reason you.MP3,"upbeat, afrobeat, male, Nigerian"
dataset/Kass - Im back.MP3,"energetic, upbeat, pop, male, catchy"
dataset/Fireboy dml ft euro - Adore.MP3,"romantic, Afrobeat, male, collaboration"
dataset/NASY C - Palm Trees.mp3,"relaxed, chill, R&B, male, summer vibes"
dataset/Ill Bliss ft Odumodu - Full Chest.mp3,"energetic, confident, hip hop, male, collaboration, upbeat"
dataset/Peruzzi - Only one.MP3,"romantic, soothing, afrobeat, male, Nigerian"
dataset/Omah lay - Understand.MP3,"upbeat, energetic, Afrobeats, male, Nigerian"
dataset/Konshens - Turn Me On [Clean Version] - March 2017. (128  kbps).mp3,"upbeat, dance, dancehall, male, clean version, 2017"
dataset/Daso - Jara.mp3,"energetic,happy, Afrobeat, male, uplifting"
dataset/Wizkid_-_Diamonds.mp3,"energetic,happy, Afrobeats, male, popular"
dataset/Madrina (cynthia morgan) - Lion master.MP3,"energetic, powerful, Afrobeat, Dancehall, female, "
dataset/Dj Neptune - Tear Rubber ft  Mayorkun  Mr Eazi  Duncan Mighty & Afro B (Remix).mp3,"energetic, Afrobeat, male, collaboration, remix"
dataset/JAY BAHD - YAA BABY.mp3,"energetic, hype, hip hop, male, "
dataset/Waje - I Wish.mp3,"uplifting, hopeful, Afrobeat, female, Nigerian"
dataset/Laycon - Wagwan.MP3,"upbeat, energetic, Afrobeat, male, Nigerian"
dataset/Drake ft playboi carti - Pain 1993.MP3,"energetic, upbeat, hip hop, male, collaboration"
dataset/Pheelz - MAJO.mp3,"uplifting, energetic, positive, Afrobeat, male, Nigeria, Yoruba"
dataset/Reekado banks ft duncan mighty - Byo byo.MP3,"upbeat, lively, Afrobeat, male, collaboration"
dataset/Sick individuals ft nevve - Symphony.MP3,"uplifting, energetic, dance, mixed, collaboration"
dataset/Falz ft demmie vee - Hypocrite.MP3,"serious, thought-provoking, Afrobeat, male, collaboration"
dataset/Bnxn - Mukulu.mp3,"energetic, upbeat, afrobeat, dancehall, male, summer vibes"
dataset/Mr P - For My Head.mp3,"romantic, feel-good, Afropop, male, Nigerian"
dataset/D'banj - Cover me.MP3,"upbeat,happy, Afrobeat, male, Nigerian"
dataset/Kojo funds ft maleek berry - 0%.MP3,"upbeat, energetic, Afrobeats, male, collaboration, summer vibe"
dataset/Black sherif & empire - Run.MP3,"Energetic, Afrobeats, Male, Collaboration"
dataset/4 Days - Magixx.mp3,"upbeat, energetic, dance, afrobeat, male, catchy"
dataset/Martin garrix ft macklemore and patrick stump - Summer days.MP3,"upbeat,happy, pop,electronic, male, collaboration"
dataset/Wizkid - Sweet Love.mp3,"romantic, joyful, Afrobeat, male, popular"
dataset/Juice wrld - Righteous.MP3,"sad, emotional, hip hop, male, tragic, introspective"
dataset/Zlatan - Quilox.MP3,"energetic, afrobeat, male, Nigerian"
dataset/Rashmeet Kaur x C-Mart x Gaz Mawete x Konstantin Reinfeld- Cherí Coco.mp3,"upbeat, energetic, pop, afrobeat, mixed, collaboration"
dataset/Mr_Eazi_-_Legalize.mp3,"upbeat, groovy, Afrobeats, male, danceable"
"dataset/Falz ft niniola, kamo mphela, mpura and sayfar - Squander (remix).MP3","energetic, upbeat, Afrobeat, Amapiano, Mixed, collaboration, remix"
dataset/Kashcoming-Osato clean.mp3,"energetic, upbeat, Afrobeat, male, Nigerian"
dataset/Kizz daniel - Yapa.MP3,"joyful,happy, afropop, male, upbeat"
dataset/Njelic-Umthandazo-Ft-Busi-N-Mthunzi-Laud-Luu-Nineleven.mp3,"upbeat, energetic, Amapiano, mixed, collaboration"
dataset/Modenine ft aina more - Beautiful.MP3,"uplifting, happy, hip hop, male, collaboration"
dataset/Odunsi - Wicked sexy.MP3,"sexy, Afrobeats, male, Nigerian"
dataset/Camila cabello - Liar.MP3,"upbeat, catchy, pop, female, dance"
dataset/Pheelz-Go-Low.mp3,"upbeat,happy, Afrobeats, male, danceable"
dataset/DJ Spinall - Everytime ft Kranium.mp3,"energetic, upbeat, Afrobeats, male, party, dance"
dataset/MOHBAD OJORO.mp3,"energetic, upbeat, Afrobeat, Hip-hop, male, energetic rap"
dataset/Rema - Dnd .mp3,"energetic, upbeat, afrobeats, male, Nigerian"
dataset/Gnash - Nobody's home.MP3,"sad, melancholic, pop, male, "
dataset/Skales - Konibaje.MP3,"energetic, upbeat, Afrobeats, male, collaboration"
dataset/M-Kaze - Kpom Love Gi.mp3,"romantic, love, Afrobeats, male, Nigerian"
dataset/Lifesize teddy - Butterflies.MP3,"upbeat, happy, pop, female, love, catchy"
dataset/Chike ft Mohbad - Egwu .mp3,"upbeat, energetic, Afrobeat, male, collaboration, Nigerian music"
dataset/David guetta ft sia - Flames.MP3,"upbeat, energetic, EDM, mixed, collaboration"
dataset/JAE5-Lojay-Dishonest-feat-Tyler-ICU-Sha-Sha.mp3,"upbeat, chill, Afrobeats, male, collaboration, summer vibes"
dataset/Ice Prince - Make Up your mind ft Tekno.mp3,"energetic, upbeat, Afrobeat, male, collaboration, Nigerian"
dataset/Beyonce ft burna boy - Ja ara e.MP3,"energetic, powerful, Afrobeat, R&B, female, collaboration, popular"
dataset/Kukbeatz  FT Ruger - All of Us.mp3,"upbeat,happy, Afrobeat, male, collaboration"
dataset/Rick ross ft finn matthews - Pinned to the cross.MP3,"serious, intense, hip hop, male, collaboration, powerful"
"dataset/Niniola, oskido - Commando.MP3","energetic, upbeat, afrohouse, female, collaboration"
dataset/Kaptain-Arise-Ft-Gerian.mp3,"uplifting,happy, dance, male, collaboration"
dataset/Nonso Amadi - Kwasia (feat  Eugy).mp3,"chill, romantic, R&B, male, collaboration"
dataset/Mbosso - Nadekezwa.MP3,"romantic,sad, bongo, male, heartbreak"
dataset/Cassper-Nyovest-Ama-Number-Ayi-10-Ft-Abidoza-Kammu-Dee-Luudadeejay.mp3,"upbeat,happy, hip hop, male, collaboration"
dataset/Korra-Obidi-ROMPER.mp3,"energetic, lively, upbeat, Afrobeats, female, dance"
dataset/Mizzle ft oxlade - Smile for you.MP3,"upbeat,happy, Afrobeat, male, collaboration"
dataset/Abuyile.mp3,"uplifting,happy,dance, afro-pop, male, "
dataset/Busy Signal - Beam Up ft. Crazy Russian.mp3,"energetic, upbeat, dancehall, male, collaboration, international"
dataset/Fiokee ft simi and oxlade - Koni koni.MP3,"romantic, soothing, Afrobeat, mixed, collaboration"
dataset/Diamond Platnumz ft Zuchu - Raha.mp3,"happy, energetic, upbeat, Bongo Flava, male and female, collaboration, Tanzanian music"
dataset/Major lazer ft alessia cara - Hell and high water.MP3,"energetic, upbeat, pop, electronic, female, collaboration"
dataset/Justin beiber - Beautiful love (free fire).MP3,"romantic,happy, pop, male, Free Fire"
dataset/Lady zamar - It's you - dreaming.MP3,"dreamy, pop, female, "
dataset/Lowsheen-Ngeke-Ngikwazi-Ft-Basetsana-Caltonic-SA-DJ-Ngwazi.mp3,"energetic, upbeat, amapiano, mixed, collaboration"
dataset/Ruger - Jonzing boy.MP3,"energetic, upbeat, afrobeats, male, Nigerian"
dataset/Zyno-More-Joy.mp3,"happy, upbeat, pop, male, catchy"
dataset/Dj xclusive ft t classic - Buga.MP3,"energetic, upbeat, afrobeats, male, collaboration"
dataset/Burna boy ft ed sheeran - For my hand.MP3,"energetic, uplifting, Afrobeat, Pop, Male, collaboration, popular"
dataset/Erby - Obaa Sima.mp3,"upbeat,happy, Highlife, male, Ghanaian"
dataset/Carterefe ft Berri-Tiga-Skiibii-Oluchi.mp3,"energetic, upbeat, Afrobeats, mixed, collaboration"
dataset/Lady-Zamar-Castles.mp3,"upbeat, cheerful, pop, female, dance"
dataset/Iyanya - Good Vibes ft Team Salut.mp3,"upbeat,happy, Afrobeat, male, collaboration"
dataset/Elvirgo-TallexQ-Chicco-ft-Makhadzi-Kabza-De-Small-Lxrd-Mordecai-Malume-20.mp3,"energetic, dance, amapiano, mixed, collaboration"
dataset/Brymo - Heya.MP3,"soulful, energetic, Afrobeat, male, Nigerian"
dataset/Bella shmurda ft zlatan and lincoln - Cash app.MP3,"energetic, lively, Afrobeats, male, collaboration"
"dataset/Alok ft martin jensen , jason derulo - Don't cry for me.MP3","upbeat,happy, dance pop, mixed, collaboration"
dataset/Patoranking ft dadju - Zero problem.MP3,"lively, energetic, Afrobeat, Dancehall, Male, collaboration"
dataset/Dj neptune ft bella shmurda - On god.MP3,"energetic, upbeat, afrobeat, male, collaboration, popular"
dataset/Qing-Madi-Journey.mp3,"upbeat,happy, electronic, instrumental, travel"
dataset/Dr malinga ft josta - Petronella.MP3,"upbeat, energetic, dance, male, collaboration"
dataset/Jidenna - Tribe.MP3,"upbeat, energetic, happy, hip hop, rap, male, tribal influences"
dataset/DJ Spinall - Can-t Help Myself ft Wurld.mp3,"energetic, upbeat, Afrobeats, male, collaboration"
dataset/Killertunes & minz - Caroline.MP3,"upbeat, afrobeats, male, collaboration"
dataset/Ice-Beats-Slide-Qopetsa-ft-Sbuda-Maleather-BoiBizza.mp3,"energetic,happy, hip hop, male, "
dataset/King perry - Turkey nla.MP3,"energetic, upbeat, Afrobeat, male, Nigerian artist"
dataset/Sje Konka & Freddy K  feat Kiddy Soul - SkrrGong.mp3,"upbeat, energetic, Amapiano, male, collaboration, vocals"
dataset/Di_Ja_-_Yoruba_Demon.mp3,"energetic, fun, Afrobeat, female, Nigerian"
dataset/Nasty c ft emtee - Born to win.MP3,"energetic, motivational, hip hop, male, collaboration"
dataset/Shallipopi Start Ham.mp3,"happy, upbeat, pop, female, catchy"
dataset/Vik Oliver - Jabo.mp3,"upbeat,happy, pop, male, catchy"
dataset/Skales - I Am For Real.mp3,"upbeat,happy, Afropop, male, Nigerian"
dataset/Dj jimmy jatt ft 2baba and buju - Worry me.MP3,"upbeat, groovy, Afrobeats, Male, collaboration"
dataset/Tyga ft nicki minaj - Dip.MP3,"energetic, upbeat, Hip Hop, male, female, collaboration, popular"
dataset/Chike ft simi - Running.MP3,"uplifting,energetic,happy, Afrobeat, mixed, collaboration"
dataset/Muyeez-Matter-Remix-Ft-Reekado-Banks.mp3,"upbeat,happy, Afrobeat, male, remix,featuring"
dataset/Show Dem Camp - Feel Alright ft Ladipo & Boj.mp3,"upbeat, feel-good, Afrobeat, male, collaboration"
dataset/Jaymes Samuel  ft Adekunle Gold - Jeez.mp3,"soulful, uplifting, Afrobeat, R&B, male, collaboration"
dataset/With You feat Maka Extended.mp3,"upbeat,happy,romantic, pop, mixed, collaboration"
dataset/07-Tommy-Flavour-Shumileta-Ft-Rapcha.mp3,"energetic, upbeat, bongo flava, male, collaboration"
dataset/Soa mattrix - uThando_(muzmo.pro).mp3,"romantic, amapiano, male, popular"
dataset/Skepta ft wizkid - Bad energy (stay faraway).MP3,"energetic, hip hop, male, collaboration"
dataset/Jorja smith - Time.MP3,"calm, soulful, R&B, female, introspective"
dataset/Gbegesi - Idowest.mp3,"energetic,dance, afrobeats, male, Nigeria"
dataset/Skales - Sawa ft Dice Ailes (Extended Intro).mp3,"upbeat, energetic, afrobeat, male, collaboration"
dataset/Reekado Banks - Standard.mp3,"happy, upbeat, Afrobeat, male, Nigerian"
dataset/Eminem - Gnat.MP3,"energetic, aggressive, hip hop, male, "
dataset/ISKHIYE FT CHARMZA THE DJ - BON.mp3,"energetic,upbeat, house, male, collaboration"
dataset/King Perry Ft Runtown  Shatta Wale Denge Remix [Radio Edit].mp3,"energetic, lively, Afrobeat, Dancehall, male, collaboration, remix"
dataset/Gunna and lil baby ft young thug - Oh okay.MP3,"energetic, upbeat, rap, male, collaborative, hip-hop"
dataset/Funbi ft ladipoe - Turn me around.MP3,"upbeat, romantic, Afrobeats, mixed, collaboration, Nigerian music"
"dataset/Beyonce, saint jhn and wizkid ft blue ivy carter - Brown skin girl.MP3","uplifting, empowering, Afrobeats, R&B, female, collaboration"
dataset/Kizz daniel - Tempted to still.MP3,"tempted, desire, longing, Afrobeats, male, Nigerian"
dataset/Bims Ft Shina Peters - Make Una Dance .mp3,"energetic, upbeat, Afrobeat, mixed, collaboration"
dataset/Spinall Ft Jess of VanJess Just To Be (Radio Edit).mp3,"upbeat,energetic, Afrobeats, mixed, collaboration"
dataset/John Vuli Gate - Mapara A Jazz.mp3,"energetic, lively, Amapiano, mixed, viral"
dataset/Coldplay - Orphans.MP3,"uplifting,happy, pop, mixed, rock"
dataset/Problems (feat Dexta Daps) (Remix) - Raybekah.mp3,"upbeat,energetic, Afrobeats, female, remix,featuring Dexta Daps"
"dataset/Christina aguilera ft ty dolla sign , 2 chainz - Accelerate.MP3","upbeat, energetic, sensual, Pop, R&B, Female, Collaboration, Urban"
dataset/Hotkid - On colos.MP3,"energetic, upbeat, afrobeat, male, Nigerian artist"
dataset/Rexxie feat-Zinoleesky-No More Condition.mp3,"energetic, upbeat, Afrobeats, male, collaboration"
dataset/Lil huddy - 21st century vampire.MP3,"edgy, dark, pop, male, 2020s"
dataset/DJ Spinall - Package Ft  Davido & Del B.mp3,"energetic, upbeat, Afrobeat, male, collaboration, danceable"
dataset/Fredo bang ft roddy rich - Last one left.MP3,"energetic, intense, hip hop, mixed, collaboration"
dataset/Fireboy dml - New york city girl.MP3,"romantic, nostalgic, Afrobeat, male, love, city life"
dataset/Goya-Menor-Don-Dada-Boss clean.mp3,"energetic, powerful, reggaeton, male, clean version"
dataset/Masego ft don toliver - Mystery lady.MP3,"mysterious, romantic, R&B, mixed, collaboration"
dataset/Zoro ft mayorkun - Good life.MP3,"upbeat,happy, Afrobeats, mixed, collaboration"
dataset/Giggs - Buff badie.MP3,"energetic, confident, hip hop, male, British rap, explicit lyrics"
dataset/Father DMW Ft Berri Tiga Bigi Man (Radio Edit) Clean Version.mp3,"uplifting,happy, Afrobeats, male, clean version"
"dataset/Mayorkun ft peruzzi, dremo and yonda - Red handed.MP3","upbeat, energetic, Afrobeats, male, collaboration"
dataset/Mayorkun - Alarm.MP3,"upbeat,happy, Afrobeats, male, popular"
dataset/02-Tommy-Flavour-Nakuja-Ft-Marioo.mp3,"upbeat, energetic, bongo flava, male, "
dataset/Praiz - Reckless.mp3,"upbeat, energetic, Afrobeat, male, soulful"
dataset/Jae5 and lojay ft libianca - I wish.MP3,"upbeat, hopeful, Afrobeats, R&B, Male, collaboration"
dataset/Iann dior ft machine gun kelly and travis baker - Thought it was.MP3,"energetic, upbeat, rap, hip-hop, male, collaboration"
dataset/Tesh carte-I like Radio version .mp3,"upbeat,happy, pop, male, Radio version"
dataset/Kuami eugene - Angela.MP3,"romantic, cheerful, highlife, male, popular"
dataset/Falz - Squander (Remix) Ft Kamo Mphela  Mpura  Niniola & Sayfar.mp3,"upbeat, energetic, Afrobeat, Amapiano, mixed, collaboration, remix"
dataset/MFR_Souls_feat_Major_League_Kamo_Mphela_Bontle_Smith_-_Amanikiniki_70585589.mp3,"lively, energetic, amapiano, mixed, dance, catchy"
dataset/Ruger-Ashana.mp3,"energetic,happy, Afrobeat, male, Nigerian"
dataset/03-Ntokzin-Onjani-Ft-M-Keyz-MalumNator-Soulful-G-Dr-Thulz-Ta-Skipper-(JustNaija.com).mp3,"soulful, amapiano, mixed, collaboration"
dataset/Korede Bello - Fine Fine (prod. Coublon).mp3,"upbeat, lively, Afrobeat, male, Nigerian music"
dataset/Dice ailes ft olamide - Pim pim.MP3,"upbeat, Afrobeat, male, "
dataset/Rihannafeat.SZA-ConsiderationMangalSuvarnanRemixClean.mp3,"upbeat, energetic, electronic, remix, female, collaboration, clean"
dataset/Asake-Amapiano-ft-Olamide-(radio edit).mp3,"upbeat,dance, Amapiano, male, radio edit"
dataset/Rema ft Selena Gomez - Calm Down remix.mp3,"calm, chill, pop, mixed, remix, collaboration"
dataset/Majeed ft bnxn - Waka jeje.MP3,"upbeat, energetic, afrobeats, mixed, collaboration, Nigerian music"
dataset/Omah lay - Bend you.MP3,"chill, romantic, Afrobeat, male, Nigerian"
dataset/Dj spinall ft mafikizolo and ice prince - The way.MP3,"upbeat, energetic, Afrobeat, mixed, collaboration"
dataset/QING MADI - SEE FINISH.mp3,"upbeat, energetic, Afrobeats, male, catchy"
dataset/G Nako x Diamond Platnumz - Komando.mp3,"energetic, upbeat, bongo flava, male, collaboration"
dataset/Tekno - Skeleton.MP3,"upbeat,happy, Afrobeat, male, dance"
dataset/Liam payne & j balvin - Familiar.MP3,"energetic, upbeat, pop, reggaeton, male, collaboration"
dataset/Not3s ft maleek berry - Sit back down.MP3,"upbeat, chill, Afrobeats, Male, collaboration"
dataset/Master cheng fu ft lelo kamau - Umcimbi.MP3,"upbeat,happy, house, male, "
dataset/Bts - Yet to come.MP3,"hopeful, enthusiastic, pop, k-pop, male, upbeat"
dataset/Mas-Musiq-Nguye-Lo-Ft-Ami-Faku.mp3,"upbeat,happy, amapiano, male, "
dataset/Squash - Ambala.mp3,"upbeat, lively, energetic, dancehall, male, Jamaican"
dataset/Makhadzi-ft-Fortunator-DJ-Gun-Do-SA-Niazwifha.mp3,"energetic, lively, afro house, female, collaboration, South African music"
dataset/Pro-Tee-ft-King-saiman-Deejay-Zebra-Trumpet-Returns.mp3,"energetic, upbeat, electronic, dance, male, trumpet"
dataset/Lisa-Viola-Lagos-Ft-Majeeed-Naijapickup.com.mp3,"upbeat,happy, Afrobeat, female, collaboration"
dataset/Killertunes ft not3s and bz - Shy.MP3,"upbeat, energetic, Afrobeats, male, "
dataset/Terri - Life.MP3,"upbeat,happy, pop, female, "
dataset/Bloody-Civilian-Family-Meeting.mp3,"serious, tense, dramatic, classical, instrumental, orchestral"
dataset/Louis the child ft joey purp - Shake something.MP3,"energetic, upbeat, electronic, pop, mixed, collaboration, dance"
dataset/Basketmouth - Trouble Ft 2Baba & Blaqbonez.mp3,"exciting, energetic, Afrobeat, male, "
dataset/Twist Berry ft Davido - The Code Extra.mp3,"upbeat,happy, afrobeat, female, collaboration"
dataset/Juls ft tay iwar - I got you.MP3,"happy, energetic, Afrobeats, mixed, collaboration, summer vibe"
dataset/Bella_Alubo_Ft_Niniola_-_Location_Starcoded_com_ng.mp3,"energetic, upbeat, afrobeats, female, collaboration, location"
dataset/ZERRDLY - POPO.mp3,"energetic, upbeat, pop, male, "
dataset/Young thug ft. j.cole & t-shyne - Stressed.MP3,"stressed, hip-hop, male, collaboration"
dataset/Kabza_De_Small_feat_Wizkid_-_Need_You_Tonight_70071362.mp3,"energetic,happy, amapiano, male, "
dataset/Post malone and swae lee - Sun flower.MP3,"upbeat,happy, pop,hip-hop, male, movie soundtrack"
dataset/TEEZEE FT TENI - NOTIN 2 SOMTIN DFLAMZ RADIO.mp3,"upbeat,happy, Afrobeat, male, "
dataset/Everytime (Remix)_Dflamz Radio.mp3,"energetic, upbeat, pop, male, remix"
dataset/Blaqbonez Like Ice Spice.mp3,"energetic,hype, hip hop, male, Nigerian"
dataset/Veeiye ft. laycon - Enter my head.MP3,"upbeat, romantic, afrobeat, female, male, collaboration"
dataset/Mapara_A_Jazz_feat_John_Delinger_Master_KG_Mr_Brown_Soweto_Gospel_Choir_-_Right_Here_feat_Master_KG_Soweto_Gospel_Choir_Mr_Brown_John_Delinger_72127221.mp3,"upbeat,happy, Amapiano, mixed, collaboration,choir"
dataset/Peruzzi ft wand coal - Available.MP3,"upbeat, happy, Afrobeats, male, "
dataset/Korede bello - 2geda.MP3,"upbeat,happy, Afrobeat, male, collaboration"
dataset/Skales-As-I-Wake-Up.mp3,"upbeat,happy, Afrobeat, male, energetic"
dataset/Charlie puth ft james taylor - Change.MP3,"calm, reflective, inspiring, pop, male, collaboration"
dataset/TNK-MusiQ-Vox-Vox.mp3,"upbeat,happy, pop, male, "
dataset/Ruger-Calculate-Love-Ft-Bnxn-.mp3,"romantic, love, Afrobeat, Male, collaboration"
dataset/Rudeboy - Focus.MP3,"upbeat, energetic, Afrobeats, male, Nigerian music"
dataset/Westlife - Starlight.MP3,"uplifting, romantic, pop, male, ballad"
dataset/Sigag lauren - Away.MP3,"upbeat,happy, electronic, female, vocal,energetic"
dataset/Ziezie ft aitch - French kisses.MP3,"energetic, playful, hip hop, male, collaboration, UK artists"
dataset/Cast shallipopi ft odumodu clean.mp3,"energetic, upbeat, afropop, mixed, collaboration, clean version"
dataset/Boy Spyce -  Relationship.mp3,"upbeat,happy, pop, male, catchy"
dataset/Asake - Omo Ope ft Olamide.mp3,"upbeat, joyful, Afropop, male, collaboration"
dataset/Cdq - Could have been worse.MP3,"Hopeful, Reflective, Hip Hop, Male, Nostalgic"
dataset/DJ-Stokie-Soke-S-bone-Ft-Loxion-Deep-Sir-Trill-Nobantu-Vilakazi-Murumba-Pitch.mp3,"energetic,happy, Amapiano, mixed, collaboration"
dataset/Mr 2kay - Belema.mp3,"romantic, love, Afrobeat, male, Nigerian"
dataset/Marvel - Amber Rose Remix ft  Joeboy.mp3,"energetic, upbeat, Afrobeats, mixed, remix, collaboration"
dataset/Niniola - Magun.MP3,"energetic, upbeat, Afrobeat, female, popular"
dataset/T Dollar ft OlaDips  Our Father.mp3,"upbeat, energetic, hip hop, male, collaboration"
dataset/Victony ft Tempoe Soweto Radio Edit Clean Version.mp3,"energetic, upbeat, Afrobeat, mixed, collaboration, radio edit, clean version"
"dataset/Ntokzin - Kumanzi Phansi (feat. Eemoh, Moscow On Keyz & Zar Keyz).mp3","upbeat,happy, Amapiano, male, collaboration"
dataset/Ceeza Milli - Medicine.mp3,"upbeat,happy, Afrobeat, male, Nigerian"
dataset/05-Cheque-Sorry-I-Missed-Your-Call-(JustNaija.com).mp3,"upbeat,happy, Afrobeats, male, Nigerian"
dataset/Show Dem Camp - Happy Weekend.mp3,"happy, upbeat, Afrobeat, male, weekend, party"
"dataset/Boj ft skepta, teezee - Like to party.MP3","upbeat, party, Afrobeats, mixed, collaboration"
dataset/Tata (Radio Edit) Bayanni.mp3,"upbeat, energetic, afrobeats, male, radio edit"
dataset/Joeboy Duffel Bag.mp3,"upbeat,happy, afrobeats, male, catchy"
dataset/Yung6ix - The Man.mp3,"energetic, confident, hip hop, male, Nigeria"
dataset/Lyta-Sabi - Boy.mp3,"upbeat,happy, Afrobeats, male, collaboration"
dataset/Burna boy - My money my baby.MP3,"upbeat,dance, Afrobeats, male, Nigerian"
dataset/Magixx - All over.MP3,"energetic,happy, pop, female, upbeat"
dataset/Yemi alade - Kprimi.MP3,"energetic,dance, Afrobeat, female, Nigerian"
dataset/Willy-Paul-Popo-Ft-Miss-P.mp3,"upbeat,happy, Afro-pop, male, collaboration"
dataset/Magixx - Weekenjoyment (radio edit).mp3,"energetic, uplifting, happy, electronic, dance, male, radio edit"
dataset/Shody theturnupking ft joeboy and yung willi - Shako.MP3,"energetic, upbeat, Afrobeats, male, collaboration"
dataset/Victony & P Prime - Apollo.mp3,"upbeat,happy, afrobeat, male, "
dataset/DJ_CAISE_-_LOVE_DONT_CARE_AFRO_HOUSE_REMIX.mp3,"upbeat,happy, afro house, instrumental, "
dataset/Magixx - Forever (radio edit).mp3,"uplifting,energetic, EDM, female, radio edit"
dataset/Magnito - My kinda wife.MP3,"romantic, happy, Afrobeat, male, love song"
dataset/Rick ross - Turnpike.MP3,"energetic, confident, hip hop, male, heavy beats"
dataset/Danny-S-Ege-Dribble.mp3,"energetic, upbeat, afrobeats, male, football, sports"
dataset/Takura - Ngoro yemoto.MP3,"upbeat,happy, afropop, male, Zimbabwean"
dataset/Mihlali-The-Guy-Musa-Keys-TBO-ft-Cnattty-Mama-Se-Khaya.mp3,"upbeat, lively, energetic, amapiano, male, collaboration, featured artist, tribute"
dataset/Terri - Bia dflamz radio .mp3,"upbeat, energetic, Afrobeats, female, Nigerian"
dataset/Ruger x Bnxn - Ilashe.mp3,"energetic, upbeat, Afrobeats, male, collaboration"
dataset/Zinoleesky ft mayorkun and busiswa - Kilofese (remix).MP3,"energetic,happy, Afrobeats, Male, collaboration,remix"
dataset/Ckay - Dtf.MP3,"upbeat, afrobeats, male, danceable, catchy"
dataset/CDQ FT DBanj & Timaya -Igbalode.mp3,"energetic, celebratory, Afrobeat, male, collaboration"
dataset/Ruger - Bow.MP3,"energetic,upbeat, afrobeat, male, Nigerian"
dataset/Jo Dada ( Radio Edit) Naira Marley.mp3,"energetic, upbeat, Afrobeats, male, Radio Edit, Naira Marley"
dataset/Gunna ft lil uzi vert - Relentless.MP3,"energetic, upbeat, rap, male, collaboration"
dataset/Seyi-Vibez-Gangsta-Remix-ft-Russ-Jibrille.mp3,"upbeat, energetic, Afrobeats, male, remix, collaboration, hip-hop"
dataset/Lojay IYD (Radio Edit) Clean Version.mp3,"upbeat, energetic, Afrobeats, male, clean version"
dataset/Make Sense ( Radio Edit) BNXN Ft Bad Boy Timz.mp3,"energetic, upbeat, Afrobeats, Dance, male, collaboration"
dataset/SUTE IWAR FT KADITA - STAR PLAYER.mp3,"Energetic, Upbeat, Pop, Mixed, Collaboration"
dataset/Seyi Vibez Ft Am Faku LOML.mp3,"romantic, upbeat, Afrobeats, R&B, male, female, collaboration"
dataset/Ycee - Gold.mp3,"upbeat,energetic, Afrobeat, male, Nigeria"
dataset/Chike - If you no love.MP3,"romantic, Afrobeat, male, love"
dataset/Alikiba - Aló.mp3,"upbeat, energetic, bongo flava, male, "
dataset/Sinzu ft zlatan - Zanku zu.MP3,"energetic,dance, afrobeat, male, "
dataset/Dremo-Doyin.mp3,"upbeat,energetic,dance, afrobeats, male, Nigerian,hip hop"
dataset/Koffee - Throne.MP3,"energetic, empowering, reggae, female, Jamaican"
dataset/Lifesize-Teddy-Unbeliever.mp3,"melancholic, mysterious, pop, male, upbeat"
dataset/DJ Neptune - Shawa Shawa (Love & Greatness Remix).mp3,"upbeat, energetic, Afrobeats, male, remix"
dataset/Head girl - Closer.MP3,"upbeat, energetic, pop, female, love, relationship"
dataset/Onerepublic - Rescue me.MP3,"uplifting, energizing, pop, rock, male, "
dataset/Fireboy - Gbas gbos.MP3,"energetic, upbeat, Afrobeats, male, Nigerian"
dataset/Olamide ft fireboy dml - Shibebe.MP3,"upbeat, energizing, Afrobeats, male, collaboration"
dataset/Falz - Bop Daddy ft Mz Banks.mp3,"upbeat,energetic, Afrobeat, male, collaboration,hip-hop"
dataset/Sense lo - Legbegbe (edm remix).MP3,"energetic, danceable, EDM, male, remix"
dataset/Ycee - Balance.MP3,"upbeat,dynamic,energetic, afrobeat,hip hop, male, "
dataset/Poe - Win win.MP3,"mysterious, haunting, alternative, female, singer-songwriter"
dataset/Yemi alade ft spice - Bubble it.MP3,"energetic, upbeat, Afrobeats, female, collaboration"
"dataset/Bruno mars, anderson.paak & silk sonic - Smokin out the window.MP3","soulful, groovy, R&B, funk, male, collaboration, retro"
dataset/Zinoleesky - Odinaka.mp3,"upbeat,happy, Afrobeats, male, "
dataset/Jae5 ft skepta and rema - Dimension.MP3,"energetic, upbeat, Afrobeats, Hip Hop, Male, collaboration"
dataset/Amine - Becky.MP3,"upbeat,happy, hip hop, male, "
dataset/Yemi_Alade_-_Begging.mp3,"upbeat,happy, Afrobeat, female, singles"
dataset/WurlD - Sweet N Fine ft  Sarz.mp3,"happy, upbeat, Afrobeat, male, collaboration"
dataset/Bella Shmurda Ft Tiwa Savage -  Non Stop Vibe.mp3,"upbeat, energetic, afrobeat, male, collaboration"
dataset/MAUIMØON - GROOVE WITH ME.mp3,"upbeat, energetic, pop, female, dance"
dataset/Tiwa Savage - Get It Now.mp3,"sensual, romantic, R&B, female, Nigerian"
dataset/Oladips-WabillaH.mp3,"energetic, upbeat, Afrobeat, male, Nigerian, rap"
dataset/Idahams_Ft_Zach_Zoya_-_Lovina_Remix_.mp3,"romantic, upbeat, Afrobeats, male, remix"
dataset/Phina-Smile.mp3,"happy, energetic, pop, female, upbeat"
dataset/Gunna ft Offset - Prada Dem.mp3,"chill, relaxed, hip hop, male, collaboration"
dataset/Understand (Radio Edit) Omah Lay.mp3,"melancholic, reflective, Afrobeat, male, Radio Edit"
dataset/Davido Ft Fave Kante.mp3,"upbeat, joyful, Afrobeats, male, collaboration"
dataset/Fameye - Only You.mp3,"happy, romantic, Afrobeats, male, Ghanaian"
"dataset/DJ Khyber, Azana & Donald - Wena Ungowami.mp3","uplifting, romantic, afro pop, mixed, collaboration"
dataset/Cdq - Flex.MP3,"energetic, party, hip hop, male, dance"
dataset/Kizz Daniel - Eko.mp3,"upbeat,happy, Afrobeats, male, Nigeria,city life"
dataset/Kilo ( Radio Edit) T.I Blaze Ft Skiibii.mp3,"energetic,hype, hip hop, male, collaboration"
dataset/Stormzy ft ed sheeran and burna boy - Own it.MP3,"energetic,confident, hip hop, male, collaboration"
dataset/BOJ_-_Falz_x_Ycee_x_Fresh_L_Awolowo_Remix dflamz clean .mp3,"energetic, upbeat, Afrobeats, male, collaboration, remix"
dataset/M.i abaga ft oxlade - All my life.MP3,"uplifting, positive, hip hop, male, collaboration, Nigerian artist"
dataset/Jimohsoundz & Loyz - No Way.mp3,"upbeat, energetic, Afrobeats, male, collaboration"
dataset/Lady zamar - My baby.MP3,"romantic, soothing, soul, R&B, female, love, slow tempo"
dataset/Tyla-On-and-On.mp3,"upbeat,happy, pop, female, catchy"
dataset/Davido Feel.mp3,"happy, upbeat, afrobeats, male, popular"
dataset/Majeeed ft tiwa savage - Gbese.MP3,"energetic, dance, Afrobeats, mixed, collaboration"
dataset/Bnxn Ft 2Baba - Regret.mp3,"upbeat, emotional, Afrobeat, male, collaboration"
dataset/Sound of a War.mp3,"epic, intense, dramatic, orchestral, cinematic, male, war, battle, action"
dataset/TI-BLAZE-Take-Off-Ft-Blaqbonez.mp3,"energetic, upbeat, hip hop, male, collaboration"
"dataset/Lil Durk Ft Burna Boy, J Cole - All My Life .mp3","energetic, upbeat, hip-hop, afrobeat, male, collaboration"
dataset/Yemi Alade - Yaba Left.mp3,"energetic,happy, afrobeat, female, Nigeria"
dataset/Teni-Popo.mp3,"upbeat,happy, Afrobeats, female, catchy"
dataset/L.a.x - Waist drop.MP3,"energetic,happy, Afrobeats, male, "
dataset/Yemi Alade - Give Dem.mp3,"energetic, lively, Afrobeat, female, "
dataset/Teni and dj neptune - Morning.MP3,"upbeat,happy, Afropop, female, collaboration"
dataset/Dookie - We Go Dey Alright (Las Las).mp3,"uplifting, optimistic, Afrobeat, male, Nigerian"
dataset/Korede bello - Work it.MP3,"upbeat, afropop, male, celebration"
dataset/Chvrches - Miracle.MP3,"upbeat,hopeful, synthpop,electropop, mixed, energetic"
dataset/Rexxie - KPK (Remix) Ft Mohbad & Sho Madjozi.mp3,"energetic,hype, afrobeats, male, remix, collaboration"
dataset/Joeboy - Focus.MP3,"upbeat, romantic, Afrobeats, male, Nigerian"
dataset/OLIVE THEBOY - 360.mp3,"upbeat, energetic, hip hop, male, catchy"
dataset/ODUMODUBLVCK ft Blaqbonez - TECHNICIAN.mp3,"energetic, hype, hip hop, male, collaboration"
dataset/Idahams Ft Teni - No One Else (Remix).mp3,"uplifting, romantic, Afrobeats, male, female, collaboration, remix"
dataset/Omah lay - Free my mind.MP3,"chill,relaxing, Afrobeat, male, upcoming artist"
dataset/Teni - Moslado.mp3,"energetic,happy, Afrobeat, female, Nigerian"
dataset/Johnny Drille & Simi - Halleluya.mp3,"romantic,soulful, soul, mixed, collaboration"
dataset/Rema - Banyabo.mp3,"upbeat,happy, afrobeat, male, Nigerian"
dataset/Myron - Asanwa (mp3).mp3,"upbeat,happy,energetic, Afrobeat, male, Nigerian"
dataset/Joeboy - Sip (alcohol).MP3,"upbeat, energetic, Afrobeats, male, party, dance"
dataset/DJ STOKIE AND EEMOH - MASITHOKOZE.mp3,"upbeat, energetic, Amapiano, male, collaboration, dance"
dataset/Pharrell williams ft jay z - Entrepreneur.MP3,"upbeat,empowering, hip hop, male, collaboration"
dataset/Ruger-Tour.mp3,"energetic, lively, afrobeat, male, Nigeria"
dataset/Kcee Ft Skiibii - Dum Dum.mp3,"upbeat,happy, Afrobeats, male, collaboration"
dataset/Holly-Rey-Ngiyazifela.mp3,"upbeat,happy, afro-house, female, South African"
dataset/09 Addicted - Clean.mp3,"energetic, upbeat, pop, female, catchy"
dataset/08 Want You Back (1).mp3,"energetic, uplifting, pop, female, catchy"
dataset/Olamide - We outside.MP3,"upbeat, energetic, Afrobeat, male, Nigerian"
dataset/Teni - Hustle.MP3,"upbeat, motivational, Afrobeats, female, empowering"
dataset/Dj spinall ft dotman - Omoge.MP3,"upbeat, energetic, Afrobeats, male, collaboration"
dataset/Mobi-Dixon-TEKA-(JustNaija.com).mp3,"energetic, upbeat, house, male, TEKA, Mobi Dixon, JustNaija.com"
"dataset/Sound sultan ft wizkid , 2baba - Geshomo.MP3","upbeat, energetic, Afrobeat, male, collaboration"
dataset/M.I _ Crowd Mentality.mp3,"energetic, powerful, hip hop, male, Nigeria"
dataset/Lowsheen-Bazali-ft-Eemoh-Mzala-Wesive.mp3,"energetic, upbeat, afrobeat, male, collaboration"
dataset/DJ-GABZY-Decisions-Ft-Officixl-Rsa-Busta-929.mp3,"energetic,upbeat, afrobeat, male, collaboration, South African"
dataset/P-SQUARE - IGBEDU.mp3,"energetic, lively, Afropop, male, "
dataset/Wizkid ft damian marley - Blessed.MP3,"upbeat, spiritual, Afrobeats, Reggae, male, collaboration"
dataset/SHATTA-WALE-ONLY-GOD-(JustNaija.com).mp3,"upbeat, energetic, Afrobeats, male, dancehall, West African"
dataset/Justin bieber ft daniel caeser and giveon - Peaches.MP3,"chill, upbeat, pop, R&B, male, collaboration"
dataset/Lil kesh ft mayorkun - Nkan be.MP3,"happy, energetic, Afrobeats, male, collaboration"
dataset/Oladips-Ori.mp3,"upbeat, motivational, hip hop, male, Nigerian"
"dataset/Kodak black ft travis scott , offset - Zeze.MP3","upbeat, hip-hop, male, collaboration"
dataset/Seyi Shay “Yaweh” ft. Banji Mak.mp3,"soulful, uplifting, Afrobeats, female, collaboration"
dataset/Caltonic_SA_Team_Mosha_-_One_Side.mp3,"energetic,dance, Amapiano, male, collaboration"
dataset/Stonebwoy ft v mensah - Blessings.MP3,"joyful, uplifting, Afrobeat, Dancehall, Male, collaboration"
dataset/Juls ft king promise and mugeez (r2bees) - Your number.MP3,"upbeat, romantic, Afrobeat, mixed, collaboration"
dataset/Koffee ft gunna - W.MP3,"upbeat,happy, reggae, female, collaboration"
dataset/Ejoya & fxrtune ft. azanti - Loader.MP3,"energetic, upbeat, Afrobeat, mixed, collaboration"
dataset/Seyi shay x anatii x dj tira x slim case - D vibe.MP3,"energetic, dance, Afrobeats, female, collaboration"
dataset/Masterkraft_-_Trips.mp3,"energetic, upbeat, afrobeat, male, dance, party"
dataset/Burna boy ft. polo g - Want it all.MP3,"energetic, motivational, Afrobeats, Hip-Hop, male, collaboration"
dataset/Headie one - Martins sofa.MP3,"energetic, rap, male, UK"
dataset/Laycon - Bam bam.MP3,"energetic,happy, hip hop, male, Nigerian artist"
dataset/Rush (Radio Edit) Ayra Starr.mp3,"upbeat,happy, Afrobeats, female, radio edit"
dataset/Kamza-SA-Mokone-ft-Snowflake.mp3,"upbeat,happy,dance, afro-house, male, collaboration,duet"
dataset/King-Deetoy-Black-Desk-ft-Oscar-Mbo-(JustNaija.com).mp3,"upbeat, energetic, afrohouse, male, collaboration"
dataset/TROD - Ode Lo Like ft T-Classic.mp3,"energetic, upbeat, Afrobeats, male, collaboration"
dataset/Falz ft l.a.x - Roger milla.MP3,"upbeat, energetic, Afrobeat, male, collaboration, Nigerian music"
dataset/Black sherif - Soja.MP3,"energetic, powerful, afrobeats, male, uplifting"
dataset/Baby keem & kendrick lamar - Range brothers.MP3,"energetic, hype, hip-hop, male, collaboration"
dataset/Bella-Shmurda-Ara-Gen-Gen-Tin.mp3,"energetic,happy, Afrobeats, male, Nigerian,upbeat"
dataset/Abba - Don't shut me down.MP3,"uplifting, nostalgic, pop, mixed, 70s, classic"
dataset/Drake ft lil baby - Wants and needs.MP3,"chill, introspective, hip hop, male, collaboration"
"dataset/Inkabi Zezwe Ft Sjava , Big Zulu - Omunye.mp3","energetic,hype, hip hop, male, collaboration"
dataset/Dave - Meridian.MP3,"energetic, powerful, rap, male, UK"
dataset/Olamide-Yemi-my-lover.mp3,"happy, romantic, Afrobeat, male, Nigerian music"
dataset/Phyno - Fada Fada (Ghetto Gospel) Ft  Olamide.mp3,"upbeat, energetic, hip hop, male, collaboration"
dataset/Nasty CThey Dont ft. T.I. dflamz radio .mp3,"energetic, hip hop, male, collaboration"
dataset/Sza - Kill bill.MP3,"sad, intense, R&B, female, revenge"
dataset/Jaiye Jaiye Ft. Femi Kuti.mp3,"upbeat, energetic, Afrobeat, male, collaboration, Nigerian music"
dataset/Timi-Dakolo-Hustle.mp3,"motivational, uplifting, soul, R&B, male, inspirational"
dataset/Ice Prince - Oleku ft Brymo.mp3,"energetic, happy, Afropop, Hip hop, male, collaboration"
dataset/Young Jonn - Let Them Know ft Tiwa Savage  Joeboy.mp3,"energetic, upbeat, Afrobeats, mixed, collaboration, Nigerian artists"
dataset/Burna boy - African giant.MP3,"empowering, confident, afrofusion, male, Nigerian"
dataset/Deshinor - New wave.MP3,"upbeat,happy, afropop, male, catchy"
dataset/PASCAL TOKODI X KING KAKA - DO YOU.mp3,"upbeat,happy, pop, male, collaboration"
dataset/Bella shmurda ft lil kesh - Dnd.MP3,"energetic, Afrobeats, male, collaboration"
dataset/Amaarae - Water from wine.MP3,"upbeat, energetic, Afrobeats, female, Amaarae"
dataset/Kilometer Remix  ( Radio Edit ) BNXN ( Buju ) Ft Zinoleesky.mp3,"upbeat, Afrobeats, male, remix, collaboration, radio edit"
dataset/Mi Casa - Mamela (Edit)_(muzmo.pro).mp3,"upbeat, energetic, house, mixed, South African"
dataset/Ice Prince - Wassup Wassup ft 2face Idibia.mp3,"upbeat, energetic, Afrobeat, male, collaboration"
dataset/Balenciaga LAX.mp3,"upbeat, energetic, hip hop, male, fashion, luxury"
dataset/Runtown ft jamopyper - Ofe pami.MP3,"energetic, upbeat, Afrobeat, male, collaboration"
dataset/Problem Choke (feat. Qing Madi) - 10Ten.mp3,"energetic, upbeat, pop, electronic, male, collaboration, featured artist"
dataset/Lil nas x ft jack harlow - Industry baby.MP3,"energetic, upbeat, rap, hip-hop, male, collaboration"
dataset/Mariah carey ft ty dollar sign - The distance.MP3,"upbeat, romantic, R&B, female, collaboration"
dataset/Inior Lindi - poison ivy.mp3,"romantic,seductive, pop, female, love,heartbreak"
dataset/Yellow claw ft weird geniius - Hush.MP3,"energetic, energetic, electronic, trap, edm, mixed, collaboration"
dataset/Olamide  - Street Jam.mp3,"energetic, lively, hip hop, afrobeats, male, Nigeria, dance"
dataset/Davido Away.mp3,"upbeat,happy, Afrobeats, male, Nigerian"
dataset/Dj prince ft olamide and phyno - Piom piom.MP3,"upbeat, energetic, Afrobeats, male, collaboration, Nigerian music"
dataset/Yemi Alade - Amazing Grace.mp3,"uplifting, joyful, Afrobeats, female, Nigerian"
dataset/DJ Spinall - Ohema Ft  Mr Eazi.mp3,"upbeat, energetic, Afrobeats, male, collaboration, danceable"
dataset/Billie eilish - Nda.MP3,"mysterious, dark, confident, pop, electropop, female, Billie Eilish, Nda, 2021"
dataset/05 Empinikazi (feat. Kabza De Small).mp3,"upbeat, energetic, amapiano, male, feat. Kabza De Small"
dataset/Trust Problems - G Milly.mp3,"chill, relaxed, hip hop, male, relatable"
dataset/The weeknd ft daft punk - Starboy.MP3,"energetic, powerful, pop, electronic, male, collaboration"
dataset/Inshallah (Radio Edit) Erigga ft Ebi.mp3,"upbeat, motivational, hip-hop, male, collaboration, Nigerian"
dataset/Eddy-Kenzo-Miliyo.mp3,"upbeat,happy,dance, afrobeat, male, popular"
dataset/Tems - Not An Angel.mp3,"chill, soulful, R&B, female, Nigeria, contemporary"
dataset/E major - my soul.mp3,"peaceful, reflective, pop, female, E major"
dataset/Show dem camp ft flash - Tropicana.MP3,"upbeat, lively, Afrobeats, male, collaboration"
"dataset/Skiibii, Seyi Vibez, Teni - CBN (Official Audio) ft. Reekado Banks, Mayorkun.mp3","upbeat, energetic, afrobeat, mixed, collaboration, Nigerian artists"
dataset/OXLADE FT MAYORKUN BAD BOY.mp3,"upbeat, energetic, Afrobeats, male, collaboration"
dataset/feranbanks-Allowed.mp3,"energetic, upbeat, pop, male, catchy"
dataset/Wizkid Ft Skillibeng & Shenseaa Slip N Slide.mp3,"energetic, upbeat, afrobeat, dancehall, male, female, collaboration"
dataset/Reminisce - Overdose ft Simi.mp3,"nostalgic,romantic, Afrobeat, mixed, collaboration"
dataset/Malcolm - Benzo Master (1).mp3,"energetic, upbeat, hip-hop, male, party, club"
dataset/Olakira - In My Maserati (Remix) Ft Davido.mp3,"energetic, upbeat, afrobeat, male, remix, collaboration"
dataset/Nonso Amadi - Kilimanjaro ft Beam.mp3,"calm, chill, romantic, R&B, male, collaboration, smooth vocals, Nigerian artist"
dataset/Moelogo-15TH.mp3,"relaxing,joyful, Afrobeat, male, uptempo"
dataset/The Love Song (Radio Edit) MI Abaga Feat Wande Coal.mp3,"romantic, chill, hip hop, afrobeat, male, collaboration"
dataset/Uncle Waffles and Tony Duardo  Tanzania Feat Sino Msolo  Boibizza .mp3,"upbeat,happy, afro-pop, male, collaboration"
dataset/Timaya - Chinekemeh.mp3,"upbeat,happy, afrobeat, male, Nigerian"
dataset/NUMBERS.mp3,"upbeat,happy,dance, pop, female, "
dataset/Jon bellion ft. burna boy - I feel it.MP3,"energetic, uplifting, pop, afrobeat, male, collaboration"
dataset/Marshmello-Esta-Vida-Jess-Bays-Remix-Ft-Farruko-Jess-Bays.mp3,"energetic, upbeat, electronic, dance, mixed, remix, collaboration"
dataset/Mz kizz - Owonikoko.mp3,"upbeat,happy, afrobeat, female, Nigerian"
dataset/Ayra starr ft kelly rowland - Bloody samaritan (remix).MP3,"energetic, empowering, pop, R&B, female, collaboration"
dataset/Lit (Radio Edit) Erigga ft Psycho YP.mp3,"lit, upbeat, energetic, hip hop, male, collaboration"
dataset/DC - SUMMER TIME.mp3,"upbeat,happy,energetic, pop, female, summer"
dataset/Kizz_Daniel_-_Twe_Twe.mp3,"upbeat,happy,energetic, afrobeats, male, danceable"
dataset/Coi leray - Twinem.MP3,"upbeat, energetic, hip hop, female, popular"
dataset/Timaya - Born to Win.mp3,"uplifting, motivational, Afrobeats, male, inspirational"
"dataset/Young john, tiwa savage and kizz daniel - Ello baby.MP3","upbeat, energetic, Afrobeat, mixed, collaboration, summer hit"
dataset/M.i abega - The hate.MP3,"angry, intense, hip hop, male, explicit"
dataset/Youngboy never broke again - Bad morning.MP3,"energetic,sad, hip hop, male, popular"
dataset/Bandros-WARM.mp3,"uplifting,happy,energetic, pop, male, catchy"
dataset/Rema - Beamer.mp3,"upbeat, energetic, Afrobeats, male, Nigerian"
"dataset/David Guetta, Ayra Starr  Lil Durk - Big FU clean.mp3","energetic, powerful, pop, hip hop, mixed, collaboration, catchy"
dataset/Megan thee stallion - Her.MP3,"empowering, confident, hip hop, rap, female, "
dataset/DJ-KAP-Sabela-Ft-BLAQ-MAJOR-CHARLOTTE-LYF.mp3,"upbeat,happy, dance, male, collaboration"
dataset/Masterpiece-YVK-x-Nkulee-501-x-Skroef28-Hamba-Nawe.mp3,"energetic,dance, amapiano, male, collaboration"
dataset/Lade - Tension.mp3,"tension, suspense, pop, female, instrumental"
"dataset/Dj yankee, blaqbonez & cheque - 1000 year$.MP3","energetic, upbeat, hip hop, mixed, collaboration"
dataset/Dj khaled ft drake and lil baby - Staying alive.MP3,"energetic, hype, hip hop, rap, male, collaboration"
dataset/Lifesize Teddy - John Wick.mp3,"energetic, intense, electronic, male, action, thriller"
dataset/Anuel AA & David Guetta - Vibra.mp3,"energetic, upbeat, Reggaeton, EDM, male, collaboration"
dataset/Yemi Alade - Ferrari.mp3,"energetic,happy, afrobeat, female, uptempo"
dataset/Ajebutter 22 - Kop.MP3,"upbeat, energetic, Afrobeats, male, Nigerian music"
"dataset/Beyonce ft tekno, yemi alade and mr eazi - Don't jealous me.MP3","upbeat, energetic, afrobeats, mixed, collaboration, popular"
dataset/Kanye west - Follow god.MP3,"energetic, upbeat, hip hop, male, religious"
dataset/King perryy kizz daniel - Waist.MP3,"upbeat, energetic, Afrobeat, Male, collaboration"
dataset/Skillibeng x Mura Masa Ft. Pa Salieu - Blessing Me.mp3,"energetic,empowering, dancehall,electronic, male, collaboration"
dataset/Reehaa - Shako.mp3,"uplifting,happy, pop, female, collaboration,catchy"
dataset/Yung6ix - Blessings ft  Oritse Femi.mp3,"upbeat, uplifting, rap, male, collaboration"
dataset/Migos ft polo g - Malibu.MP3,"energetic, rap, male, collaboration"
dataset/Ike chuks ft blazian - Vybe.MP3,"upbeat,happy, Afrobeat, male, collaboration"
dataset/T classic - Think about it.MP3,"upbeat,happy, Afrobeats, male, "
dataset/Yemi Alade - Bum Bum (Remix) Ft  Lady Leshur & Admiral T.mp3,"energetic, lively, afrobeats, dancehall, female, remix, featuring"
"dataset/Kabza-De-small-x-Dj-Maphorisa Ft Bekzin-Terris, TNK Musiq , RIVALZ , Madumane , TmanXpress - Woza Madala.mp3","energetic, amapiano, multiple, collaboration"
dataset/Harmonize-Hawaniwezi.mp3,"happy, upbeat, bongo, male, Tanzanian"
dataset/Timaya - Ah Blem Blem.mp3,"upbeat,happy, Afrobeats, male, danceable"
dataset/Dj consequence ft patoranking - Pause.MP3,"energetic, lively, Afrobeat, Dancehall, Male, collaboration"
dataset/Timaya - Sweet us.MP3,"upbeat, cheerful, afrobeat, male, party"
dataset/Heart of A Lion Simba Marara feat Trio Mio.mp3,"energetic, powerful, rap, male, collaboration"
dataset/Patoranking - Gyal Like You ft  Kizz Daniel.mp3,"upbeat, romantic, Afrobeat, male, collaboration"
dataset/Savvy Tg - Tired.mp3,"chill,relaxed, hip hop, male, "
dataset/Nonso amadi - Free.MP3,"calm, soothing, R&B, male, Nigerian"
dataset/Waje - Mountain ft Lira.mp3,"inspirational, uplifting, Afro-pop, female, "
dataset/Iyanya-Kiss-Me-ft-MOONLIGHT-AFRIQA.mp3,"romantic, upbeat, Afrobeat, male, collaboration"
dataset/QingMad - Vision.mp3,"upbeat,happy, pop, female, "
dataset/Skales - Feposi.mp3,"upbeat,happy, afrobeat, male, dance"
dataset/Berri tiga - God.MP3,"uplifting,happy, afrobeat, female, "
dataset/MOHBAD - ASK ABOUT ME.mp3,"energetic, upbeat, Afrobeats, male, Nigerian music"
dataset/Sho-Madjozi-Tashinga-Balotelli-ft-Robot-Boii-Sneakbo-Matthew-Otis-CTTBeats.mp3,"energetic, upbeat, Afrobeat, Hip-hop, female, collaboration"
dataset/12-Tommy-Flavour-What-s-Love.mp3,"upbeat, romantic, bongo flava, male, love song"
dataset/Charlie puth ft kehlani - Done for me.MP3,"upbeat, romantic, pop, male, female, collaboration"
dataset/Ice-Prince - Everybody-Needs.mp3,"happy, energetic, hip hop, male, urban"
dataset/Late4Dinner remix - Azanti ft. Adekunle Gold.mp3,"exciting, energetic, Afrobeats, male, remix, featuring"
dataset/King Promise Ft Shallipopi - Continental.mp3,"upbeat, energetic, Afrobeats, male, collaboration, popular"
dataset/Rose ft prince kaybee - Take it all.MP3,"romantic, energetic, Afro House, mixed, collaboration"
dataset/Basket mouth ft ceeza milli - December.MP3,"upbeat,happy, Afrobeats, male, collaboration"
dataset/Ebere - Mega chicken.MP3,"upbeat,happy, Afrobeat, female, Nigeria"
dataset/LuuDadeejay-Buga-Love-Ft-Reece-Madlisa).mp3,"romantic, Amapiano, male, collaboration"
dataset/Ava max - So am i.MP3,"upbeat,happy, pop, female, empowerment,confidence"
dataset/Ice prince - Juju.MP3,"upbeat,happy, afrobeat, male, Nigerian"
dataset/Omah lay - Never forget.MP3,"upbeat, nostalgic, Afrobeat, male, Nigeria, soulful"
dataset/AJEBO HUSTLERS - NO WAM.mp3,"energetic, lively, Afrobeats, male, Nigerian"
dataset/SCC-Bank-Alert-ft-Ice-Prince-Rexxie-Skiibii.mp3,"energetic, afrobeats, mixed, collaboration"
dataset/Darkovibes  Je Mappelle feat DaVido dflamz radio .mp3,"energetic, upbeat, Afrobeat, male, collaboration, radio"
dataset/Idahams - Enter My Eyes.mp3,"romantic, Afrobeats, male, Nigerian"
dataset/Lil baby ft offset - Coupe.MP3,"upbeat, energetic, hip hop, male, collaboration"
dataset/Cardi b ft kanye west and lil durk - Hot shit.MP3,"energetic, confident, hip hop, mixed, collaboration"
"dataset/Heavy k ft bucie , nokwazi - Inde.MP3","upbeat,dance, house, female, collaboration"
"dataset/Kaskade,phoebe ryan , lokii - Almost back.MP3","uplifting,happy, EDM, mixed, collaboration"
dataset/Khaid-Run-Away-Ft-Gyakie.mp3,"Upbeat, Romantic, Afrobeat, Male, Collaboration"
dataset/Fireboy DML - Obaa Sima (Radio Edit).mp3,"upbeat, energetic, Afrobeats, male, Radio Edit"
dataset/Gthree Mayami - Me And My Guys.mp3,"energetic, cheerful, hip hop, male, group, friendship"
dataset/MohBad Tiff.mp3,"energetic, upbeat, lively, Afrobeats, male, Nigerian, danceable"
dataset/Shizzi ft ceeza milli - Wasted.MP3,"energetic,dance, afrobeat, male, collaboration"
dataset/DJ-Ace-Teka-Teka-ft-QuayR-Musiq-Nate-Africa-XolisoulMF-Leekay-(JustNaija.com).mp3,"upbeat,danceable, afrobeats, mixed, collaboration"
dataset/Boy Down Flat .mp3,"upbeat,happy, pop, male, "
dataset/Drake - Omerta.MP3,"confident, aggressive, boastful, rap, male, Drake"
dataset/Innoss-B-Flex-Ft-Kaaris.mp3,"energetic, upbeat, Afrobeat, male, Collaboration, Danceable"
dataset/Bad Boy Timz Ft Olamide - Skelele.mp3,"energetic, upbeat, Afrobeats, male, collaboration"
dataset/Loye - Runaway.mp3,"upbeat, hopeful, pop, female, catchy"
"dataset/Dj spinall ft reekado banks, phyno and ntosh gazi - Top mama.MP3","energetic, upbeat, afrobeat, mixed, collaboration"
dataset/Tory lanez - Who needs love.MP3,"upbeat, energetic, rap, R&B, male, Tory Lanez"
dataset/Akon ft kizz daniel - Take your place.MP3,"energetic, upbeat, afrobeat, male, male, collaboration"
dataset/Inkabi-Zezwe Intro Ft Sjava-Big -Zulu-Inkabi-Zezwe.mp3,"introspective,powerful, hip hop, male, collaboration,featured artist"
dataset/Tiga-Maine-Grateful-Remix-Ft-Ms-Toi-IFani-MusiholiQ-Flow-JonesJr.mp3,"upbeat, energetic, grateful, hip hop, remix, mixed, collaboration, multiple artists"
dataset/Mr 2kay - In the morning (Afro Remix).mp3,"upbeat, vibrant, Afrobeat, male, remix"
dataset/Patoranking ft bera - Wilmer.MP3,"joyful, upbeat, afrobeat, male, collaboration"
dataset/Xxxtentacion and lil pump ft maluma and swae lee - Arms around you.MP3,"melancholic, pop, male, collaboration"
dataset/R3hab and a touch of class - All around the world.MP3,"upbeat, energetic, EDM, mixed, collaboration"
dataset/Dice Ailes - Miracle ft Lil Kesh.mp3,"upbeat,happy, Afrobeat, male, collaboration, Nigerian artists"
dataset/Koffee - West indies.MP3,"energetic, upbeat, reggae, female, "
dataset/Sza - Shirt.MP3,"soulful, introspective, R&B, female, contemporary"
dataset/Burna Boy  How Bad Could It Be.mp3,"upbeat,happy, afrobeat, male, Nigerian"
dataset/15-Tommy-Flavour-Lay-down.mp3,"upbeat,happy, bongo, male, love"
dataset/Tiwa-Savage - Love O.mp3,"romantic, love, passionate, afrobeat, R&B, female, upbeat, catchy"
dataset/J.balvin ft mr eazi - Arcoiris.MP3,"upbeat, lively, colorful, Reggaeton, male, collaboration, international"
dataset/Flavour - Time To Party Ft  Diamond Platnumz.mp3,"upbeat, party, Afrobeat, male, collaboration"
"dataset/DJ Maphorisa Kabza De Small ft WizKid, Burna Boy & Cassper Nyovest - Sponono_Talkmuzik.mp3","energetic, upbeat, afrobeats, amapiano, mixed, collaboration"
dataset/Teni - Injure me.MP3,"upbeat,happy, afropop, female, Nigerian"
dataset/Vybz Kartel - Adiadking (Radio Edit).mp3,"upbeat,dance, dancehall, male, radio edit"
dataset/Kidi - Adiepena.MP3,"happy, romantic, Afrobeats, male, Ghanaian"
dataset/Yemi Alade - Knack Am.mp3,"upbeat, energetic, Afrobeats, female, Nigerian music"
dataset/K trap - Warm.MP3,"upbeat, hip hop, male, K trap"
dataset/STYL PLUS - IMA.mp3,"emotional, soothing, R&B, male, Nigerian"
dataset/Sphectacula and dj naves - Ngeke.MP3,"energetic, lively, dance, mixed, collaboration"
dataset/SHINE TTW - ALINKO.mp3,"upbeat,happy, pop, male, "
dataset/Ceeza Milli - Paper Ft  Sammie Cash.mp3,"upbeat,happy, Afrobeats, male, collaboration"
dataset/AJR  Weak Radio Version.mp3,"upbeat,happy, pop, mixed, popular"
dataset/Bubunae - Free.MP3,"upbeat,happy, pop, female, "
"dataset/Loose Kaynon, A-Q, M.I Abaga, Blaqbonez - Snapchat Vs Facebook ft Chike.mp3","energetic, playful, hip hop, male, collaboration, social media"
dataset/Dj spinall ft kojo funds - What do you see.MP3,"energetic, upbeat, Afrobeat, male, collaboration"
dataset/Kida kudz - Yeye riddim.MP3,"upbeat,happy, afrobeats, male, danceable"
dataset/Ajebo Hustler Ft Mayorkun No Love.mp3,"upbeat, energetic, afrobeat, male, collaboration"
dataset/Jorja smith ft burna boy - Be honest.MP3,"sensual, romantic, R&B, Afrobeat, female, collaboration"
dataset/Skiibii & Reekado - Banger.mp3,"energetic, upbeat, Afrobeats, male, collaboration"
dataset/Burna boy ft sauti sol - Time flies.MP3,"upbeat, energetic, Afrobeat, male, collaboration"
"dataset/Mlindo the vocalist ft kwesta, thabsie and sfeeeoh - Macala.MP3","upbeat, energetic, Afro-pop, male, collaboration"
dataset/Kida kudz ft falz and joey b - Buga.MP3,"energetic, upbeat, Afrobeats, male, collaboration"
dataset/Terri - Money Ft Bella Shmurda & MohBad.mp3,"energetic, lively, Afrobeats, female, collaboration"
dataset/Johnny Drille - Count On You.mp3,"romantic, uplifting, folk, indie, male, singer-songwriter, acoustic"
dataset/Ycee - Su Mi.mp3,"upbeat, energetic, afropop, male, "
dataset/Davido ft mayorkun - The best.MP3,"energetic,happy, afrobeat, male, collaboration"
dataset/Dj sly ft ckay - It's lit.MP3,"energetic, afrobeats, male, collaboration"
dataset/Dice Ailes  Hold Me  ft Tiwa Savage.mp3,"upbeat, romantic, Afrobeats, mixed, collaboration"
dataset/Youngboy never broke again - Bring the hook.MP3,"energetic, upbeat, hip hop, male, catchy"
dataset/Bad bunny - Un preview.MP3,"energetic, lively, reggaeton, male, Latin"
dataset/Dangbana republik and bella shmurda - World.MP3,"energetic, upbeat, Afrobeats, male, collaboration"
dataset/Duro_-_Solidstar.mp3,"energetic, lively, Afropop, male, Nigerian"
dataset/Otega-Gbayi.mp3,"energetic, upbeat, Afrobeats, male, Nigerian, dance"
dataset/Victony - History.mp3,"upbeat,hopeful, rap, female, Nigerian"
dataset/Koffee  Gifted .mp3,"upbeat,happy, reggae, female, "
dataset/KLY-ft-Murumba-Pitch-Mafikizolo-Hello.mp3,"upbeat, energetic, Afro pop, mixed, "
dataset/Black sherif ft burna boy - Second sermon (remix).MP3,"energetic, powerful, Afrobeats, Hip Hop, Male, collaboration, remix"
dataset/Barry Jhay - Melanin.mp3,"upbeat,happy, Afrobeat, male, love"
dataset/UGOCCIE -  IFE NKILI.mp3,"energetic, upbeat, pop, electronic, female, Nigerian, Afrobeat"
dataset/Banky w - Final say.MP3,"uplifting, joyful, Afrobeat, male, Nigerian"
dataset/Davido - Fem.MP3,"energetic, confident, Afrobeats, male, popular"
dataset/Harry hudson - Let me.MP3,"upbeat, chill, pop, male, harmonious"
dataset/LYTA - CORRECT.mp3,"upbeat,happy, afrobeats, male, "
dataset/Darkoo-Whiskey-ft-Omah-Lay.mp3,"chill, dark, Afrobeats, female, collaboration"
dataset/Vector x Wande Coal - Mama Maradona.mp3,"energetic, fun, upbeat, afrobeats, male, collaboration"
dataset/Simi-Miracle-Worker-ft-Lojay.mp3,"upbeat, romantic, afrobeat, R&B, female, collaboration"
dataset/09-Daliwonga-VurVai-(JustNaija.com).mp3,"upbeat,happy, afrobeat, male, featured artist:Daliwonga"
dataset/Davolee Madiba.mp3,"energetic,hype, hip hop, male, Nigeria"
dataset/Russ ft lilbaby - Ugly.MP3,"energetic,confident, hip hop, male, collaboration"
dataset/Stefflon don ft tory lanez - Senseless.MP3,"upbeat,dance, hip hop, female, collaboration"
dataset/Timi-Dakolo-Nothing-Dey-Spoil-For-God-Hand-.mp3,"hopeful, uplifting, gospel, male, inspirational"
dataset/Olamide -  Hello Habibi.mp3,"energetic, lively, afrobeat, male, dance, party"
dataset/DJ-Stresser-Inhlonipho-ft-Given-Kanu-MacG-Banzz-Phiiwe-Mel_B-Banzz-Phiiwe-Mel_B.mp3,"energetic, lively, hip hop, mixed, collaborative"
dataset/Dj Tunez Ft Portable Banga.mp3,"energetic, upbeat, afrobeat, male, collaboration"
dataset/Felo-Le-Tee-Gedlela-Ft-Mellow-Sleazy-Kabelo-Sings-Keynote.mp3,"upbeat, Amapiano, Male, collaboration"
dataset/Ugoccie_-_Olileanya_M_My_Hope_.mp3,"upbeat,hopeful, Afrobeats, female, uplifting"
dataset/Lojay - Leader.MP3,"upbeat,happy, Afrobeats, male, Nigerian"
dataset/Timi-Dakolo-Na-So-E-Be-Ft-Patoranking.mp3,"upbeat, happy, Afrobeat, R&B, male, collaboration"
dataset/Funbi - My Intentions.mp3,"upbeat,happy, Afrobeat, female, Nigerian"
dataset/DOTMAN - TILL I DIE.mp3,"energetic, motivational, Afrobeat, male, uplifting"
dataset/Wande Coal - 3 Square Meal.mp3,"energetic, vibrant, Afrobeat, male, Nigerian"
dataset/Jerry Tapa - 5-30 (Olopa).mp3,"upbeat, energetic, Afrobeats, male, Nigerian music"
dataset/Skales - Selecta.mp3,"upbeat, energetic, dance, Afrobeats, male, Nigerian artist"
"dataset/Kabza-De-small-x-Dj-Maphorisa -ft-Aymos-Kelvin -Momo , Jay Sax-Ufunani.mp3","energetic, upbeat, amapiano, male, collaboration, instrumental"
dataset/DJ Neptune - Nobody ft Joeboy  Mr Eazi.mp3,"upbeat, energetic, Afrobeat, male, collaboration"
dataset/PsychoYP Ft Alpha P Ok Alright.mp3,"energetic, upbeat, hip hop, male, "
dataset/Bahamas - Young Jonn.mp3,"upbeat, energetic, Afrobeats, male, collaboration"
dataset/Mystro - Gawu ft Tiwa Savage.mp3,"upbeat, joyful, Afrobeat, male, collaborative, Nigerian"
dataset/Mr Eazi - Skin Tight (DJ Caise Remix).mp3,"upbeat, energetic, Afrobeats, male, remix"
dataset/Stefflon don ft bnxn - What's poppin.MP3,"energetic, hype, hip hop, female, collaboration"
dataset/DJ-Stokie-Vumane-Ft-Mhaw-Keys-DJ-Nnana-Ommit.mp3,"upbeat,dance, amapiano, male, collaboration"
dataset/Erigga - Pot Of Stew.mp3,"upbeat,happy, hip hop, male, Nigerian"
dataset/NonyKingz -ICSY.mp3,"upbeat, energetic, hip hop, male, "
dataset/Dice Ailes & Tiwa Savage - Hold Me.mp3,"romantic, upbeat, Afrobeats, mixed, collaboration, popular"
dataset/Wande Coal - Ballers.mp3,"energetic, afrobeat, male, upbeat,dance"
"dataset/The black eyed peas, j balvin and jaden smith - Ritmo (bad boys for life) (remix).MP3","energetic, upbeat, latin, hip-hop, mixed, remix"
dataset/Mut4y  ft azanti and dj tunez - Be my luv.MP3,"romantic, afrobeat, male, collaboration"
dataset/05.Dpzle- Control.mp3,"upbeat, energetic, confident, Afrobeats, male, danceable, catchy"
dataset/Burna boy - Thuggin.MP3,"upbeat, energetic, afrobeat, male, Nigeria, Burna Boy"
dataset/Maxino  Ft. Erigga & ODUMODUBLVCK -  Devil Agent  (2 Fighting).mp3,"Fighting, Afrobeats, Mixed, Collaboration"
dataset/Starboy ft wizkid and kel p - Mine.MP3,"energetic, confident, afrobeat, male, "
dataset/Seyi Vibez Ft Phyno Highlife Interlude.mp3,"joyful, upbeat, highlife, male, collaboration"
dataset/Becca ft tiwa savage - Yes i do.MP3,"upbeat,romantic, Afrobeats, female, collaboration"
dataset/Skales - Don't say much.mp3,"upbeat, energetic, Afrobeats, male, catchy, danceable"
dataset/Olakira - Polongo.mp3,"energetic, upbeat, Afrobeats, male, Nigerian"
dataset/Ceeza milli ft wizkid - Shayo.MP3,"upbeat, party, Afrobeats, male, collaboration, Nigerian"
dataset/Aiye.mp3,"energetic,happy, afrobeats, male, uplifting"
"dataset/Fredo, popcan and tory lanez - 2 cups.MP3","chill, upbeat, hip hop, rap, male, "
dataset/Elemxy - Wetin Dey Sup Ft Odumodu Blvck & Payper Corleone.mp3,"energetic, upbeat, Afrobeat, male, collaboration"
dataset/Blackmagic - Koole.MP3,"energetic,happy, Afrobeat, male, "
dataset/Phyno - Do I Remix feat  Burna Boy (CLEAN RADIO EDIT).mp3,"energetic, hype, hip hop, afrobeat, male, remix, collaboration"
dataset/Gunna ft drake - P power.MP3,"upbeat, energetic, hip-hop, male, collaboration"
dataset/Seyi-Shay-Bobo.mp3,"energetic, upbeat, Afrobeat, female, Nigerian"
dataset/Wizkid - Smile ft H ER.mp3,"uplifting,happy, Afrobeats, male, collaboration"
dataset/Nasty C - Crazy Crazy.mp3,"energetic, powerful, hip-hop, male, catchy"
dataset/Shatta wale ft medikal - Miss money.MP3,"energetic, upbeat, Afrobeat, Dancehall, male, collaboration"
dataset/Yemi Alade - Bum Bum.mp3,"upbeat, dance, Afrobeat, female, catchy"
dataset/Savage - Concussion .mp3,"energetic, aggressive, hip hop, male, "
dataset/Omah-Lay-reason.mp3,"chill, introspective, Afrobeat, male, Nigerian"
dataset/Ed sheeran ft khalid - Beautiful people.MP3,"upbeat, happy, pop, male, collaboration"
dataset/Wavy the creator ft. tay iwar - Letter to oxygen.MP3,"chill, soothing, R&B, mixed, collaboration"
dataset/Masego - Yebosema.MP3,"upbeat, groovy, R&B, jazz, male, saxophone"
"dataset/Da Muziqal Chef x Eemoh - Ubumnandi ft De Mthuda , Sam Deep ( RADIO EDIT ).mp3","energetic,upbeat, Amapiano, mixed, collaboration"
dataset/AFRICAN LADY - JAYPINK.mp3,"uplifting,happy,energetic, Afrobeat, female, party"
dataset/Lani - Malibu nights.MP3,"sentimental, reflective, Pop, Female, Heartbreak"
"dataset/Wiley ft future,chip and nafe smallz - Givenchy bag.MP3","energetic, upbeat, hip hop, mixed, collaboration"
dataset/AV - Big Thug Boys.mp3,"energetic, fun, afrobeats, male, danceable, catchy"
dataset/Young Jonn  Xtra Cool.mp3,"cool, energetic, afrobeats, male, "
dataset/Tekno  - Peace Of Mind.mp3,"energetic, upbeat, afrobeat, male, "
dataset/Flavour - Big Baller.mp3,"energetic, confident, Afrobeat, male, party"
dataset/Asa - Mayana.MP3,"upbeat,happy, Afrobeat, female, Nigerian"
dataset/Phina ft. Jay Melody - MANU.mp3,"upbeat, energetic, bongo flava, mixed, collaboration"
dataset/Huku - Sho madjozi.MP3,"upbeat, energetic, afro-pop, female, South African"
dataset/Iyanya - Halle Ft Duncan Mighty.mp3,"upbeat, joyful, Afrobeat, male, collaboration"
"dataset/Kane brown, swae lee & khalid - Be like that.MP3","chill, reflective, r&b, pop, mixed, collaboration"
"dataset/DJ Bongz - Awung'Fanele (feat. Nomfundo Moh, Deep Ink & Khani).mp3","energetic, lively, house, male, feat. Nomfundo Moh, Deep Ink & Khani"
dataset/P-SQUARE - TEMPTATION.mp3,"sexy, tempting, Afrobeats, male, Nigerian music"
dataset/Tega-boi-dc-Pepper-Dem.mp3,"energetic, upbeat, afropop, male, dance"
"dataset/Dj tira , dj maphorisa ft busiswa , moonchild - Starring.MP3","energetic, lively, afro house, mixed, collaboration"
dataset/Kizz Daniel - Twe Twe.mp3,"upbeat,happy, Afrobeats, male, Nigerian"
dataset/Laycon - Wagwan.mp3,"upbeat, energetic, Afrobeats, male, Nigerian music"
dataset/VUDUMANE - ON MY WAY.mp3,"upbeat, energetic, hip hop, male, vibes"
dataset/Victony - Kolomental.MP3,"upbeat, energetic, Afrobeats, female, Nigerian artist"
dataset/Fireboy DML - Bandana Ft Asake.mp3,"energetic, fun, Afrobeats, male, collaboration, Nigerian music"
dataset/Joeboy-24-7.mp3,"upbeat,happy, afrobeats, male, "
dataset/X1NO - Body so nice.mp3,"upbeat, catchy, pop, male, dance, summer"
dataset/Harmonize ft diamond platnumz - Kwa ngwaru.MP3,"upbeat, energetic, Afrobeat, male, collaboration"
dataset/Olamide - Abule Sowo.mp3,"energetic,happy, afrobeat, male, Nigerian"
dataset/King-Monada-Mack-Eaze-ft-DJ-Janisto-Mphe-Dilo-Tse.mp3,"upbeat,happy,dance, house, male, collaboration"
dataset/Ycee - Wahala dey.MP3,"energetic, upbeat, afrobeat, male, "
dataset/Cheque_-_Holy_Gee_Audio_.mp3,"upbeat,happy, Afrobeats, male, Nigerian"
dataset/Caltonic SA - Super Star_(muzmo.pro).mp3,"energetic, upbeat, Amapiano, male, dance music"
dataset/Ariana grande - Positions.MP3,"romantic, sensual, pop, female, empowering"
dataset/Lowsheen-Nguwe-Ft-Azana.mp3,"upbeat, energetic, afro-house, female, collaboration"
dataset/Kanye west ft. baby keem & travis scott - Praise god.MP3,"energetic,lively, hip-hop, male, collaboration,rap"
dataset/Rita ora - Let you love me.MP3,"romantic, upbeat, pop, female, heartfelt"
"dataset/Basket mouth ft phyno , flavour - Papa benji.MP3","upbeat,happy, Afrobeat, male, collaboration"
dataset/Jason Derulo  Slidin Clean feat Kodak Black.mp3,"upbeat, energetic, pop, male, collaboration, clean"
dataset/Skales - N2s (nobody to somebody).MP3,"uplifting, energetic, Afrobeats, male, "
dataset/Chronic Law - Ghost Gun ft. Ireland Boss.mp3,"energetic, dancehall, male, Jamaican"
dataset/Lil nas x ft billy ray cyrus - Old town road (remix).MP3,"upbeat,happy, country,hip hop, male, collaboration"
dataset/King_Promise_-_Over_Think.mp3,"melancholic, Afrobeats, male, reflective"
dataset/Ayox-Humble-Cry.mp3,"sad,hopeful, hip hop, male, deep lyrics"
dataset/Dj kaywise ft phyno - High way.MP3,"energetic, afrobeat, male, collaboration"
dataset/Katy perry - Small talk.MP3,"fun, upbeat, pop, female, catchy"
dataset/Machine gun kelly and halsey - Broken.MP3,"energetic,sad, pop,rock, mixed, duet"
dataset/Sauti Sol ft. Nyashinski - Short N Sweet.mp3.mp3,"upbeat, cheerful, afro-pop, mixed, collaboration"
dataset/Ibraah-Nimepona.mp3,"happy, uplifting, Bongo Flava, male, positive, healing"
dataset/Machine gun kelly - Pressure.MP3,"energetic, aggressive, rap, hip-hop, male, Machine Gun Kelly"
dataset/Burna boy - 34.MP3,"energetic, uplifting, afrobeat, male, Nigeria"
dataset/Sam feldt ft rani - Post malone.MP3,"upbeat,happy, dance, mixed, feat. Rani,Post Malone"
dataset/Nonso Amadi - No Crime.mp3,"calm, reflective, R&B, male, Nigerian"
dataset/Rexxie-One-or-Two-Ft-AXAD.mp3,"energetic, lively, Afrobeats, male, collaboration, upbeat"
dataset/Aitch ft ed sheeran - My g.MP3,"energetic, upbeat, hip hop, pop, male, collaboration, catchy"
dataset/On My Own ( Radio Edit ) Kaptain Ft Boy Xander.mp3,"upbeat, energetic, electronic, male, collaboration"
dataset/Ardian Bujupi feat. L.A.X - Ma Bebe.mp3,"energetic, upbeat, pop, afrobeats, male, collaboration"
dataset/Claire richards - Shame on you.MP3,"upbeat, energetic, pop, female, vocal"
dataset/Kranium-MeetBeatClean.mp3,"relaxing, chill, dancehall, reggae, male, summer vibes"
dataset/Masterkraft ft phyno - Egbon.MP3,"energetic, upbeat, Afrobeats, male, collaboration"
dataset/J cole - Close.MP3,"introspective, reflective, emotional, hip hop, male, rap"
dataset/Runtown - Mic Check.mp3,"upbeat, energetic, Afrobeats, male, Nigeria, dance"
dataset/Koffee - Pressuer.MP3,"upbeat, energetic, empowering, Reggae, Female, Jamaican"
dataset/Larry gaga ft umu obiligbo and davido - Doubting thomas.MP3,"energetic, upbeat, Afrobeats, male, collaboration, Nigerian music"
dataset/Young Jonn- Pot of Gold.mp3,"happy, energetic, afrobeats, male, dance, club"
dataset/Ice prince - Hand work.MP3,"upbeat,happy, Afrobeat, male, Nigerian"
dataset/Tiwa Savage - Save My Life .mp3,"uplifting, empowering, Afrobeats, female, heartfelt"
dataset/BOJ & AJEBUTTER 22 - EMERGENCY.mp3,"upbeat, lively, energetic, Afrobeats, male, "
dataset/06-Daliwonga-Sponono-ft-Shaunmusiq-Ftears-(JustNaija.com).mp3,"upbeat,happy, afro-pop, male, collaboration"
dataset/DJ Tunez Ft Amexin Vanilla (Radio Edit) Clean Version.mp3,"energetic, upbeat, electronic, afrobeat, male, DJ Tunez, Amexin, instrumental"
dataset/Crayon - Good day.MP3,"happy, upbeat, pop, male, positive"
dataset/Blaqbonze Ill Be Waiting Radio Edit Clean Version.mp3,"uplifting,happy, pop, male, radio edit,clean version"
dataset/Brainee - Sonting.MP3,"energetic, lively, afrobeats, male, upbeat, danceable"
dataset/King Perryy Ft 1da Banton Denge (Radio Edit) Clean Version.mp3,"energetic,upbeat, Afrobeat, male, collaboration"
dataset/Timaya - My moto.MP3,"upbeat,happy, afrobeats, male, party"
dataset/Bloody Samaritan - Ayra (Radio Edit).mp3,"energetic, intense, electronic, female, Radio Edit"
dataset/Raybekah - I Like Boys.mp3,"upbeat,happy,dance, afrobeat, female, catchy"
dataset/Johnny Drille -  For You.mp3,"romantic, heartwarming, pop, folk, male, "
dataset/Protoje - HILLS.mp3,"upbeat,happy, reggae, male, Jamaican"
dataset/Lil nas x ft cardi b - Rodeo.MP3,"energetic, confident, pop, hip hop, male, female, collaboration, popular"
dataset/Leigh-Anne_ 'Stealin' Love'.mp3,"sensual, romantic, R&B, female, "
dataset/hotkid-Jamboby.mp3,"upbeat, energetic, afropop, male, catchy"
dataset/Valee ft pusha t - Miami.MP3,"upbeat, energetic, rap, male, collaboration, hip-hop"
dataset/Mr Eazi - Supernova.mp3,"upbeat, groovy, energetic, Afrobeats, male, summer vibes"
dataset/Doja cat - I don't do drugs (y2k remix).MP3,"upbeat, energetic, electronic, female, remix"
dataset/Ruger - Useless.MP3,"energetic, hype, Afrobeat, male, Nigerian"
dataset/Laycon ft deshinor - Hiphop.MP3,"energetic, hip hop, male, "
"dataset/Krizbeatz, terri & victony - Time & place.MP3","upbeat, energetic, Afrobeat, mixed, collaboration"
dataset/Falz - Amen.MP3,"uplifting, joyful, Afrobeats, male, Nigerian music"
dataset/Naira Marley Girls Just Wanna Have Funds.mp3,"energetic, lively, Afrobeats, male, upbeat, party"
dataset/Majeeed ft lojay - Cry.MP3,"sadness, longing, Afrobeats, Male, "
dataset/Falz - Loving.mp3,"joyful, romantic, Afrobeats, male, Nigerian music"
dataset/Mr dutch ft lavalava - Just like that.MP3,"energetic,upbeat, afrobeats, male, collaboration"
dataset/Kabza-De-small-x-Dj-Maphorisa  Ft-Nkosazana Daughter -Abadeli.mp3,"upbeat, energetic, Amapiano, Mixed, collaboration"
"dataset/Sinzu, dremo and ycee - Faaji.MP3","upbeat, energetic, hip hop, male, collaboration"
dataset/Jus ft sway clark - Sweetie odo.MP3,"happy,romantic, afrobeat, male, collaboration"
dataset/Bali bandits ft kshmr - Lucky chances.MP3,"energetic, upbeat, EDM, mixed, collaboration"
dataset/Adekunle-Gold-To-My-Own.mp3,"upbeat,happy, Afrobeat, male, Nigerian"
dataset/Killertunes & odunsi (the engine) - Do me.MP3,"energetic, groovy, Afrobeats, male, collaboration"
dataset/Victony - Many man (a colors show).MP3,"energetic, uplifting, hip hop, female, live performance"
dataset/Tekno-The-More-The-Better.mp3,"energetic, upbeat, Afrobeat, male, dance"
dataset/Nappygurl - On me.MP3,"energetic, upbeat, pop, female, dance"
dataset/Cheque Shine.mp3,"upbeat, happy, afrobeats, male, "
dataset/Stakev-Ngeke-Balunge-Ft-Young-Stunna-(JustNaija.com).mp3,"upbeat,dance, afrobeat, male, collaboration"
dataset/Idahams - Lovina.mp3,"upbeat, romantic, Afrobeat, male, Nigerian"
dataset/Kusah-Sweet-Remix-Ft-MABANTU-Kontawa.mp3,"upbeat,happy, bongo, male, remix,featuring MABANTU"
dataset/Victor ad - Dangerous.MP3,"upbeat, energetic, intense, Afrobeat, male, Nigeria, love, dance"
dataset/Alpha p - Vibe with me.MP3,"upbeat, groovy, Afrobeats, male, dance"
dataset/Crayon - Shima.MP3,"lively, upbeat, Afrobeats, male, Nigerian"
dataset/Nsg - Ourself.MP3,"upbeat,happy, hip-hop, male, collaboration"
dataset/Asake - Ototo.MP3,"upbeat,happy, Afrobeats, male, Nigerian"
dataset/Ynug - Long live biggie.MP3,"nostalgic, powerful, hip-hop, male, tribute"
dataset/Dj khaled ft kanye west and eminem - Use this gospel.MP3,"inspiring, powerful, hip hop, mixed, collaboration"
dataset/Johnny drille - Ludo.MP3,"sentimental, romantic, Afrobeat, male, Nigerian"
dataset/Skales - Nobody's Business Ft  Banky W.mp3,"upbeat,happy, Afrobeats, male, collaboration"
dataset/Asa - Good things.MP3,"happy, uplifting, soul, afrobeat, female, positive, inspirational"
dataset/Isaac geralds - Thank god for you.MP3,"grateful, romantic, R&B, male, soulful"
dataset/Fally ipupa - Ecole.MP3,"energetic,upbeat, Afrobeat, male, "
dataset/Peruzzi ft davido - Sunshine.MP3,"happy, upbeat, Afrobeat, male, collaboration"
dataset/Lil yatchy ft dababy - Oprah's bank account.MP3,"upbeat,hype, hip hop, male, collaboration"
dataset/Ike chuks ft raysmuzik - Calling.MP3,"upbeat, energetic, romantic, Afrobeat, male, collaboration, Nigerian music"
dataset/Shallipopi Find Me.mp3,"upbeat,happy,energetic, pop, female, catchy"
dataset/Spyro-Who-Is-Your-Guy-Mzansi-Remix-ft-Focalistic.mp3,"upbeat, energetic, amapiano, male, remix, featuring Focalistic"
dataset/Yung6ix - For Example f  Stonebwoy.mp3,"upbeat, energetic, hip hop, male, collaboration, African"
dataset/Ice Prince - Whiskey ft Sunny Neji.mp3,"relaxing, sentimental, Afrobeat, male, collaboration"
dataset/Masterkraft_-_Flex.mp3,"upbeat,happy,energetic, Afrobeats, male, danceable,club"
dataset/Since '04 - D'banj.mp3,"upbeat, energetic, Afrobeats, male, Nigerian music"
dataset/Korede Bello -Full Time.mp3,"upbeat,happy, Afrobeat, male, Nigerian"
dataset/DJ Spinall - What Do You See ft Kojo Funds.mp3,"energetic, upbeat, Afrobeats, Dancehall, male, "
dataset/Waje - Call on me.MP3,"hopeful, uplifting, pop, female, inspirational"
dataset/Fireboy DML Ft Chris Brown & Shenseea - Diana.mp3,"energetic, catchy, Afrobeat, R&B, male, female, collaboration"
"dataset/DJ KSB, Charlotte_Lyf & Lowsheen - Dwala Lami (1).mp3","energetic, upbeat, lively, house, mixed, collaboration"
dataset/Reekado and oxlade - Craze.MP3,"excited,happy, Afrobeat, male, collaboration"
dataset/Teni - Uyo Meyo (Apartment VII Remix).mp3,"uplifting, celebratory, Afrobeats, female, remix"
dataset/Post malone ft gunna - I cannot be (a sadder song).MP3,"sad, Hip-Hop, male, featuring, collaboration"
dataset/Yung l - Yaadman.MP3,"energetic, confident, hip hop, male, Nigerian artist"
dataset/Dlala-Thukzin-Danki-Bawo-ft-Sykes.mp3,"energetic, lively, gqom, male, collaboration"
dataset/Small Doctor - No pressure.mp3,"energetic, upbeat, afrobeat, male, party, dance"
dataset/MAGIXX - GRATITUDE (RADIO).mp3,"uplifting, thankful, pop, male, radio edit"
dataset/Dookie - Available ft Siki.mp3,"upbeat,happy, pop, mixed, collaboration"
dataset/Dr Dolor - Bushman Ft Broda Shaggi & Slim Case.mp3,"upbeat,happy,energetic, Afrobeat, male, collaboration"
dataset/Dr Dolor - Wetin I Go Like.mp3,"upbeat,happy, Afrobeats, male, Nigerian"
dataset/Childish gambino - Summertime magic.MP3,"upbeat, summer, pop, male, Childish Gambino"
dataset/Guchi-Notice-Me-ft-Loud-Behaviour.mp3,"upbeat, energetic, Afrobeat, female, collaboration"
dataset/Anderson paak - Jewelz.MP3,"upbeat, R&B, male, soulful"
dataset/Ayra Starr - Birds Sing Of Money.mp3,"upbeat, energetic, lively, afrobeats, pop, female, catchy"
dataset/Busta 929  Ngixolele  ft Boohle .mp3,"upbeat, energetic, amapiano, male, collaboration"
dataset/Khaid - Jolie.mp3,"upbeat, happy, energetic, pop, male, catchy melody"
dataset/Balloranking-Backwoods.mp3,"upbeat, energetic, Afrobeat, Dancehall, male, feel-good"
dataset/PsychoYp Bando Diaries ( Radio Edit) Ft Odumodublvck.mp3,"energetic, hype, hip hop, male, collaboration"
dataset/ALIMA MASTERED.mp3,"upbeat, energetic, lively, afrobeat, male, dance, party"
dataset/Masterkraft_-_Chicken_Amapiano_Rhythm.mp3,"upbeat, energetic, lively, Amapiano, male, instrumental"
dataset/Zlatan - Cho Cho Ft Davido & Mayorkun.mp3,"energetic, lively, afropop, male, collaboration"
dataset/Youngboy nba - Outside today.MP3,"upbeat, energetic, rap, male, street"
dataset/Liya - I'm done.MP3,"sadness, R&B, female, heartbreak, breakup"
dataset/DMW - Mind  dflamz radio .mp3,"energetic, upbeat, Afrobeats, male, DMW, Davido, Mayorkun, Dremo"
dataset/Burna boy - Comma.MP3,"energetic, upbeat, afrobeat, male, danceable, popular"
"dataset/9umba, TOSS & Mdoovar- uMlando feat. Sino Msolo, Lady Du, Young Stunna, Sir Trill, Slade.mp3","upbeat,dance, amapiano, mixed, collaboration"
dataset/Young Jonn - Normally.mp3,"upbeat,happy, Afrobeats, male, danceable"
dataset/MOLIY LOVE DOC.mp3,"romantic, sentimental, pop, female, "
dataset/T'neeya - La la.MP3,"upbeat, catchy, Afrobeats, female, dance"
dataset/Polongo (Radio Edit) Olakira.mp3,"upbeat, energetic, lively, Afrobeats, male, danceable"
dataset/Teni - Askamaya.MP3,"upbeat,dance, Afrobeat, female, Nigerian"
dataset/Black Sherif We Up Radio Edit Clean Version.mp3,"upbeat,happy, Afrobeats, male, clean version,radio edit"
dataset/Busta Rhymes - ROBOSHOTTA  ft. Burna Boy.mp3,"energetic, empowering, hip hop, afrobeats, male, collaboration"
dataset/Burna boy ft don jazzy - Question.MP3,"energetic, upbeat, afrobeat, male, collaboration"
dataset/Seyi Vibez Ft Otega - Save Me.mp3,"melancholic, reflective, Afrobeats, male, collaboration"
dataset/Kingskid - Like to Party.mp3,"upbeat,happy,dance, pop, male, "
dataset/Sut-Iwar-EARTH-ANGEL-Midnight-Manoeuvres-Remix-Ft-Ogranya-Midnight-Manoeuvres-(JustNaija.com).mp3,"upbeat,dance, electronic, mixed, remix,featured artist"
dataset/Kece Remix - Sojaboy X Ice Prince (Prod by SoundOracle).mp3,"upbeat,energetic, Afrobeats, male, remix"
dataset/Broke Or Rich (Radio Edit) Erigga ft Jay Teaser.mp3,"energetic, upbeat, hip hop, male, collaboration, radio edit"
dataset/Bankulli ft not3s - Foreign.MP3,"energetic, upbeat, Afrobeats, male, collaboration"
dataset/Shenseea - Limited Edition (Clean).mp3,"upbeat, energetic, empowering, dancehall, female, clean version"
dataset/Dremo - Pepper.MP3,"energetic, confident, hip hop, male, Nigerian"
dataset/Seyi shay ft runtown - Gimme love.MP3,"romantic, love, Afrobeats, female, collaboration, popular"
dataset/Seemah-Ndandatho-Ft-De-Soul-Leenathi-Happy-JazzMan.mp3,"happy, jazz, mixed, collaboration"
dataset/Josiah De Disciple   ft. Kozzi SA - Mazza.mp3,"energetic,upbeat, amapiano, male, collaboration"
dataset/Darkovibes ft runtown - Mike tyson.MP3,"energetic, upbeat, Afrobeats, male, collaboration, high energy"
dataset/TIMAYA FT TIWA SAVGE - IN MY HEAD.mp3,"upbeat, romantic, Afrobeat, Male,Female, collaboration"
dataset/Wande Coal - Se na Like This.mp3,"upbeat, groovy, Afrobeat, male, Nigeria"
dataset/Post malone ft ozzy osbourne and travis scott - Take what you want.MP3,"energetic,dark, rap,rock, male, collaboration"
dataset/Kwesi arthur ft joeboy - Baajo.MP3,"upbeat,happy, Afrobeats, male, collaboration"
dataset/Wizkid - African Bad Gyal Ft  Chris Brown.mp3,"upbeat, dance, Afrobeats, R&B, male, collaboration"
dataset/Victor AD - Emoji.mp3,"lively, cheerful, Afrobeat, male, Nigerian"
dataset/Marioo-Love-Song-ft-Alikiba.mp3,"romantic, bongo flava, male, collaboration"
dataset/Polo g and nicki minaj - For the love of new york.MP3,"energetic,happy, hip hop, mixed, collaboration"
dataset/Stonebwoy & focalistic - Ariba.MP3,"energetic, upbeat, afrobeats, amapiano, male, collaboration, danceable"
dataset/Burna Boy - How Bad Could It Be.mp3,"energetic, upbeat, Afrobeats, male, Nigerian"
dataset/Victony-Angelus.mp3,"inspiring, uplifting, hip-hop, female, Nigerian"
dataset/Dj spinall ft davido - Your dj.MP3,"upbeat, energetic, afrobeats, male, collaboration"
"dataset/Ikpa udo , ife`, acetune & ifex g - Hit.MP3","upbeat, energetic, Afrobeats, Male, collaboration"
dataset/Iyanya - One side.MP3,"upbeat, lively, Afrobeat, male, uptempo, dance"
dataset/Selebobo - Bola.mp3,"upbeat,happy, afrobeat, male, "
dataset/Niniola - Memories.MP3,"upbeat,happy,energetic, afrobeat,pop, female, dance"
dataset/J cole - Amari.MP3,"energetic, confident, hip hop, male, J Cole, Amari"
dataset/Del b ft mr eazi and davido - Tattoo.MP3,"upbeat, energetic, Afrobeats, Male, collaboration"
