audio,caption
dataset/Ice-Prince-Kolo-ft.-Oxlade_Dflamz Radio.mp3,"upbeat, energetic, Afrobeats, male, collaboration, Nigerian"
dataset/Olamide ft asake - New religion.MP3,"energetic, upbeat, afrobeat, hip hop, male, collaboration"
dataset/Sean paul ft. sia - Dynamite.MP3,"energetic, upbeat, pop, dancehall, mixed, collaboration"
dataset/Lil uzi vert - All alone.MP3,"lonely, rap, male, Lil Uzi Vert"
"dataset/Hiro, Davido - Jolie Nana Remix.mp3","upbeat, afrobeat, male, remix"
dataset/DR CRYME - NIKA.mp3,"upbeat, energetic, Afrobeats, male, Ghanaian artist"
dataset/Kelvyn-Boy-Vero.mp3,"upbeat,happy, afrobeats, male, danceable"
dataset/Roman dc - Moment.MP3,"energetic,happy, pop, male, upbeat"
dataset/Dremo ft. patoranking - Wonder.MP3,"upbeat,happy, afrobeat, male, collaboration"
dataset/DJ Spinall - Dis Love ft Wizkid  Tiwa Savage.mp3,"upbeat, romantic, Afrobeats, mixed, collaboration"
dataset/Blaqbonez-ROAD-RUNNERS-Ft-Black-Sherif.mp3,"energetic,hype, hip hop, male, collaboration"
dataset/Young jonn ft tiwa savage and joeboy - Let them know.MP3,"energetic, lively, Afrobeats, Pop, Mixed, collaboration"
dataset/Davido - The Best ft Mayorkun.mp3,"energetic, upbeat, Afrobeats, male, collaboration"
dataset/PaBrymo Ft Odumodublvck - Dey Play.mp3,"upbeat,happy, afrobeat, male, collaboration"
dataset/Mahalia ft rema & ayra starr - Roadside (+234 remix).MP3,"upbeat, energetic, R&B, Afrobeat, female, male, collaboration, remix"
dataset/Sarkodie Ft Lojay Cougar.mp3,"energetic, upbeat, Afrobeats, male, collaboration"
dataset/Peruzzi ft fireboy dml - Pressure.MP3,"upbeat, energetic, Afrobeats, male, collaboration"
dataset/Shoday-You.mp3,"energetic,happy, pop, male, upbeat"
dataset/KWESI-AMEWUGA-Prepare.mp3,"upbeat, energetic, afrobeats, male, catchy"
dataset/King Perryy - Jojo ft Soft  Terri.mp3,"energetic, lively, upbeat, Afrobeats, male, collaboration, Nigerian artists"
dataset/Sha_Sha_-_Woza_Radio_Edit_72337121.mp3,"upbeat, energetic, afro-house, female, radio edit"
dataset/05-Falz-Shake-Kaka-(JustNaija.com).mp3,"party, energetic, Afrobeats, male, Nigerian"
dataset/Kcee-Tuesday.mp3,"upbeat,happy, Afrobeat, Male, Dance"
dataset/WizKid - Blessed ft Damian Marley.mp3,"uplifting, joyful, afrobeat, reggae, male, collaboration"
dataset/Popcaan x Imeru Tafari - Elevate E.mp3,"upbeat, uplifting, energetic, dancehall, male, collaboration, reggae"
dataset/Chike Ft Oxlade - Spell (Remix).mp3,"romantic, dreamy, Afrobeats, male, collaboration, remix"
dataset/Chike - Ego oyibo.MP3,"upbeat, happy, Afrobeats, male, Nigerian"
"dataset/Neyo ft bebe rexha , stefflon don - Push back.MP3","upbeat, energetic, groovy, R&B, Pop, Male, Female, collaboration, dance"
dataset/Waje - Last time.MP3,"emotional, R&B, female, soulful"
dataset/Tion wayne and russ millions ft ricky rich - Body (remix).MP3,"energetic, catchy, hip hop, rap, male, remix, collaboration"
dataset/Eddy-Kenzo-Free-ft-Justin-Micheal-Williams.mp3,"upbeat, joyous, Afrobeat, male, collaboration, energetic"
dataset/CaltonicSA_-_Boys_70326136.mp3,"energetic, upbeat, amapiano, male, dance"
dataset/Kida Kudz - Again Ft  Geko.mp3,"upbeat, energetic, Afrobeats, Dancehall, male, collaboration"
dataset/Mabel  Crying On The Dance Floor.mp3,"sad, emotional, pop, female, "
"dataset/King Perryy - Denge 3.0 Featuring Marioo, Joshua Baraka and Savara.mp3","energetic, upbeat, Afrobeat, male, collaboration, dance"
dataset/Citizen boy ft dapo tuburna - Aala.MP3,"energetic, afrobeats, male, collaboration"
dataset/Mist ft fredo - So high.MP3,"uplifting, energetic, rap, hip hop, male, "
dataset/Adekunle_Gold_Ft_Ami_Faku_Habib_Koit Chasing Peace Of Mind.mp3,"peaceful, contemplative, Afrobeat, male, collaboration"
dataset/Savage ft dj maphorisa & blxckie - Majo.MP3,"energetic, amapiano, mixed, "
dataset/Olamide - Poverty die.MP3,"upbeat, motivational, Afrobeats, male, Nigerian music"
dataset/T classic - Lykadu.MP3,"upbeat,happy, afrobeat, male, "
dataset/Sofi tukker - Baby i'm a queen.MP3,"energetic, confident, electronic, pop, female, empowering, dance"
dataset/Holla Milley Milez- Srew You (Prod.JayFred) RADIO .mp3,"energetic, upbeat, hip hop, female, radio"
dataset/Blaqbonez - Don't touch.MP3,"energetic,hype, hip hop, male, Nigerian"
dataset/E kelly ft joeboy - Oreke.MP3,"upbeat, happy, afrobeat, male, collaboration"
dataset/L.a.x - Para.MP3,"energetic, upbeat, Afrobeats, male, Nigerian"
dataset/Kayswitch ft wizkid & olamide - For example (remix)_01.MP3,"energetic, upbeat, Afrobeats, male, collaboration, remix"
dataset/Stormzy - Vossi bop.MP3,"energetic, upbeat, rap, male, British"
dataset/Magic System - Premier Gaou (Amapiano Remix).mp3,"upbeat, lively, festive, Amapiano, mixed, remix, dance"
dataset/Johnny drille ft the cavemen - Home.MP3,"peaceful, nostalgic, folk, highlife, male, collaboration, acoustic"
dataset/Kizz Daniel - Poko.mp3,"energetic, dance, afropop, male, upbeat"
dataset/Zubest ft Pelfsound - Highway.mp3,"upbeat, energetic, pop, electronic, mixed, collaboration"
dataset/QingMad - Chargie.mp3,"upbeat, energetic, afrobeat, female, dancing, summer vibes"
dataset/Ajebo Hustlers - Caress.mp3,"energetic, uplifting, Afrobeats, male, Nigerian music"
dataset/Blessings (Radio Edit) Larry Gaaga Ft Jesse Jagz & Tega Strarr.mp3,"uplifting, joyful, afrobeat, mixed, collaboration"
dataset/Omarthedj ft. bella shmurda - 365 days.MP3,"upbeat, energetic, Afrobeat, male, collaboration"
dataset/Seyi shey - Koma roll.MP3,"upbeat, energetic, Afrobeats, female, Dance"
dataset/P-SQUARE - ROLL IT.mp3,"energetic,dance, Afrobeats, male, Nigerian"
dataset/Aka and kddo - Company.MP3,"upbeat, empowering, afrobeat, male, "
dataset/5-Chargie_QingMadi.mp3,"upbeat,happy, pop, female, catchy"
dataset/05 Somandla Ukuphi.mp3,"calm, soothing, gospel, male, South African"
dataset/Praiz - Body Hot ft  Jesse Jagz & Stoneboy.mp3,"sensual, energetic, afrobeat, male, collaboration"
dataset/DRB Lasgidi - Necessary feat  Odunsi (The Engine).mp3,"upbeat, groovy, Afrobeats, male, collaboration, Nigerian music"
dataset/G-TECH-2bit-Lepanta-Ntjwaka-Ft-Focalistic-Freddy-Mablomo.mp3,"energetic, lively, afrobeats, amapiano, male, collaboration, South African music"
dataset/Kuami eugene - Bunker.MP3,"upbeat,happy, Afrobeats, male, Ghanaian"
dataset/Lyta ft seyi vibez - Different conversation.MP3,"upbeat, energetic, Afrobeat, male, collaboration"
dataset/DJ Neptune - Wait Ft  Kizz Daniel.mp3,"energetic, upbeat, Afrobeats, male, collaboration"
dataset/All Day  (Radio Edit) Waje Ft Tiwa Savage.mp3,"energetic, upbeat, Afrobeat, female, collaboration"
dataset/King Perryy - Lola (Freestyle).mp3,"upbeat, energetic, Afrobeats, male, freestyle"
dataset/Ebi carter - Raba.MP3,"energetic,happy, afrobeat, male, upbeat"
dataset/Kwesi Arthur x Kofi Mole - Nirvana.mp3,"upbeat, energetic, lively, afrobeats, hip hop, male, collaboration, Ghanaian artists"
dataset/Korede Bello - Maria.mp3,"upbeat, lively, Afropop, male, Nigerian"
dataset/Idowest - Who.mp3,"energetic, hype, Afrobeats, male, Nigerian music"
dataset/9ice_-_Aye_Labowo.mp3,"uplifting,happy, Afrobeat, male, "
dataset/Sean tizzle - Sure for you.MP3,"romantic, upbeat, afrobeat, male, love song"
dataset/Majeeed - Girls deserve more money.MP3,"uplifting,happy, pop, male, empowerment"
dataset/Blaqbonez Star Life Radio Edit Clean Version.mp3,"upbeat, energetic, hip hop, male, clean version"
dataset/Wizkid - Energy.mp3,"energetic,happy, afrobeat, male, "
dataset/Bella alubo & zoro - Dancia.MP3,"upbeat, dance, Afrobeat, female, collaboration"
"dataset/Young jonn, tiwa savage and kizz daniel - Ello baby.MP3","upbeat, lively, Afrobeats, mixed, collaboration"
dataset/King von ft fivio foreign - I am what i am.MP3,"confident, energetic, hip-hop, male, "
dataset/Wizkid - Roma ft Terri.mp3,"upbeat,happy, afrobeat, male, "
dataset/Kcee-Ebelebe-Ft-Skiibii-Teni.mp3,"upbeat,happy, Afrobeats, male, collaboration"
dataset/Mr 2kay - Who No Like Better Thing.mp3,"upbeat,happy, Afrobeat, male, popular"
dataset/LAX-Loke-Ft-Magicsticks.mp3,"upbeat, energetic, hip hop, male, collaboration"
dataset/Woza.mp3,"energetic, upbeat, afrobeats, male, dance"
dataset/Sje-Konka-Dlala-Ft-K-LeSuper-Xylokeyz.mp3,"upbeat, energetic, Amapiano, male, collaboration, instrumental"
dataset/Teni - Little (Love I Love).mp3,"upbeat,happy, afrobeat, female, catchy"
dataset/Rexxie-Asiko Ft-Lojay- Big Time.mp3,"upbeat,happy, Afrobeats, male, collaboration"
dataset/BNXN BujuTraboskI.mp3,"upbeat,happy, Afrobeat, male, collaboration"
dataset/Sarkodie - No fugazy.MP3,"energetic, confident, hip hop, male, Sarkodie"
dataset/Dj_Obza_-_Idlozi_Lami_Ft_Nkosazana_DJ_FreeTz.mp3,"upbeat,dance, afro house, male, featured artist: Nkosazana, DJ FreeTz"
dataset/Babyboy AV -Risk.mp3,"upbeat, energetic, pop, male, catchy"
dataset/LuuDadeejay-eDuze-Kwako-Ft-Baby-SON-Yumbs.mp3,"upbeat,happy, afrobeat, male, "
dataset/Marshmello ft brent faiyaz - Fell in love.MP3,"romantic, upbeat, EDM, pop, mixed, collaboration"
dataset/Barry-Jhay-Ayonbo.mp3,"upbeat,happy, Afrobeat, male, energetic,catchy"
dataset/Terri - Non stop.MP3,"upbeat, energetic, afrobeats, female, dance"
dataset/Avala - Mo fe be master.MP3,"romantic, groovy, Afrobeat, female, Nigerian"
dataset/Teni - Moslado.MP3,"upbeat, energetic, joyful, Afrobeat, female, Nigerian"
dataset/Ariana grande - No tears left to cry.MP3,"upbeat,happy, pop, female, Ariana Grande"
dataset/Kaybl3ss t42 ft mansa mili - Table for two.MP3,"romantic, chill, R&B, mixed, collaboration, duo"
"dataset/Kabza-De-small-x-Dj-Maphorisa ft-Mlindo-The Vocalist Mashudu , Shino , Kikai Mniki- we-Mali.mp3","energetic, upbeat, amapiano, mixed, collaboration"
dataset/King Perryy & PsychoYP - YKTFV.mp3,"upbeat, energetic, afrobeat, male, collaboration"
dataset/Simi - No Longer Beneficial.mp3,"upbeat, catchy, romantic, Afrobeat, female, Simi, Nigerian music"
dataset/02 Ngeke (feat. Sir Trill & Murumba Pitch).mp3,"upbeat, energetic, lively, Amapiano, male, feat. Sir Trill, Murumba Pitch"
dataset/Dalone x Kadens -Dont Say.mp3,"upbeat, energetic, Electronic, Dance, Male, Collaboration"
dataset/G2 amani - Fire energy.MP3,"energetic, powerful, intense, pop, female, fire"
dataset/VJ Adams - Do Me ft Praiz (Sigag Remix).mp3,"upbeat, groovy, Afrobeat, Remix, Male, collaboration, remix"
dataset/Ayra Starr - Last Heartbreak Song ft. Giveon.mp3,"heartbreak,sadness, R&B, Female, collaboration"
dataset/Asake - Mr money.MP3,"upbeat,happy, Afrobeat, male, "
dataset/Ice-Prince ft Dwillsharmony - Olowo.mp3,"energetic,happy, Afrobeat, male, collaboration"
dataset/Iyanya ft 5ive rings - Zone.MP3,"energetic, Afrobeats, male, collaboration"
dataset/Kabza_De_Small_feat_Wizkid_Burna_Boy_Cassper_Nyovest_Madumane_-_Sponono_70067934.mp3,"energetic,dance, afrobeat,amapiano, male, collaboration"
"dataset/Metro boomin ft swae lee, nav, a boogie wit da hoo - Calling.MP3","energetic, hype, hip hop, male, collaboration"
dataset/Asake-Sunshine (Radio clean).mp3,"upbeat,happy, Afrobeat, female, clean version"
dataset/Otega-Ogo.mp3,"happy, energetic, Afrobeat, male, Nigerian"
dataset/Kizz-Daniel-Feran-Mi-ft-Johnny-Drille.mp3,"emotional, reflective, Afropop, male, collaboration"
dataset/Muyeez - Matter.mp3,"upbeat,energetic, pop, male, catchy"
dataset/Odumodublvck Ft Zlatan Ecko Miles Picanto.mp3,"energetic, upbeat, afrobeats, male, collaboration, Nigerian artists"
dataset/Wakidy banks - Tarh tarh.MP3,"upbeat,happy, Afrobeat, male, dance"
dataset/Mafikizolo ft may d - Happiness.MP3,"happy, afrobeat, mixed, collaboration"
dataset/Ric-Hassani-I-m-Falling-In-Love.mp3,"romantic, love, pop, male, Nigeria"
dataset/Crayon ft rema - Too correct.MP3,"energetic, upbeat, Afrobeat, male, collaboration"
dataset/Dj tarico and burna boy ft preck and nelson tivane - Yaba buluku (remix).MP3,"energetic, upbeat, afro-house, afrobeats, male, remix, collaboration"
dataset/Kaestyle - Soundtrack (Clean).mp3,"energetic, uplifting, rap, male, clean version"
dataset/Makhadzi-Entertainment-Hodalesa.mp3,"upbeat, energetic, afrobeat, female, "
dataset/DJ-Tarico-x-Burna-Boy-Yaba-Buluku-Remix-ft.-Preck-Nelson-Tivane.mp3,"upbeat,dance, afrobeat, male, remix,featured artists"
dataset/Dantay - Blessed.mp3,"upbeat,happy, hip hop, male, "
dataset/Mr JazziQ  Woza Official Audio ft Lady Du Kabza De Small  Boohle.mp3,"upbeat, energetic, amapiano, mixed, collaboration"
dataset/Alfa-Kat-Phone-Yam-Ft.-Banabades-Bomoza.com_.mp3,"energetic,happy, hip hop, male, "
dataset/Raf Don - For The Gram ft. Manu WorldStar & YoungstaCPT.mp3,"upbeat,hype, hip hop, male, collaboration"
dataset/12 Cishe Nga Catcher (feat. DJ Givy Baby).mp3,"energetic, lively, playful, afrobeat, male, feat. DJ Givy Baby"
dataset/Harley - No Collab ft. Generations.mp3,"upbeat,happy, pop, male, "
"dataset/Tanya, Hiro - Bad Days.mp3","sad, introspective, pop, mixed, duet"
dataset/Yung6ix - Money is Relevant ft Phyno  Percy.mp3,"energetic, confident, hip hop, male, collaboration, rap"
"dataset/Blaqbonez ft psycho yp, laycon and a q - Zombie.MP3","energetic, hype, hip hop, male, collaboration"
dataset/Terri - For here.MP3,"upbeat,happy, pop, female, "
dataset/Nadia-Mukami-SIKO-SURE-feat-Darassa.mp3,"upbeat, lively, bongo, afro-pop, female, collaboration"
dataset/Jinmi abduls ft oxlade - Greed.MP3,"upbeat, romantic, afrobeat, male, collaboration"
dataset/Jux ft gyakie - I love you.MP3,"romantic, love, Afrobeat, mixed, collaboration"
"dataset/01 Hamba Wena (feat. Pro Tee, Qveen-rsa, Mzwilili & Kitso Nave).mp3","energetic, upbeat, afro-house, mixed, collaboration, dance"
dataset/Crayon Ft-Magixx - You-vs-You.mp3,"upbeat, energetic, Afrobeat, male, collaboration"
dataset/Rotimi - What To Do.mp3,"upbeat, lively, R&B, male, "
dataset/Uncle waffles - Echoes.MP3,"uplifting, nostalgic, pop, male, "
dataset/Nicki minaj - Fractions.MP3,"energetic, confident, rap, hip hop, female, Nicki Minaj"
dataset/EeQue-Osaletseng-morao-ft-Pcee-Icebeats-Slide-Sbuda-Maleather-Shakes-Les-Sbuda-Maleather-Shakes-Les.mp3,"energetic, lively, hip hop, male, collaboration"
dataset/DJ-Stokie-Awukhuzeki-Ft-Ommit-Sobzeen-Zee_nhle.mp3,"energetic, upbeat, Amapiano, male, collaboration"
dataset/03-Zerrydl-Puff-Pass-Remix-feat-Shallipopi.mp3,"upbeat, energetic, electronic, hip hop, male, remix, featuring female artist"
dataset/Joeboy - Duffel bag.MP3,"upbeat, happy, Afrobeats, male, Nigerian"
dataset/Chloe - Have mercy.MP3,"energetic, lively, pop, female, catchy"
dataset/01 Bambelela (feat. Master KG & Lowsheen).mp3,"uplifting,happy, Afro House, mixed, feat.Master KG,feat.Lowsheen"
dataset/Semi Tee - Isingisi_(muzmo.pro) (1).mp3,"energetic,upbeat, amapiano, male, South African"
dataset/Kiddominant and cassper nyovest - Ewallet.MP3,"energetic, upbeat, Afrobeat, male, collaboration, popular"
dataset/Shatta Wale - When I Bore.mp3,"energetic, uplifting, afrobeat, male, danceable"
dataset/KLINTON K A GOOD NAME.mp3,"upbeat,happy,positive, pop, male, catchy"
"dataset/Empawa africa, mr eazi and king promise - Baby i'm jealous.MP3","upbeat, romantic, Afrobeats, Male, Empawa Africa, Mr Eazi, King Promise"
dataset/01-Uncle-Waffles-ft-Shakes-Les-Sls.mp3,"upbeat,happy, pop, mixed, collaboration"
dataset/Matse_De_Learner_SA_-_Coffin_Dance_Amapiano_Remix-amapianosa.com-.mp3,"upbeat,dance, Amapiano, male, remix"
dataset/OlaDips - Ola Look At You.mp3,"happy, upbeat, hip hop, male, energetic"
dataset/Chisell Fire - Suicide Love .mp3,"passionate, intense, rock, male, heartbreak, emotional"
dataset/Ajebohustlers - Bole & Fish.mp3,"upbeat, lively, Afrobeat, male, Nigerian, street music"
dataset/EL-Korlebu-ft-DOPENATION.mp3,"energetic, upbeat, hip hop, male, collaboration"
dataset/The chainsmokers and bebe rexha - Call you mine.MP3,"uplifting, happy, pop, mixed, collaboration"
dataset/Shoday -  Melanin.mp3,"upbeat, energetic, afrobeats, female, empowering"
dataset/Mr Eazi - Pour Me Water (Remix) Ft Sigag Lauren x Efe Oraka.mp3,"upbeat, energetic, Afrobeats, male, remix, collaboration"
dataset/Collect.mp3,"upbeat,happy,lively, pop, male, catchy"
dataset/Senth-Lucy.mp3,"relaxing, uplifting, pop, female, upbeat"
dataset/B red ft mayorkun - Dance.MP3,"upbeat, Afrobeats, male, "
dataset/Skepta FT PORTABLE - Tony Montana.mp3,"energetic, power, rap, male, collaboration"
dataset/IMANSE FT YABA BULUKU BOYZ - JARA.mp3,"energetic, lively, afrobeat, female, collaboration"
dataset/Kolaboy-Thanksgiving.mp3,"upbeat, thankful, Afrobeat, male, celebratory"
dataset/Lil kesh - Bus stop.MP3,"upbeat, energetic, Afrobeat, male, Nigerian"
dataset/James-BKS-Best-we-can-ft-Ang-lique-Kidjo-Nomcebo-Zikode.mp3,"uplifting, energetic, afrobeat, mixed, "
dataset/Nonso amadi ft majid jordan - Different.MP3,"soulful, mellow, R&B, male, collaboration, slow tempo"
dataset/Kabza-De-small-x-Dj-Maphorisa ft - Deeper Phil -Mayibuye-iAfrica.mp3,"upbeat,happy,energetic, Amapiano, mixed, collaboration, South African music"
dataset/Cardi B - Enough Miami.mp3,"energetic, confident, hip hop, rap, female, upbeat, powerful"
dataset/GYALIS Remix Clean  Capella Greycfeat Chris Brown  Popcaan.mp3,"energetic, upbeat, dancehall, pop, mixed, remix, clean version"
dataset/Ariana grande and social house - Boyfriend.MP3,"upbeat, catchy, pop, female, collaboration, love"
dataset/Joeboy Likkle Riddim Radio Edit Clean Version 2022.mp3,"upbeat,happy, Afrobeats, male, radio edit, clean version"
dataset/Shallipopi - More Than Me.mp3,"happy, upbeat, romantic, pop, R&B, female, love, relationship"
dataset/Ric-Hassani-Osh-Mama.mp3,"upbeat, sentimental, afrobeat, male, Nigerian"
dataset/Guiltybeatz ft cina soul and mr eazi - How long.MP3,"upbeat, romantic, Afropop, mixed, collaboration"
dataset/Tipsy ft harrysong - Destiny.MP3,"upbeat,happy, Afrobeat, male, collaboration"
"dataset/Jeremih ft adekunle gold, 2 chainz - Room.MP3","chill, upbeat, R&B, hip-hop, male, collaboration"
dataset/Boy ocean ft alpha p - If.MP3,"romantic, uplifting, Afrobeats, male, collaboration"
"dataset/Kabza-De-small-x-Dj-Maphorisa ft 2woshortrsa -Stompiiey , ShaunMusiQ , FtearsShaya - Imoto.mp3","energetic, upbeat, Amapiano, mixed, collaboration, South African artists"
dataset/Silence.mp3,"calm, peaceful, melancholic, ambient, instrumental, piano"
dataset/Dr moruti - Redemption.MP3,"uplifting, motivational, house, male, instrumental"
dataset/MAVIN ALL I'M SAYING.mp3,"upbeat, energetic, positive, pop, male, catchy"
"dataset/Lsd ft sia, diplo and labrinth - Mountains.MP3","empowering, uplifting, pop, electronic, mixed, collaboration"
dataset/Lad-Ma-Wo-Mi-South-Ah-Remix-ft-Zuchu.mp3,"upbeat, energetic, Afrobeat, male, remix, featuring Zuchu"
dataset/Majeeed - Cheers to life.MP3,"upbeat,happy,celebratory, pop, male, party"
dataset/Headie one ft drake - Only you freestyle.MP3,"upbeat,hype, hip hop, male, collaboration"
dataset/Superstar-Yb-LOVE-IN-LAGOS-ft-Chinko-Ekun-(JustNaija.com).mp3,"upbeat, energetic, Afrobeat, male, collaboration"
dataset/Olakira - Summertime Ft  Moonchild Sanelly.mp3,"upbeat,summer, Afrobeat, male, collaboration"
dataset/Yemi alade ft kranium - My man.MP3,"upbeat, romantic, Afrobeat, Dancehall, female, collaboration, love song"
dataset/Dj-Maphorisa-Weh-Mama-ft-Tman-Xpress-Kabza-De-Small-(JustNaija.com).mp3,"upbeat, energetic, amapiano, male, collaboration, popular"
dataset/Berri-Tiga-Egopiano-ft-Tekno clean.mp3,"upbeat,happy, Afrobeat, male, collaboration,uplifting"
dataset/Mansa Cole ft Molazzi- Hero.mp3,"uplifting, motivational, hip-hop, male, collaboration, hero"
dataset/Seyi Vibez Ft Simi Darling (Radio Edit) Clean Version.mp3,"romantic, happy, Afrobeat, male, collaboration"
dataset/MY FAULT - RUNDA.mp3,"energetic, upbeat, hip hop, male, catchy"
dataset/Ajebutter22 Ft Toby Shang  Amapiano X Shisha.mp3,"upbeat, groovy, Amapiano, male, collaboration"
dataset/Young Jonn - Next To You ft Vedo.mp3,"upbeat, romantic, Afrobeat, R&B, male, collaboration"
dataset/Lil nas x - Dead right now.MP3,"sad, melancholic, pop, hip hop, male, Lil Nas X"
dataset/Teni - Keresimesi.mp3,"festive, joyful, afrobeats, female, Christmas"
dataset/Yemi alade ft patoranking - Temptation.MP3,"upbeat,dance, afrobeat, female, collaboration"
dataset/9 FIREBOY- OMO OLOGO MS.mp3,"upbeat, energetic, Afrobeats, male, Nigerian"
dataset/Dj maphorisa and kabza de small ft mark khoza - Vumanii bo.MP3,"upbeat, energetic, Amapiano, mixed, collaboration"
dataset/Davido - Wonder woman.MP3,"upbeat,happy, Afrobeat, male, Nigerian music"
dataset/Tekno Ft Shallipopi So What.mp3,"energetic, upbeat, Afrobeat, male, "
"dataset/Felo Le Tee, Mellow & Sleazy & SjavasDaDeejay - Gedlela (feat. Kabelo Sings & Keynote).mp3","upbeat,energetic, Amapiano, mixed, collaboration"
dataset/Gyakie and aka - Paradise.MP3,"upbeat, romantic, Afrobeat, Hip-hop, female, collaboration"
dataset/Rema - Calm Down Radio Edit.mp3,"calm,relaxing, pop, male, "
dataset/Dammy_Krane_Ft_Candy_Bleakz_-_Aje_Re-Up_.mp3,"upbeat,happy, Afrobeat, male, collaboration"
dataset/DJ Spinall - Calm Down Ft  Mr  Eazi.mp3,"calm,relaxing, Afrobeats, male, upbeat"
dataset/Ycee - Tell Nobody.mp3,"chill, mysterious, Afrobeats, male, catchy"
dataset/Mayorkun & victony - Holy father.MP3,"upbeat, spiritual, Afrobeat, Male, "
dataset/Show dem camp ft boj - Different case.MP3,"upbeat, energetic, Afrobeat, male, collaboration"
dataset/Native_Sound_System_Ft_Cruel_Santino_-_EDMP_E_Dey_Move_Person_.mp3,"energetic, upbeat, EDM, mixed, collaboration, Nigerian artist"
dataset/Sarkodie Ft Kranium Forever.mp3,"uplifting, inspiring, hip hop, male, collaboration, international"
dataset/Guchi-Feeling-Good-Ft-Bayanni Clean.mp3,"happy, energetic, afrobeat, female, upbeat, collaboration"
dataset/VEEYAH FALL IN LOVE (ORIGINAL TRACK) .mp3,"romantic, happy, pop, female, original track"
dataset/Efe x Slowdog - Bad Guy.mp3,"energetic, upbeat, Afrobeats, male, collaboration"
dataset/Coblaze-Trenches-Boy.mp3,"energetic, powerful, hip hop, male, "
dataset/Nonso Amadi - Eye to Eye.mp3,"chill, smooth, romantic, R&B, male, "
dataset/Bedouin  Set The Control For The Heart Of The Sun.mp3,"energetic, psychedelic, rock, mixed, cover song"
dataset/J cole ft 21 savage and morray - My life.MP3,"introspective, reflective, hip hop, male, collaboration, featured artists"
dataset/Pheelz & Buju - Finesse.mp3,"upbeat, groovy, Afrobeats, male, collaboration"
dataset/Shatta Wale and Tekno - Incoming.mp3,"energetic, upbeat, Afrobeats, male, collaboration"
dataset/Yemi Alade - Ogini.mp3,"energetic,happy, Afrobeats, female, Nigerian"
dataset/Nkiru - Suffer.mp3,"upbeat, energetic, Afrobeats, female, Nigerian"
dataset/Bryson tiller - Next to you.MP3,"romantic, love, R&B, male, soulful"
dataset/Sarkodie Ft King Promise Labadi.mp3,"upbeat, energetic, hip hop, male, collaboration"
dataset/Davido Over Dem I Be David For Life.mp3,"energetic,happy, afrobeat, male, Nigeria"
dataset/King Promise - Continental ft. Shallipopi.mp3,"upbeat,happy, Afrobeats, male, collaboration,featured artist"
dataset/Santi ft kida kudz - Raw dinner.MP3,"energetic, lively, afrobeat, male, collaboration"
dataset/Imagine dragons - Bad liar.MP3,"melancholic, reflective, pop, mixed, emotional, introspective"
dataset/Billnass-Maokoto-ft-Marioo-(JustNaija.com).mp3,"upbeat, energizing, Bongo Flava, Male, collaboration, Tanzanian music"
dataset/Labrinth - No ordinary.MP3,"upbeat, energetic, pop, male, nostalgic"
dataset/Moonchild Sanelly - CUTE.mp3,"energetic, fun, quirky, electronic, pop, female, upbeat"
dataset/Kizz-Daniel Ft-Blaqbonez - One-Dollar.mp3,"energetic, upbeat, Afrobeats, male, collaboration"
dataset/Jahbone Budget.Mp3,"energetic,happy, reggae, male, upbeat"
dataset/Nonso Amadi ft Zinoleesky Lock Up.mp3,"romantic, chill, Afrobeats, male, collaboration, Nigerian music"
dataset/Patoranking ft davido - Confirm.MP3,"energetic, upbeat, Afrobeat, Dancehall, male, collaboration"
dataset/Fish go deep ft tracey k - The cure and the cause.MP3,"upbeat,happy, house, mixed, vocal"
dataset/Seyi-Vibez-Apala-Interlude.mp3,"calm, reflective, Afrobeats, male, Nigerian"
dataset/G2 amani - My corner.MP3,"upbeat,happy, pop, female, love"
dataset/Isah ft aylo - Purple heart.MP3,"romantic, R&B, male, collaboration"
dataset/Timi-Dakolo-Ke-Na-Ke-So gospel.mp3,"uplifting, inspiring, gospel, male, Timi Dakolo"
dataset/DJ-808-KONSENTRAIIT-Ft-Minz-Toy.mp3,"energetic, upbeat, EDM, male, "
dataset/Praiz - Mine.mp3,"romantic, soothing, R&B, male, lovesong"
dataset/Kwesi Arthur - Pain Interlude.mp3,"emotional, reflective, hip hop, rap, male, interlude"
dataset/Sean Tizzle Ft LAX - No Shame.mp3,"upbeat, energetic, Afrobeats, male, collaboration"
dataset/Mystro - Issavibe Ft Davido.mp3,"energetic, upbeat, afrobeat, male, collaboration"
dataset/Lhf ft vector - Burst your head.MP3,"energetic, aggressive, hip hop, rap, male, collaboration"
dataset/Kizz daniel - Eko.MP3,"upbeat,happy, afrobeats, male, Nigeria"
dataset/Amerado-Fa-Me-Saa-ft-Kwaku-DMC.mp3,"upbeat,happy, hip-hop, male, collaboration"
dataset/Yemi alade - Bum bum.MP3,"energetic, dance, Afropop, female, upbeat"
dataset/Joeboy-Concerning.mp3,"upbeat, joyful, lively, Afrobeats, male, catchy"
"dataset/Kabza-De-small-x-Dj-Maphorisa ft Mashudu, LeandraVert , Chronical Deep-Yiyo.mp3","upbeat, energetic, dance, Amapiano, male, collaboration, South African"
dataset/Juls ft tobi - Beg friend.MP3,"upbeat,happy, Afrobeats, mixed, collaboration, summer vibes"
dataset/Mayorkun - Soldier boy.MP3,"upbeat, energetic, Afrobeats, male, N/A"
dataset/01-Scooter-__-QUALITYMIXTAPE.COM_.mp3,"energetic, upbeat, electronic, mixed, club, dance"
dataset/Jerry Gnex - Ecstasy.mp3,"uplifting,happy,energetic, EDM, male, instrumental"
dataset/07-Ntokzin-Usungekho-ft-Azana-Moscow-on-Keyz-(JustNaija.com).mp3,"energetic, upbeat, amapiano, male, collaboration"
dataset/Dremo - Mabel Ft Davido.mp3,"energetic,happy, Afrobeat, male, collaboration"
dataset/Ejoya & liya - Fiki.MP3,"upbeat,happy, afrobeats, mixed, collaboration"
dataset/Rydm City - Anointed .mp3,"upbeat, energetic, pop, male, anthem"
dataset/Calvin harris & dua lipa - One kiss.MP3,"upbeat, dance, pop, electronic, mixed, "
"dataset/Dj spinall ft omawunmi , slimcase - Malowa.MP3","upbeat,dance, Afrobeat, mixed, collaboration"
dataset/Joeboy - Cubana.MP3,"upbeat, energetic, Afrobeat, male, popular, Nigerian"
dataset/Khalid - Please Don't Fall In Love With Me.mp3,"chill, romantic, R&B, male, soulful"
"dataset/Leroyale - Ngizokuthanda (feat. Sino Msolo, Russell Zuma & Sipho Magudulela).mp3","romantic, soothing, afro soul, mixed, collaboration"
dataset/BNXN (Buju) - Pray.mp3,"uplifting,hopeful, Afrobeats, male, prayer,inspirational"
dataset/Sage-Thuli-Phongolo-ft-AirBurn-Sounds-Rams-De-Violinist.mp3,"upbeat,happy, afro-pop, female, collaboration"
dataset/Patoranking - Feelings.MP3,"upbeat, romantic, afrobeat, male, Nigerian"
dataset/Popcaan - Skeleton cartier.MP3,"energetic, lively, dancehall, male, Jamaican, party"
dataset/Nasty c - Blackout.MP3,"energetic, powerful, hip hop, male, South African"
dataset/Savage ft. alpha p - Buttons.MP3,"energetic, upbeat, Afrobeats, male, collaboration, Nigerian"
dataset/Simi-All-I-Want.mp3,"upbeat,happy, Afrobeats, female, love"
dataset/Lil tecca ft juice wrld - Ransom.MP3,"energetic, upbeat, hip hop, male, collaboration"
dataset/Ajebutter 22 & oxlade - Unconditionally.MP3,"romantic, soothing, emotional, Afrobeats, Male, collaboration, duet"
dataset/Waje - Bottom line.MP3,"uplifting, motivational, Afrobeat, female, Nigerian"
dataset/Skales - Shake Body.mp3,"upbeat, energetic, afrobeat, male, party"
dataset/Central cee - Khabib.MP3,"energetic, hype, rap, male, London, drill, trap"
dataset/Ariana grande and justin bieber - Stuck with u.MP3,"romantic, uplifting, pop, mixed, collaboration, love song"
dataset/Tekno and masterkraft - Beh beh.MP3,"upbeat,dance, Afrobeats, male, collaboration"
dataset/Seyi ft dj spinall - One love.MP3,"uplifting, lively, Afrobeat, male, collaboration, dance"
dataset/Master kg - Skeleton move.MP3,"energetic,happy,dance, afrobeats, male, popular"
dataset/06-Ntokzin-Tjo-Tjo-Ft-MDU-aka-TRP-Gugu-2woshot-Stompiiey-(JustNaija.com).mp3,"upbeat,dance, amapiano, male, collaboration, energetic"
dataset/Emo Grae - How Come ft Zinoleesky.mp3,"emotional,sad, Afrobeats, Male, collaboration"
dataset/Bella shmurda ft tiwa savage - Nsv.MP3,"energetic,happy, Afrobeats, mixed, collaboration"
dataset/Blaqbonez Ft Tay Iwar Ring Ring Radio Edit Clean Version.mp3,"upbeat,happy, hip hop, male, collaboration"
dataset/Chiké  Bad.mp3,"sad, emotional, Afrobeat, male, Nigerian"
dataset/Wakadinali - McMca.mp3,"energetic,hype, rap, male, Kenyan"
dataset/Nicki minaj - Red ruby da sleeze.MP3,"energetic, fierce, hip-hop, female, explicit lyrics"
dataset/Mayorkun - Lowkey .mp3,"chill, relaxed, mellow, Afrobeat, male, Nigerian"
dataset/Shallipopi-100.mp3,"upbeat,happy,energetic, pop, female, "
dataset/Thabza Tee – Nhliziyo Yami eKhala Kakhulu ft. Tman Xpress.mp3,"uplifting,happy, amapiano, male, collaboration"
dataset/Amaarae - Reckless & Sweet.mp3,"upbeat, sensual, Afrobeat, female, uplifting, groovy"
dataset/Boy spyce - So bad.MP3,"upbeat, energetic, pop, male, catchy"
"dataset/Mr real ft maphorisa ,niniola - Legbegbe remix.MP3","energetic, dance, afrobeat, mixed, remix, collaboration"
dataset/Brown Shuga.mp3,"upbeat,happy, pop, female, catchy"
dataset/Charlie puth - Light switch.MP3,"upbeat,happy, pop, male, catchy"
dataset/Badman EDITED - Copy.mp3,"energetic, upbeat, pop, male, remix, edited"
dataset/Laycon-Senseless dflamz radio .mp3,"upbeat, Afrobeats, male, radio"
dataset/Burna Boy - For My Hand feat. Ed Sheeran.mp3,"upbeat, energetic, Afrobeat, male, collaboration"
dataset/Gregor Salto & Spykida feat .Obadd-VIBRATION.mp3,"energetic,dance, house, mixed, collaboration"
"dataset/Larry gaaga ft 2baba, burna boy , dbanj - Baba nla.MP3","energetic,upbeat, afrobeat, male, collaboration"
dataset/Adekunle Gold - The Life I Chose .mp3,"uplifting, reflective, Afrobeat, male, Nigerian music"
dataset/Kizz daniel - Ja.MP3,"upbeat, energetic, Afrobeats, male, Nigerian artist"
dataset/Poco Lee ft Qdot - JOKORIKO.mp3,"energetic, lively, Afrobeats, male, collaboration"
dataset/Oxlade - Baddest boy (cover).MP3,"upbeat, playful, Afrobeat, male, cover"
dataset/Dustinho - Buya (feat. Pixie L).mp3,"upbeat, energetic, afro house, male, feat. Pixie L"
dataset/Timaya - I Concur Ft  Don Jazzy.mp3,"upbeat, energetic, Afrobeats, male, collaboration"
dataset/Ink-Boy-For-Days-Ft-Sarkodie.mp3,"upbeat,happy, Afrobeat, male, "
dataset/Drake - Toosie slide.MP3,"upbeat,dance, hip-hop, male, popular"
dataset/Peruzzi & Aceberg - Ready.mp3,"energetic, upbeat, Afrobeats, male, collaboration"
dataset/Ed sheeran ft justin bieber - I don't care.MP3,"upbeat,happy, pop, male, "
dataset/Ambelete - Chophead.mp3,"energetic, hype, hip hop, male, fast tempo"
dataset/MO'HITS ALL STARS - WHY ME (REMIX).mp3,"upbeat, energetic, afrobeat, mixed, collaboration, remix"
dataset/WON DA MO MASTER RADIO EDIT.mp3,"upbeat,happy,energetic, Afrobeats, male, dance,party"
dataset/Tomi thomas - Who knew.MP3,"upbeat, energetic, Afrobeats, male, "
dataset/The game ft kanye west - Eazy.MP3,"energetic, powerful, hip hop, male, collaboration"
dataset/Tjan - Future in your eyes.MP3,"hopeful, romantic, R&B, male, soulful"
dataset/Tshego - No Ties (Amapiano Remix)_(muzmo.pro).mp3,"upbeat, lively, Amapiano, male, remix"
dataset/Qing-Madi-YBIL-ft-Kizz-Daniel.mp3,"upbeat,happy, Afrobeats, male, "
dataset/King Perryy - Work N Grind.mp3,"upbeat, energetic, Afrobeat, male, danceable"
dataset/Stakev-S-hamba-Nabo-ft-Toss-Kabza-De-Small-Professor-(JustNaija.com).mp3,"energetic,happy, Amapiano, male, collaboration"
dataset/Wavy the creator ft. wurld - Harmonies.MP3,"calm, uplifting, Afrobeats, male, collaboration"
dataset/Taylor swift ft brendon urie of panic! at the disc - Me!.MP3,"upbeat, catchy, pop, female, collaboration, famous artists"
dataset/Dremo - Ringer Ft Reekado Banks.mp3,"lively, upbeat, Afrobeat, male, collaboration, Nigerian"
dataset/Vedo - You got it.MP3,"romantic, uplifting, R&B, male, soulful"
dataset/Boy-Spyce-You-Rum-Schnapp mp3.mp3,"lively, energetic, Afrobeats, male, upbeat"
dataset/Dj Neptunes Feat M I - 1 2 3.mp3,"energetic,upbeat, hip hop, male, collaboration"
dataset/DJ 4kerty - Ma Wo Be ft Lyta.mp3,"energetic,dance, afrobeats, male, collaboration"
dataset/Tiwa savage ft duncan mighty - Lova lova.MP3,"upbeat, romantic, Afrobeats, R&B, female, collaboration"
dataset/Yemi alade ft rick ross - Oh my gosh (remix).MP3,"upbeat, Afrobeats, female, collaboration"
dataset/MAVIN - JARA.mp3,"Upbeat, Energetic, Afrobeat, Male, Dance"
dataset/Wande Coal - My Way.mp3,"upbeat,happy, Afrobeat, male, danceable,uplifting"
dataset/QingMad - Madi's Medley.mp3,"upbeat,happy, pop, female, medley"
dataset/Olamide - Life Goes On.mp3,"uplifting,hopeful, Afrobeat, male, Nigeria"
dataset/Crowd krontroller ft niniola - Bambam (extended.MP3,"energetic, lively, afrobeat, mixed, collaboration"
dataset/Armani white ft asap ferg - Silver tooth.MP3,"energetic, upbeat, hip hop, male, collaboration"
dataset/Sykes-Sisekakeni-Babies-ft-Skillz-Musiq-RudeBoyz.mp3,"energetic, upbeat, Gqom, Afro House, mixed, collaboration"
dataset/Odumodublvck ft cruel santino &  bella shmurda - Dog eat dog ii.MP3,"energetic, upbeat, Afrobeats, mixed, collaboration"
dataset/Seyi-Shay-For-the-Streets-ft-JRose.mp3,"energetic, empowering, Afrobeats, female, collaboration"
dataset/DOTMAN-E-Clear.mp3,"energetic, upbeat, Afrobeats, male, dance, Nigerian"
dataset/Meek mill ft roddy ricch - Letter to nipsey hustle.MP3,"inspirational,sad, rap, male, tribute"
dataset/Jumabee  ft Wizard Chan  - Heaven.mp3,"uplifting,happy, Afrobeat, male, collaboration"
dataset/Tems - Turn Me Up.mp3,"sensual, emotional, R&B, female, Nigerian"
dataset/Dremo - Fela Tribute.mp3,"nostalgic, powerful, hip hop, male, Fela Kuti, tribute"
dataset/Daliwonga - Gumba Fire_(muzmo.pro).mp3,"upbeat,happy, amapiano, male, South African"
dataset/Problems rakbekah.mp3,"upbeat,happy, pop, female, energetic"
dataset/Niphkeys &  Reekado Banks - Man Of The Year.mp3,"upbeat, energetic, Afrobeats, male, collaboration"
dataset/DanDizzy-Oppress-ft-ODUMODUBLVCK-Jeriq-DTg.mp3,"Energetic, Aggressive, Hip Hop, Male, Collaboration"
dataset/J hus - Fight for your right.MP3,"energetic, empowering, rap, male, uplifting"
dataset/Mr Eazi - Short Skirt (Ft  Tekno).mp3,"upbeat,energetic, Afrobeats, male, collaboration"
dataset/Wizkid - Soco (Starboy Ft  Wizkid  Ceeza Milli  Spotless & Terri).mp3,"energetic,happy, afrobeat, male, collaboration"
dataset/Imagine dragons - I don't like myself.MP3,"uplifting, energetic, pop, rock, male, alternative"
dataset/Azana X Tolibian - Oshey.mp3,"upbeat,happy, afrobeat, female, collaboration"
dataset/Wande Coal - Don t Feel Love.mp3,"emotional, reflective, R&B, male, love, heartbreak, soulful"
dataset/The-Cavemen-Ugo-(TrendyBeatz.com).mp3,"energetic, upbeat, rock, male, uptempo"
dataset/Fireboy dml - Like i do.MP3,"upbeat, romantic, Afrobeat, male, Nigerian"
dataset/Madonna & sickick ft fireboy dml - Frozen (remix).MP3,"energetic,upbeat, pop, mixed, remix, collaboration"
dataset/Ice Prince - Magician ft Young L & J-milla.mp3,"upbeat, energetic, hip hop, male, collaboration, rap"
dataset/Sefa ft. sarkodie & dj tira - Fever.MP3,"energetic, lively, afrobeat, male, featuring, collaboration"
dataset/WINNER - DECOPOLY.mp3,"upbeat,happy, K-pop, male, energetic"
dataset/Samthing Soweto & De Mthuda-Weekend.mp3,"chill,relaxing,uplifting, afro house, male, collaboration"
dataset/Skillibeng ft F.S. - Whap.mp3,"energetic, upbeat, dancehall, male, collaboration, Jamaican artist"
dataset/Zinoleesky-Many-things.mp3,"upbeat,happy, afrobeat, male, Nigerian"
dataset/Jay1 - Million bucks.MP3,"upbeat,happy, pop, male, catchy"
dataset/Wstrn ft sai so - Armagidion.MP3,"upbeat, energetic, hip hop, R&B, mixed, collaboration"
"dataset/Dj jimmy jatt ft mr eazi , skales - Halima.MP3","upbeat, groovy, afrobeats, male, collaboration"
"dataset/Snoop dogg ft jermaine dupri, ozuna and slim jxmmi - Do it when i'm in it.MP3","energetic, catchy, hip hop, reggaeton, male, collaboration"
dataset/Ajebo Hustlers - Yafun Yafun.mp3,"happy, energetic, Afrobeats, mixed, popular"
dataset/Wes nelson - Say nothing.MP3,"upbeat, energetic, pop, male, catchy"
dataset/SOS-Musiq-Bathini-Ft-LeeMckrazy-Bathini.mp3,"energetic, lively, Hip Hop, male, collaboration"
dataset/Vector - Angeli ft 9ice.mp3,"energetic, uplifting, Afrobeat, male, collaboration"
dataset/Zaaki Azzay ft Jay Teazer - No Gree 4 Anybody .mp3,"energetic, upbeat, Afrobeat, male, collaborative, Nigerian"
dataset/JeriQ_-_Billion_Dollar_Dream.mp3,"uplifting,hopeful, hip-hop, male, inspirational"
dataset/Dj-Maphorisa-Hayi-Baleka-Ft-TNK-MusiQ-TmanXpress-Ricky-Lenyora.mp3,"energetic, upbeat, amapiano, mixed, collaboration"
dataset/DJ Spinall - Jabole Ft  Ycee & Oxlade.mp3,"energetic, upbeat, Afrobeats, mixed, collaboration"
dataset/Peruzzi ft Fireboy DML-Pressure.mp3,"upbeat, energetic, Afrobeat, male, collaboration"
dataset/King promise - Terminator.MP3,"energetic, uplifting, Afrobeats, male, dance"
dataset/Johnny drille & simi - Halleluya.MP3,"romantic, soulful, Afrobeat, R&B, male, female, collaboration"
dataset/Mas-Musiq-Sbali-ft-TO-Starquality-Xolani-Guitars-Major-League-DJz.mp3,"upbeat, energetic, amapiano, mixed, collaboration"
dataset/TBDK (feat. Sinzu & Erigga)_ Dflamz Radio.mp3,"upbeat, energetic, Afrobeats, Hip Hop, male, collaboration"
dataset/Kabza De Small Feat Young Stunna - Ngeke Balunge (Official Audio.mp3,"upbeat, energetic, Amapiano, male, collaboration"
dataset/Wizkid - Pressure.mp3,"energetic,upbeat, afrobeats, male, Nigerian"
dataset/Mohbad - Feel good.MP3,"upbeat,happy, Afrobeats, male, "
dataset/The cavemen - Stranger.MP3,"mysterious, suspenseful, rock, male, cave-like"
dataset/Bnxn fka buju ft olamide - Modupe.MP3,"grateful, cheerful, Afrobeats, male, collaboration"
dataset/Alpha P - Paloma (DJ Tunez & D3AN Remix).mp3,"upbeat, energizing, Afrobeat, remix, male, popular, dance"
dataset/KO_Ft_Young_Stunna_Diamond_Platnumz_Oxlade - SETE_REMIX.mp3,"energetic, upbeat, afrobeats, male, collaboration, remix"
dataset/Ladi Poe - Lemme Know (Remix) Ft  Teni.mp3,"smooth, upbeat, Afrobeats, male, collaboration, remix"
dataset/Laycon-Remember-Me.mp3,"upbeat, nostalgic, Afrobeats, male, Laycon"
dataset/L.a.x ft yemi alade - Bad.MP3,"upbeat, energetic, lively, Afrobeats, male, female, collaboration"
dataset/spee ft phyno.mp3,"energetic, upbeat, Afrobeats, male, collaboration"
"dataset/Basketmouth ft chike, zoro and play - Life.MP3","uplifting, joyful, Afrobeat, male, collaboration"
dataset/Kizz Daniel - My G.mp3,"upbeat, energetic, Afrobeats, male, Nigeria, dance"
dataset/Chris brown ft drake - No guidance.MP3,"chill, romantic, R&B, male, collaboration"
dataset/Efe - Far Away.mp3,"dreamy, uplifting, pop, male, nostalgic"
dataset/Rachel Platten  Fight Song.mp3,"inspiring, empowering, pop, female, "
dataset/Jesse-Jagz-Chant-Down-Babylon-(JustNaija.com).mp3,"uplifting, empowering, reggae, male, "
dataset/Chinko ekun ft mohbad - Jafafa.MP3,"energetic,hype, Afrobeats, male, collaboration"
dataset/Kiing Lu ft vector PULL UP.mp3,"energetic, uplifting, hip hop, male, collaboration, rap"
dataset/Asake 2 30 O To Ojor Meta.mp3,"energetic, upbeat, lively, Afrobeats, male, Nigerian music"
dataset/Vector ft ichaba - I need you.MP3,"upbeat, romantic, afropop, male, Nigerian, collaboration"
dataset/Jeriq - Ifedinmma.mp3,"uplifting, romantic, Afrobeat, male, Nigerian"
dataset/Durbans finest ft professor - Umsindo.MP3,"energetic,upbeat, house, mixed, collaboration"
dataset/Buju-–-So-Lovely.mp3,"happy, romantic, Afrobeats, male, Buju"
dataset/Pami (Radio Edit) Idowest.mp3,"energetic,hype, afrobeats, male, danceable"
dataset/The weekend - Heartless.MP3,"dark, energetic, R&B, male, explicit, anthem"
dataset/Sarkodie ft mr eazi - Do you.MP3,"energetic, romantic, Afrobeats, male, collaboration"
dataset/Like-Mike-Bambelela-Ft-Candy-Man-Cornelius-SA-Nomvula-SA.mp3,"upbeat, afro-house, male, collaboration"
dataset/Kashcoming - Jonze.MP3,"upbeat, energetic, hip hop, male, "
dataset/02-Bella-Ciao-feat.-Kabza-De-Small.mp3,"upbeat, energetic, Amapiano, mixed, collaboration"
dataset/Jaido-P-Jowo-Ft-mohbad.mp3,"energetic,happy, afrobeat, male, collaboration"
dataset/Gibel'istimela (feat. Kaylash & Mindloswamapiano).mp3,"energetic, upbeat, amapiano, mixed, feat. Kaylash, Mindloswamapiano"
dataset/Greyc - Sere.MP3,"melancholic,sad, pop, female, piano"
dataset/Vector ft wande coal - Mama maradona.MP3,"energetic, joyful, afrobeats, male, collaboration"
dataset/Bad.mp3,"sad, intense, pop, female, heartbreak"
dataset/BELLA SHMURDA FT LIL KESH  -  DND.mp3,"upbeat, energetic, Afrobeats, male, collaboration"
dataset/Ajebutter 22  Ft KiDi & Joey B --Dey Ok.mp3,"upbeat, happy, Afrobeats, male, featured artists: KiDi, Joey B"
dataset/Johnny Drille  odo feat Styl Plus .mp3,"romantic, soothing, Afrobeat, male, collaboration, Nigerian"
dataset/Davido - Something fishy.MP3,"upbeat, energetic, afrobeat, male, Nigerian"
dataset/Crayon - L' eko.MP3,"upbeat, energetic, Afrobeat, male, Nigerian"
dataset/Drake ft james fauntleroy - Girls love beyonce.MP3,"romantic, emotional, R&B, Hip hop, male, collaboration"
dataset/Larrylanes-Emotional-Robbery-ft-Reekado-Banks clean.mp3,"emotional, Afrobeat, Male, Collaboration"
dataset/Laycon ft mayorkun - Verified.MP3,"upbeat, energetic, Afrobeats, male, collaboration"
dataset/Maleek berry - Somebody falling.MP3,"upbeat, energetic, Afrobeats, male, Nigerian music"
dataset/Burna boy ft seyi vibez - Giza.MP3,"energetic, upbeat, afrobeat, male, collaboration"
dataset/Sarkodie - Confam.mp3,"upbeat, energetic, hip hop, male, Ghanaian"
dataset/Childish gambino - This is america.MP3,"provocative, powerful, intense, hip hop, trap, male, social commentary, political, controversial"
dataset/Terri RYN - On Me.mp3,"energetic, upbeat, pop, female, catchy"
dataset/Reekado banks ft harmonize - Mama.MP3,"joyful, energetic, Afrobeat, male, collaboration, popular"
dataset/Travis scott - Highest in the room.MP3,"energetic,hypnotic, hip hop, male, popular,rap"
dataset/Oskido-Dali-Buya-Club-Mix-Ft-X-Wise-Nkosazana-Daughter-OX-Sounds.mp3,"energetic,upbeat, house, male, feat. X-Wise, Nkosazana, Daughter, OX Sounds"
dataset/Cristale x LaaLee -  Bong Bing.mp3,"upbeat, energetic, pop, mixed, collaboration"
dataset/DJ Tunez - My Love ft Adekunle Gold.mp3,"upbeat, romantic, Afrobeats, male, collaboration, popular"
dataset/Mshizo-21-Justin99-Take-Note-ft-Star-Jazz-T-K-Projects.mp3,"energetic, upbeat, house, mixed, collaboration"
dataset/Article-Wan-Donow-Ft-Quamina-Mp.mp3,"energetic, upbeat, Afrobeat, Hip Hop, male, collaboration, Ghanaian artists"
dataset/Majeeed-Slip-Slide-ft-Rotimi.mp3,"energetic, upbeat, R&B, Hip Hop, male, collaboration"
dataset/Simi - Duduke.MP3,"romantic, soothing, Afropop, female, Nigerian"
dataset/Megadrumz-Vukani-Bo-Dakie-ft-Aymos.mp3,"energetic, uplifting, Amapiano, male, collaboration"
dataset/Reekado banks ft mr eazi - People dey.MP3,"energetic, lively, afrobeat, male, collaboration"
dataset/Patoranking - Sunshine.MP3,"upbeat, joyful, Afrobeat, male, summer vibes"
dataset/Burna boy - City boys.MP3,"energetic, lively, afrobeat, male, Nigeria, African music"
dataset/Tory lanez - Cap.MP3,"upbeat, energetic, hip hop, male, Toronto"
dataset/Tolani Ft Qdot - I Believe .mp3,"uplifting, motivational, Afrobeat, mixed, collaboration"
dataset/Harmonize-Morning-Call.mp3,"calm, peaceful, soothing, R&B, Afro-pop, male, morning, wake-up"
dataset/Niniola - Look like me.MP3,"groovy, energetic, afrobeat, female, danceable"
dataset/Coldplay ft. selena gomez - Let somebody go.MP3,"melancholic, emotional, pop, mixed, collaboration, heartfelt"
dataset/Libianca-angeldemon.mp3,"energetic, intense, rock, female, demon, angel"
dataset/Noon-Dave-Hillary-Remix-Ft-Pabi-Cooper-(JustNaija.com).mp3,"upbeat,happy, afrobeats, male, remix,featured artist"
dataset/Boj ft enny - Culture.MP3,"energetic, lively, afrobeat, male, collaboration"
dataset/Wande Coal - Oh No No.mp3,"upbeat,dance, Afrobeats, male, love"
dataset/Timaya - SWEET US.mp3,"upbeat,happy, Afrobeats, male, danceable"
dataset/Marshmello - Check this out.MP3,"upbeat, energetic, EDM, male, "
dataset/Otile-Brown-My-Sugar-ft-Nadia-Mukami.mp3,"romantic, happy, afro-pop, male, "
dataset/Megan thee stallion ft future - Pressurelicious.MP3,"energetic, confident, rap, female, featured artist: Future"
dataset/Vector - Kilode Ft  Emmsong.mp3,"upbeat, energetic, afrobeat, male, collaboration"
dataset/Anne marie - Perfect to me.MP3,"uplifting, empowering, pop, female, "
dataset/Burna boy ft j hus - Cloak and dagger.MP3,"energetic, groovy, afrobeat, male, collaboration"
dataset/Mafikizolo-Khona-ft-Uhuru-Mapiano.mp3,"upbeat, dance, afro-pop, kwaito, mixed, collaboration, South African music"
dataset/Amaarae - Trust fund baby.MP3,"upbeat, energetic, confident, afrobeats, R&B, female, independent, empowering"
dataset/Sigag lauren ft deborah prest - Party nights.MP3,"upbeat, lively, pop, female, collaboration"
dataset/Bad Boy Timz - On Me.mp3,"energetic, upbeat, lively, Afrobeat, male, Nigerian"
dataset/Tyga ft j balvin and chris brown - Haute.MP3,"upbeat, hip hop, male, collaboration"
"dataset/DJ Breezy “Walk & Move” ft. Kelvyn Boy, DarkoVibea, Joey B & Medikal.mp3","energetic, upbeat, Afrobeats, mixed, collaboration"
dataset/Kizz Daniel - Double.mp3,"upbeat, energetic, Afrobeat, male, catchy"
dataset/Mr Eazi - Pour Me Water (Vixxeal Remix).mp3,"upbeat,dance, afrobeat, male, "
dataset/DeeJay Skunk - Because of You (Amapiano Remix)_(muzmo.pro).mp3,"upbeat, happy, Amapiano, male, remix"
dataset/Tems Ft Asake - Get it Right.mp3,"upbeat, energetic, Afrobeats, female, collaboration, Nigerian artists"
dataset/Reekado Banks - Fakosi.mp3,"energetic,happy, Afrobeats, male, "
dataset/JOEBOY - 24-7.mp3,"upbeat, joyful, Afrobeats, male, love"
dataset/Iyanya - No drama.MP3,"upbeat,dance, Afrobeat, male, club banger"
dataset/Oxlade - Away.MP3,"upbeat, romantic, Afrobeat, male, Nigerian"
dataset/Kay jay - Weakness.MP3,"melancholic, emotional, R&B, male, heartbreak"
dataset/Nasty C - SMA feat. Rowlene dflamz clean .mp3,"calm,sad, hip hop, male, explicit,featured artist"
dataset/Donna Adja -Ganja .mp3,"upbeat,happy,energetic, dancehall, female, summer vibes"
dataset/Young Jonn - Dada.mp3,"upbeat, afrobeats, male, dance"
dataset/Falz - Loving.MP3,"happy, love, Afrobeats, male, Nigerian"
dataset/Iniesta (Radio Edit) King Promise.mp3,"upbeat, energetic, Afrobeats, male, radio edit, King Promise"
dataset/Tomi thomas ft. stylo g - Hopeless romantic remix.MP3,"romantic, hopeful, remix, male, "
dataset/Majeeed ft joeboy - Yawa no dey end (remix).MP3,"upbeat,happy, Afrobeats, male, collaboration,remix"
dataset/DJ Neptune - Rolling Ft  Niniola.mp3,"upbeat,happy, Afrobeat, female, collaboration,featured"
dataset/Olamide - Billion talk.MP3,"energetic, upbeat, afrobeats, male, Nigerian music"
dataset/Dj klem ft olawale - Alubarika.MP3,"upbeat,happy, Afrobeat, male, collaboration"
dataset/Victor_AD_-_Prayer_Request_ft_Patoranking_talkglitz.tv.mp3,"inspirational, Afrobeat, male, collaboration"
dataset/Skiibii - Daz How Star Do ft Teni Falz DJ Neptune.mp3,"happy, energetic, Afrobeats, Male, collaboration"
dataset/Senth-Deserve-Better.mp3,"uplifting, motivational, pop, male, "
dataset/Travis scott  ft zoey dollaz - Raid.MP3,"energetic,hype, hip-hop, male, collaboration"
dataset/Seun Kuti -  Dey.mp3,"energetic, upbeat, Afrobeat, male, high tempo"
dataset/Olootu - Nice N Plain.mp3,"upbeat,happy, Afrobeat, male, catchy"
dataset/Muthoni Drummer - Pomoni.mp3,"energetic, upbeat, lively, afro-pop, female, dance, summer vibes"
dataset/Headie one ft frenna - Bigger than life.MP3,"energetic, empowering, rap, male, collaboration"
dataset/Qdot  - America.mp3,"energetic, upbeat, Afrobeat, male, Nigeria"
dataset/Purple Song ( Radio Edit) Omah Lay.mp3,"relaxed, chill, Afrobeats, male, radio edit"
dataset/Dj-Maphorisa-Ingxoxo-Ye-Mali-ft-Tman-Xpress-Mellow-Sleazy-(JustNaija.com).mp3,"energetic, upbeat, amapiano, male, collaboration"
dataset/Kizz daniel ft the cavemen. - Oshe.MP3,"joyful, upbeat, Afrobeats, male, collaboration"
dataset/Teni - Trouble.MP3,"upbeat,happy, Afrobeats, female, Nigerian"
dataset/DOTMAN - ESAN.mp3,"upbeat, energetic, afrobeats, male, Nigerian"
dataset/Dj ObzaMang Dakiwe ft Leon Lee.mp3,"upbeat,dance, Amapiano, male, collaboration"
dataset/Buju ft. Blaq Diamond -Italy (Refix).mp3,"upbeat, energetic, Afrobeats, male, collaboration, remix"
dataset/Kizz Daniel - No Do.mp3,"upbeat,happy,energetic, Afrobeat, male, "
dataset/VASA - 50-50 .mp3,"upbeat, energetic, pop, male, catchy"
"dataset/Dj neptune, joeboy and mr eazi - Nobody.MP3","upbeat, lively, romantic, Afrobeats, male, collaboration"
dataset/Omah lay - Soso.MP3,"chill, groovy, Afrobeats, male, Nigerian"
dataset/Stakev-Celubuye-ft-Thatohatsi-(JustNaija.com).mp3,"upbeat, energetic, afro-house, male, collaboration, dance"
dataset/Marioo x Jovial - Amor.mp3,"romantic, love, bongo flava, mixed, collaboration"
dataset/Ruger -  Bun Bun.mp3,"energetic,upbeat,happy, Afrobeats, male, Nigerian"
dataset/Ed sheeran - One life.MP3,"sentimental, reflective, pop, acoustic, male, singer-songwriter"
dataset/BrunoMarsfeat.ReFixKingz-FinesseReFix8-BarIntroClean.mp3,"energetic, upbeat, pop, R&B, male, collaboration, remix"
dataset/Dj boat ft victony - Old school love.MP3,"romantic, afrobeat, male, collaboration"
dataset/Teni Ft Mayorkun Costa Titch Ch cco Maitama.mp3,"energetic, upbeat, fun, afrobeat, multiple, collaboration"
dataset/Kel-P Vibes.mp3,"upbeat, energetic, groovy, Afrobeat, dancehall, male, "
dataset/Ajebutter22 Ft Ajebo Hustlers Enjoyment.mp3,"exciting, upbeat, Afrobeat, male, collaboration, Nigerian music"
dataset/Mr Real - Legbegbe (Remix) Ft  Niniola  Dj Maphorisa  Vista & Catzico.mp3,"energetic, upbeat, afrobeat, male, remix, collaboration"
dataset/Joeboy - Oh.MP3,"upbeat,happy, Afrobeats, male, love song"
dataset/Ashley tisdale - Voices in my head.MP3,"reflective, haunting, emotional, pop, female, Disney, actress, High School Musical"
dataset/Ayox-Need-You-To-Stay.mp3,"upbeat, energetic, romantic, pop, male, love song"
dataset/01-Falz-How-Many-Ft-Crayon-(JustNaija.com).mp3,"upbeat,dance, Afrobeats, male, collaboration"
dataset/Rjz-Abofra.mp3,"upbeat,happy, afrobeat, male, Ghanaian"
dataset/Ojahbee ft oxlade - Dutty luv.MP3,"romantic, soothing, Afrobeat, male, collaboration, love song"
dataset/Tekno - On You.mp3,"upbeat,dance, Afrobeat, male, Nigerian"
dataset/Kabza_De_Small_feat_Daliwonga_-_Ilog_Drum_70064853.mp3,"energetic,upbeat, Amapiano, male, collaboration, dance"
dataset/Mojo - Wowo.MP3,"energetic,happy, pop, male, "
dataset/Leriq - Turn Up ft Burna Boy  Phyno.mp3,"energetic, upbeat, afrobeat, male, collaboration"
dataset/Sza - Good days.MP3,"chill, positive, R&B, female, empowering"
"dataset/Heavy k ft ntombi , niniola - Let them talk.MP3","upbeat, celebratory, afro house, mixed, collaboration"
dataset/Young t and bugsey ft aitch - Strike a pose.MP3,"energetic, confident, rap, mixed, collaboration"
dataset/Dotman - Hakuna matata (wahala).MP3,"happy, energetic, Afrobeat, male, "
dataset/Soft - Imagine.mp3,"soft, pop, male, "
dataset/DJ Lemmy -  zekete.mp3,"energetic, lively, electronic, male, "
dataset/BOY MALIQ FT BAHDBOI OML - SHAYO.mp3,"upbeat,happy, Afrobeats, male, collaboration"
dataset/Dave - System ft. WizKid [Clean Version].mp3,"energetic, upbeat, hip hop, male, collaboration"
dataset/Juls ft wande coal - Sister girl.MP3,"upbeat, danceable, Afrobeats, male, collaboration"
dataset/NYELU - SHEKERE.mp3,"upbeat, energetic, Afrobeat, female, "
dataset/TARIQ - BAD INTENTIONS.mp3,"dark, intense, hip hop, male, urban"
dataset/Dababy - Roof.MP3,"energetic, rap, male, "
"dataset/VibezInc Ft SeyiVibez,Odumodublvck,TmlVibez - On-God.mp3","energetic, upbeat, Afrobeats, mixed, collaboration"
"dataset/Dj khaled ft jay z, future , beyonce - Top off.MP3","energetic, confident, hip hop, rap, mixed, collaboration, popular"
dataset/Ill Bliss Ft Fav - Peace Of Mind.mp3,"calm, reflective, hip-hop, male, collaboration"
dataset/Johnny Drille - Wait For Me.mp3,"sentimental, longing, hope, folk, acoustic, male, Nigerian artist, love song"
dataset/Rexxie ft shoday - Idme.MP3,"energetic, upbeat, Afrobeats, male, collaboration"
dataset/Yung6ix - Inna The Benz.mp3,"energetic, upbeat, hip hop, male, fast-paced, rap"
dataset/Mthebele M.patrick & Shuza Drums Feat Six Past twelve.mp3,"upbeat,happy, afro-house, mixed, collaboration"
dataset/Pawzz - Koma.mp3,"calm,relaxing, pop, female, "
dataset/Justin bieber ft chance the rapper - Holy.MP3,"uplifting,inspirational, pop, male, collaboration"
dataset/Iyanya - Up To Something Ft  Don  Jazzy & Dr Sid.mp3,"energetic, upbeat, Afrobeats, male, collaboration"
dataset/Ice prince ft seyi vibez and ceeza milli - Hustle.MP3,"energetic, inspiring, Afrobeat, male, collaboration, motivational"
dataset/Young Jonn- Go Hard.mp3,"energetic, upbeat, afrobeats, male, club banger"
dataset/Selena Gomez - Love On .mp3,"romantic, love, cheerful, pop, female, "
dataset/Olamide - Need for speed.MP3,"energetic, fast-paced, Afrobeats, male, Nigerian"
"dataset/Vibez-Inc ftNerryckole,Seyi-Vibez - Shine.mp3","uplifting,happy, Afrobeats, male, collaboration, Nigerian artist"
dataset/Reekado Banks - Options ft Parker Ighile.mp3,"upbeat,happy, afrobeat, male, collaboration"
dataset/Amaarae-Big-Steppa.mp3,"energetic, confident, Afrobeat, Dancehall, female, upbeat"
dataset/Tolu makay - Ocean.MP3,"calm, peaceful, soul, female, introspective"
dataset/Ed sheeran - Visiting hours.MP3,"emotional, reflective, pop, male, singer-songwriter"
dataset/Simi & Adekunle Gold - Balance.mp3,"upbeat,happy, Afrobeats, mixed, "
dataset/Cassper Nyovest  Siyathandana ft Abidoza Boohle.mp3,"upbeat,happy,romantic, afro-pop, male, collaboration"
dataset/Darkoo - Kryptonite.MP3,"energetic, powerful, Afrobeats, female, hit song"
dataset/Badboy timz - Have fun.MP3,"upbeat, energetic, Afrobeats, male, party, dance"
"dataset/Tiwa savage, young jonn and ayra starr - Stamina.MP3","energetic, upbeat, catchy, Afrobeats, female, collaboration, Nigerian artists"
dataset/Tems - Unfortunate.mp3,"soulful, melancholic, R&B, soul, female, Nigerian"
dataset/Laime - Ordinary Love.mp3,"romantic, hopeful, pop, female, "
dataset/Falz - Talk.mp3,"upbeat, powerful, Afrobeats, male, social commentary"
dataset/Chiké  Please.mp3,"romantic, soothing, Afropop, male, Nigerian"
dataset/Chasing Designers (Radio Edit) L.A.M.B.mp3,"energetic, upbeat, pop, female, radio edit"
dataset/P-SQUARE - AM I STILL THAT SPECIAL MAN.mp3,"romantic, reflective, Afrobeat, male, Nigeria, Duo"
dataset/FreeBoy  Touch Me Slow .mp3,"calm, romantic, R&B, male, sensual"
dataset/Dotman - Awe.MP3,"upbeat,happy, Afrobeats, male, Nigerian"
dataset/Shigh lofe ft zinoleesky and victony - Hypnotize.MP3,"energetic, upbeat, Afrobeats, mixed, collaboration, trending"
dataset/Reefer-Tym-Bad-Energy-(JustNaija.com).mp3,"energetic,hype, Afrobeat, male, Nigerian,upbeat"
dataset/Dj Big N - Erima ft Dr SID x Wizkid.mp3,"energetic, upbeat, afrobeats, male, collaboration, party"
dataset/posh bugatti ft Gyptian - influencer whoop remix.mp3,"upbeat, energetic, dancehall, mixed, remix, collaboration"
dataset/02 Siyafanelana.mp3,"upbeat,happy, afro-pop, male, South African"
dataset/Fireboy - King.MP3,"upbeat, energetic, afrobeat, male, "
dataset/Dangbana republik and bella shmurda - Party next door.MP3,"party, energetic, upbeat, afrobeat, male, collaboration"
dataset/John Wick - De Mthuda.mp3,"energetic, lively, intense, amapiano, male, movie soundtrack"
dataset/Governor-Of-Africa-Jerusalem-Ft-Shallipopi.mp3,"upbeat,happy,energetic, afrobeats, male, collaboration,club music"
dataset/T-Classic_-_Let_You_Go.mp3,"upbeat,happy, Afrobeats, male, catchy"
dataset/QingMad - See Finish.mp3,"energetic, upbeat, Afrobeats, male, catchy"
dataset/Stakev-Rekere-9-ft-Kabza-De-Small-(JustNaija.com).mp3,"energetic, upbeat, Amapiano, male, collaboration"
dataset/Pheelz-Fever-ft-Niniola.mp3,"groovy, energetic, Afrobeat, mixed, collaboration, Nigerian music"
dataset/Niniola & guiltybeatz - Dig dig.MP3,"energetic, upbeat, afrobeat, female, collaboration, dance"
dataset/Rotimi ft fireboy dml - Weapon.MP3,"energetic, upbeat, Afrobeat, male, collaboration, Nigerian artists"
"dataset/Kcee Ft Skiibii ,Teni - Ebelebe.mp3","energetic, lively, Afrobeats, mixed, collaboration"
dataset/Idahams_-_Gratitude.mp3,"upbeat,happy, afrobeats, male, gratitude,thankful"
dataset/Major_League_DJz_Abidoza_feat_Sjavas_Da_Deejay_-_Pianochella_70430073.mp3,"upbeat, energetic, amapiano, mixed, collaboration"
dataset/Pabi-Cooper-Lebota-ft-Mellow-Sleazy.mp3,"energetic,happy, afro-pop, mixed, collaboration"
dataset/Katy perry - Never really over.MP3,"upbeat, nostalgic, pop, female, breakup"
dataset/Dicey ft ice prince and naeto c - Ki jo mole.MP3,"energetic, lively, afrobeat, male, collaboration"
dataset/Davido - Fem.mp3,"upbeat, energetic, Afrobeats, male, popular"
dataset/Kizz Daniel - (RTID) Rich Till I Die.mp3,"upbeat, confident, Afrobeat, male, wealth, success"
dataset/Davido ft latto - Unavailable remix.MP3,"energetic, upbeat, Afrobeats, male, female, collaboration, remix"
dataset/THE REMEDIES - BELINDA.mp3,"upbeat,happy,positive, pop, female, catchy"
dataset/Mr Real - Antidote.mp3,"energetic, lively, Afrobeats, male, upbeat"
dataset/Cairo-Cpt-She-Gives-Me-Love-Ft-Xola-Sofuthe.mp3,"romantic, joyful, pop, mixed, collaboration"
dataset/Chike_Ft_Flavour_-_Hard_To_Find.mp3,"upbeat, energetic, Afrobeat, male, collaboration, Nigerian"
dataset/Tiwa Savage - Key To the City (Remix) ft Busy Signal.mp3,"upbeat, energetic, Afrobeats, female, collaboration, remix"
dataset/Nsg - Trust issues.MP3,"upbeat, energetic, rap, male, urban"
dataset/Show Dem Camp - Bad Design ft Wurld x Manifest.mp3,"chill, laid-back, hip hop, rap, mixed, collaboration"
dataset/Ykb - Pressure.MP3,"energetic, intense, hip hop, male, "
dataset/Gyakie ft jbee - Scar.MP3,"upbeat, romantic, afropop, female, collaboration"
dataset/Oladips Ft Rexxie - Te Button.mp3,"energetic, upbeat, Afrobeats, male, collaboration, Nigerian music"
dataset/Euginethedj - Uyankolota Amapiano (Remix)_(muzmo.pro).mp3,"upbeat, energetic, Amapiano, male, "
dataset/Asake  H.E.R. - Lonely At The Top (Remix).mp3,"lonely, reflective, R&B, female, remix, collaboration"
dataset/Lyta ft mohbad - Formula.MP3,"upbeat, energetic, Afrobeats, male, collaboration, Nigerian music"
"dataset/Cdq ft vector, zoro, jheezy, yung6ix, dremo, blaqb - Onye eze 3.0 cypher.MP3","energetic, collaborative, hip hop, male, cypher"
dataset/Major lazer ft skip marley - Can't take it from me.MP3,"uplifting, energetic, electronic, reggae, mixed, collaboration, summer vibes"
dataset/Portable - My testimony.MP3,"uplifting, inspiring, gospel, male, testimony, faith"
dataset/Raybekah-My-Work.mp3,"upbeat, energetic, Afrobeats, female, dance"
dataset/Baby Lawd - Sii Dung (Clean).mp3,"chill, relaxed, reggae, male, clean version"
dataset/Danny-S-God-Abeg-Ft-Qdot.mp3,"upbeat,happy, afrobeats, male, collaboration"
dataset/Jux Ft Diamond Platnumz - Enjoy.mp3,"joyful, energetic, bongo flava, male, collaboration"
dataset/Maleek berry - Far away.MP3,"mellow, reflective, Afrobeats, Male, romantic"
dataset/Kocee - Credit Alert feat. Patoranking.mp3,"energetic, upbeat, afrobeat, male, collaboration, danceable"
dataset/Savage-Majo-ft-Blxckie-DJ-Maphorisa.mp3,"energetic,hype, hip hop, male, collaboration"
dataset/Lowsheen & DJ Ngwazi - Sohlala Sonke (feat. Nokwazi).mp3,"upbeat, energetic, house, afro house, mixed, collaboration, featuring artist"
dataset/Dunnie ft ric hassani - Tell me.MP3,"romantic, uplifting, Afrobeat, mixed, collaboration"
dataset/Toby-Grey-Honey-Spice.mp3,"upbeat,happy, Afrobeat, female, catchy"
"dataset/Dj tira ft tipcee , joejo - Malume.MP3","energetic, afro-house, mixed, collaboration, popular"
dataset/Kelvyn-Boy-Down-Flat-Remix-feat-Tekno-Stefflon-Don.mp3,"energetic,dance, Afrobeats, male, collaboration,remix"
"dataset/Smallgod_Ft_Kweku Flick,Abra Cadabra ,Odumodublvck - Kusuu Remix .mp3","energetic, lively, Afrobeats, male, collaboration"
dataset/Zinoleesky Ft Omah Lay - Last Time.mp3,"upbeat,happy, Afrobeats, male, collaboration"
dataset/Nonso Amadi - Radio.mp3,"chill,relaxed, R&B,Soul, male, Nigerian"
dataset/Shekinah ft mr eazi - Suited (remix).MP3,"romantic, upbeat, Afrobeat, mixed, collaboration, remix"
dataset/Soundz & Bad Boy Timz - Dis Kain Luv.mp3,"romantic, upbeat, afrobeat, male, collaboration"
dataset/Sun-el musician ft simmy - Ntaba ezikude.MP3,"upbeat,happy, afro-house, mixed, collaboration"
dataset/Vector - King-Kong.mp3,"energetic, powerful, hip hop, male, catchy, fast-paced"
dataset/Chris brown - Under the influence.MP3,"romantic, dreamy, R&B, male, soulful"
dataset/DR AMIR- TYPE OF WOMAN MS.mp3,"romantic, soulful, R&B, male, love song"
dataset/Dj-Gizo-Katileleziko-Ft-Sessy-Dj-Obza-Eight08_ICU-Beats.mp3,"upbeat,dance, afro-house, mixed, collaboration"
dataset/Pa salieu ft. backroad gee - My family.MP3,"energetic, upbeat, hip hop, male, collaboration"
dataset/Sir Trill - Lwandle Xiluva_(muzmo.pro).mp3,"relaxing, soothing, amapiano, male, featured artist: Sir Trill"
dataset/Davido ft ckay - La la.MP3,"energetic,happy, afrobeat, male, collaboration"
dataset/Tems - These Days.mp3,"chill, introspective, Afrobeats, female, Nigerian"
dataset/Chika - Demigod.mp3,"energetic, powerful, rap, female, "
dataset/Patoranking ft diamond platnumz - Love you die.MP3,"romantic, upbeat, afrobeat, male, collaboration"
dataset/Ceeza Milli - Big Talk.mp3,"energetic, confident, Afrobeats, male, upbeat"
"dataset/Olivetheboy Ft Oxlade , King Promise , Reekado Banks - Good Sin ( Remix ).mp3","upbeat,happy, afrobeat, mixed, collaboration,remix"
"dataset/Dj khaled ft meek mill,j balvin ,lil baby, jeremih - You stay.MP3","energetic, upbeat, hip hop, reggaeton, male, collaboration"
dataset/Gucci ft dababy and 21 savage - 06 gucci.MP3,"energetic, aggressive, hip hop, male, collaboration"
dataset/Show Dem Camp - Up 2 You Ft  Funbi.mp3,"upbeat,romantic, hip-hop, male, "
dataset/Boy spyce - Wayo.MP3,"upbeat, energetic, happy, Afrobeats, male, catchy"
dataset/Bola Moses - Drip Ft Mazi Spice & King Pryma.mp3,"upbeat, energetic, Afrobeats, male, collaboration"
dataset/Tyler the creator - Earfquake.MP3,"upbeat,energetic, hip-hop, male, popular"
dataset/Omawumi - In The Music.mp3,"upbeat, energetic, captivating, Afrobeat, female, Nigerian artist, danceable"
dataset/Mr eazi werser.mp3,"upbeat, energetic, Afrobeats, male, dance, summer"
dataset/Ice-Prince - Interlude Mood.mp3,"calm, contemplative, R&B, male, interlude"
dataset/Sean tizzle - Gyal dem.MP3,"upbeat,happy, afrobeat, male, dancehall"
dataset/Kolaboy-No-Turning-Back.mp3,"uplifting, motivational, Afropop, male, Nigerian"
dataset/Tory lanez - Forever.MP3,"romantic, upbeat, R&B, hip-hop, male, love, catchy"
dataset/Mr eazi - E be mad.MP3,"upbeat, romantic, Afrobeats, male, Nigerian"
dataset/Ladipoe - Jaiye (time of my life).MP3,"upbeat, happy, energetic, Afrobeats, male, celebratory"
dataset/Don toliver ft. kali uchis - Drugs n hella melodies.MP3,"chill, groovy, R&B, Hip Hop, mixed, collaboration"
"dataset/DJ Karri - Trigger (Official Audio) feat. Prime De 1st, BL Zero & Lebzito.mp3","upbeat,hype, hip hop, mixed, collaboration"
dataset/Major_League_Djz_Focalistic_feat_The_Lowkeys_Kabza_Da_Small_MoonChild_-_NdiKuze_67603098.mp3,"energetic, upbeat, amapiano, mixed, collaboration"
dataset/Dj cuppy ft skuki - Werk.MP3,"upbeat,happy, afrobeat, female, collaboration"
dataset/04 Uzongenzani (feat. Kabza De Small & DJ Maphorisa).mp3,"upbeat, energetic, amapiano, male, feat. Kabza De Small & DJ Maphorisa"
dataset/Olakira - Come And Do.mp3,"upbeat, dance, Afrobeats, male, "
dataset/Major league and focalistic - Mofe.MP3,"energetic, afrobeat, male, collaboration"
dataset/Skales - Kpakurukpa.MP3,"energetic, lively, afrobeat, male, Afro-pop"
dataset/Boybreed - Set.MP3,"upbeat, energetic, afrobeat, male, N/A"
dataset/Rema - Rainbow.MP3,"joyful, upbeat, afrobeat, male, Nigerian"
dataset/Burna boy ft damian marley and angelique kidjo - Different.MP3,"Upbeat, Energetic, Afrobeat, Reggae, Male,Female, Collaboration, International"
dataset/Sje-Konka-Freddy-K-ft-Caltonic-SA-298.mp3,"upbeat,happy, amapiano, male, collaboration"
dataset/Lil pump - Butterfly doors.MP3,"energetic,hype, rap, male, hip hop"
dataset/Tiwa_Savage_Ft_Asake_-_Loaded.mp3,"energetic, lively, Afrobeat, female, collaboration, new release"
"dataset/MDU aka TRP - Amaqhawe (feat. Spizzy, Mashudu & Da Ish).mp3","energetic,upbeat, Amapiano, male, collaboration, South Africa"
dataset/Asake ft burna boy - Sungba (remix).MP3,"energetic, upbeat, Afrobeats, male, collaboration, remix"
dataset/Davido ft yonda - Animashaun.MP3,"energetic, upbeat, afrobeats, male, collaboration"
dataset/Camidoh - Nothing Last Forever.mp3,"upbeat, nostalgic, Afrobeats, male, love song"
dataset/Vibez (Radio Edit) Idowest Ft Peruzzi.mp3,"upbeat,danceable, afrobeats, male, collaboration"
dataset/Paper - Tumelo_za & SjavasDaDeejay Remix - Nonso Amadi.mp3,"upbeat, energetic, Afro House, male, remix"
dataset/Ajebutter Floating.mp3,"relaxed, happy, upbeat, Afrobeat, male, n/a"
dataset/Reminisce - Jensimi Ft Niniola.mp3,"upbeat, energetic, afrobeat, female, "
dataset/Lojay - Yahweh.MP3,"uplifting, inspiring, gospel, male, religious"
dataset/Waje - Best Thing.mp3,"upbeat,happy, Afrobeats, female, love,relationships"
dataset/Juice wrld - The light.MP3,"melancholic, introspective, hip hop, rap, male, Juice Wrld"
dataset/Reason (Radio Edit) Asake ft Russ.mp3,"upbeat, energetic, Afrobeats, male, collaboration, radio edit"
dataset/Run To You (Radio Edit) King Promise Ft Chance The Rapper & Vic Mensa.mp3,"energetic, upbeat, hip-hop, afrobeats, male, collaboration, radio edit"
dataset/Iyanya-Sweet-Life-Ft-Young-Duu-Tolibian.mp3,"upbeat,happy, afrobeat, male, collaboration"
dataset/Falz - One Trouser.mp3,"energetic, upbeat, afrobeats, male, Nigeria"
dataset/Tyla-Jump-ft-Gunna-Skillibeng.mp3,"energetic, upbeat, hip hop, rap, male, collaboration"
dataset/Dj khaled ft cardi b - Big paper.MP3,"energetic,confident, Hip hop, female, collaboration"
"dataset/Guiltybeatz, mr eazi and kwesi arthur - Pilolo.MP3","upbeat, energetic, Afrobeats, mixed, collaboration, African music"
dataset/Omah lay - Ye ye ye.MP3,"upbeat,happy, afrobeat, male, "
dataset/Iyanya-Attention.mp3,"upbeat, energetic, Afrobeat, male, catchy"
dataset/Timi-Dakolo-This-Woman-Ft-Phyno-Falz-Cobhams-Asuquo-Black-Geez.mp3,"inspiring, romantic, uplifting, Afrobeat, R&B, male, collaboration"
dataset/Blaqbonez Fashionnova Radio Edit Clean version.mp3,"upbeat, energetic, fun, hip hop, rap, male, radio edit, clean version"
dataset/Rema - Ginger me.MP3,"upbeat, romantic, Afrobeats, male, Nigerian"
"dataset/Choplife ministries, mr eazi ft mellow, sleazy, mo - Collect.MP3","upbeat, energetic, Afrobeats, male, collaboration, Nigerian music"
dataset/DJ Big N ft  Korede Bello  CDQ  Terry Apala - Gbegiri.mp3,"energetic, upbeat, Afrobeats, male, collaboration"
dataset/Taylor swift - Anti-hero.MP3,"powerful, rebellious, pop, alternative, female, "
dataset/Bella Shmurda Nakupenda Radio Edit Clean Version.mp3,"upbeat, energetic, romantic, afrobeat, male, clean version, radio edit"
dataset/Elvis Gee - Better Days.mp3,"uplifting,hopeful, pop, male, "
dataset/Tyla-To-Last.mp3,"upbeat, energetic, pop, female, catchy"
dataset/DBN GOGO AND THUTO THE HUMAN - SATISFACTION (REMIX).mp3,"upbeat,happy, Amapiano, female, remix"
dataset/Solidstar - Eleganza.MP3,"upbeat, energetic, Afrobeat, male, dance"
dataset/01-Bella-Shmurda-Feelings.mp3,"upbeat, emotional, Afrobeats, male, Nigerian"
dataset/Asake-Basquiat (radio clean).mp3,"upbeat, energetic, Afrobeats, male, radio clean"
dataset/The chainsmokers - Everybody hates me.MP3,"upbeat, energetic, pop, mixed, electronic"
dataset/05-Candy-Bleakz-Blessing.mp3,"upbeat,energetic, afrobeats, female, Nigeria"
dataset/Megadrumz-Masiyo-Lobola-Ft-Vincent-Zimu.mp3,"upbeat, energetic, afro-house, male, collaboration"
"dataset/Teni ft mayorkun, costa titch and ch'cco - Maitama.MP3","energetic,upbeat, afrobeats, female, collaboration"
dataset/03-Uncle-Waffles-Yahyuppiyah-feat-Pcee-EeQue-Chley-ft-Tony-Duardo-Justin99-Pcee-EeQue-Chley.mp3,"upbeat, energetic, hip hop, mixed, collaboration"
dataset/Blaq jerzee ft phyno - Bags.MP3,"upbeat, energetic, Afrobeats, male, collaboration"
dataset/Teraphonique-Fresh-Stop-ft-DrummeRTee924-DNZL444.mp3,"fresh, electronic, mixed, collaboration"
dataset/Elemxy - Loose Guard ft Bobby Bankz.mp3,"energetic, upbeat, afrobeat, male, collaboration, Nigerian music"
dataset/Lil kesh - Agbani darego.MP3,"energetic, Afrobeat, male, Nigerian music"
dataset/MO'HITS ALL STARS - MOVE YOUR BODY.mp3,"energetic, upbeat, Afrobeats, mixed, party, dance"
dataset/Wizkid Ft Skepta & Naira Marley Wow.mp3,"energetic,hype, Afrobeats, male, collaboration"
dataset/Wande coal & tolani ft empire - Slow motion.MP3,"chill, relaxing, slow, Afrobeat, R&B, mixed, collaboration"
dataset/Tems - Looku Looku.mp3,"laid-back, mellow, Afrobeats, female, Nigerian"
dataset/D-banj-Chop-Life-Ft-Timaya.mp3,"happy, energetic, afrobeats, male, collaboration"
dataset/God No Go Shame Us (Radio Edit) 9ice.mp3,"upbeat, energetic, happy, Afrobeats, male, Nigerian music"
dataset/S1mba ft ksi - Loose.MP3,"energetic, playful, hip hop, rap, male, collaboration"
dataset/Mi casa - Nana.MP3,"upbeat,happy, house, mixed, South African"
dataset/Maggie rogers - Light on.MP3,"uplifting,inspiring, pop, female, "
dataset/Tim lyre & prettyboy d-o ft lady donli - Highlife.MP3,"upbeat, energetic, Afrobeat, mixed, collaboration"
dataset/Falz - Parampe.mp3,"upbeat,happy, Afrobeat, male, Nigerian"
dataset/Tekno - Jinja.MP3,"upbeat,happy, afrobeat, male, dancehall"
dataset/Umuaka-Chinyelu-Egwu-Amala-Ubor-ft-Flavour.mp3,"joyful, upbeat, Afrobeat, female, collaboration, Nigerian music"
dataset/Dr Dolor - Madam The Madam.mp3,"energetic, confident, afrobeat, male, Nigerian"
dataset/Ric-Hassani-IGDT-I-Go-Dey-There-Ft-Bayanni.mp3,"joyful, upbeat, Afrobeat, male, collaboration"
dataset/Maleek berry ft tiwa savage - Balance.MP3,"upbeat, energetic, Afrobeats, Male, collaboration, Nigerian music"
"dataset/Riky rick ft.cassper nyovest, professor - Stay shining.MP3","energetic, upbeat, hip hop, male, collaboration"
dataset/Mbosso-Sitaki.mp3,"upbeat,happy, Bongo Flava, male, love song"
dataset/The Chainsmokers Ship Wrek  The Fall.mp3,"energetic, upbeat, EDM, pop, male, collaboration"
dataset/Dj-Karri-iVale-ft-Official-Megaohms-Majort-012-(JustNaija.com) (1).mp3,"energetic,happy, afrobeats, male, collaboration"
dataset/Masterkraft and dj cuppy - Charged up.MP3,"energetic, upbeat, Afrobeat, mixed, collaboration"
dataset/Mafikizolo and gemini major ft kly - Best thing.MP3,"upbeat,energetic, afro pop, mixed, collaboration"
dataset/Skales - Mukulu.mp3,"upbeat,happy, Afrobeats, male, Nigerian"
dataset/Zayn ft nicki minaj - No candle no light.MP3,"energetic, sensual, pop, hip hop, male, female, collaboration, popular"
dataset/Orezi-Kiss-Me-Remix-ft-Tekno-Sheebah.mp3,"upbeat,dance, Afrobeats, male, "
dataset/Falz - Child Of The World.mp3,"emotional, reflective, Afrobeats, male, Nigerian music"
dataset/Camila cabello - Easy.MP3,"uplifting,happy, pop, female, in love"
dataset/Sound sultan - Soopa woman.MP3,"upbeat, empowering, Afrobeat, male, Nigerian"
dataset/BAYANNI FT JASON DERULO  - Ta Ta Ta.mp3,"energetic, upbeat, happy, pop, dance, male, male, collaboration"
dataset/Ed sheeran - Afterglow.MP3,"calm, reflective, pop, male, acoustic"
dataset/Efe - Babaloke Ft   Oritsefemi.mp3,"upbeat,happy, Afrobeat, male, collaboration"
dataset/Timaya ft olamide - Bam bam.MP3,"upbeat,dance, afrobeat, male, collaboration"
"dataset/Dj kaywise ft mayorkun , naira marley and zlatan - What type of dance.MP3","upbeat, afrobeat, male, collaboration"
dataset/Tiwa Savage - Get It Now Remix Ft   Omarion.mp3,"upbeat, romantic, Afrobeats, R&B, female, collaboration"
dataset/Rudimental ft tom walker - Walk alone.MP3,"energetic, uplifting, pop, electronic, mixed, collaboration, empowering"
dataset/Darkoo x Ayra Star - distrubing u.mp3,"energetic, bold, Afrobeats, female, collaboration, catchy"
"dataset/Ellie goulding, diplo and swae lee - Close to me.MP3","upbeat, romantic, pop, electronic, mixed, collaboration"
dataset/Yung6ix - Gbe Seyin ft Niniola.mp3,"energetic, upbeat, Afrobeat, male, collaboration"
dataset/Korede Bello - Leg Work.mp3,"upbeat, energetic, Afrobeats, male, "
dataset/Hi'Deex X Jayce  jay X Kavi - Lens.mp3,"energetic, uplifting, hip hop, male, collaboration"
"dataset/Jeymes Samuel - Hallelujah Heaven feat. Lil Wayne, Buju Banton, and Shabba Ranks.mp3","uplifting, energetic, R&B, male, collaboration"
dataset/Nation-365-Dlala-Ka-Yona-ft-Rivalz-B6-Rider-TMA_Rsa-FigoxBabu-(JustNaija.com).mp3,"energetic, lively, Afrobeat, male, collaboration, South African music"
dataset/Skales-Don-t-Say-Much.mp3,"upbeat,happy, Afrobeat, male, energetic,dance"
dataset/Dj tunez ft wande coal and victony - Bad girl.MP3,"energetic, sultry, Afrobeats, male, collaboration"
dataset/Joshblakk - Nwanyioma.mp3,"upbeat,happy,romantic, afrobeats, male, love song"
dataset/Lil uzi vert - The way life goes.MP3,"melancholic, reflective, rap, male, "
dataset/Mr-Eazi-Fefe-Ne-Fefe.mp3,"upbeat, lively, Afrobeat, male, danceable, Nigerian"
dataset/Dookie - TURN UP THE BASS ft DJ JOENEL.mp3,"energetic,upbeat, EDM, male, collaboration,party"
dataset/Kizz-Daniel-Sooner.mp3,"upbeat,happy, afrobeat, male, Nigerian"
"dataset/01 Shona Kwelanga (feat. Visca, Sweetsher & Da Muziqal Chef) [Remix].mp3","upbeat, energetic, Amapiano, mixed, remix, collaboration"
dataset/Lyta - Are You Sure Ft Emo Grae  Naira Marley & Zinoleesky.mp3,"upbeat, energetic, afrobeat, male, collaboration"
dataset/Ria sean - Uptown girl.MP3,"upbeat,happy, pop, female, "
dataset/DJ-Tunez-Differently-ft.-J.-Anthoni dflamz radio .mp3,"energetic, uplifting, afrobeats, male, radio"
dataset/Bella Shmurda Level Up Radio Edit Clean Version.mp3,"upbeat, energetic, Afrobeats, male, clean version, radio edit"
dataset/Blaqbonez-MASQUERADE-Ft-M24.mp3,"energetic, lively, hip hop, male, collaboration"
dataset/Meghan trainor - Let you be right.MP3,"upbeat, positive, pop, female, "
dataset/JaQi ft Savvage - Paris.mp3,"upbeat, romantic, pop, mixed, collaboration, city vibe"
dataset/Wizkid Money Love Radio Edit Clean Version.mp3,"upbeat,happy, afrobeats, male, radio edit,clean version"
dataset/01-Victor-AD-Realness-Over-Hype-(JustNaija.com).mp3,"uplifting, inspiring, Afrobeats, male, "
dataset/Ona - Calm down.MP3,"calm, pop, female, Ona"
dataset/Raybekah - My work.MP3,"upbeat,happy, Afropop, female, uplifting"
dataset/Kida kudz - No i.d.MP3,"energetic, vibrant, Afrobeat, male, club"
dataset/MR EAZI & DJ EDU FT AMI FAKU - WENA.mp3,"upbeat,joyful, Afrobeat, male, collaboration"
dataset/Post malone - Hollywood's bleeding.MP3,"melancholic, nostalgic, reflective, hip hop, rap, male, popular, emotional"
"dataset/Professor - Ndincedeni 2 (feat. Dalom Kids, MSK & Mr Luu) (NetNaija.com).mp3","exciting, energetic, afro house, male, collaboration, South African music"
dataset/Phaemous - Forbidden.MP3,"dark, mysterious, electronic, male, forbidden"
dataset/Focalistic-x-Davido-Ke-Star-Remix.mp3,"energetic, Afrobeats, male, collaboration"
dataset/Sean-Tizzle-Al-Barakah.mp3,"upbeat, energetic, Afrobeats, male, Nigerian"
dataset/Terri - Kill Man.mp3,"energetic, aggressive, Afrobeats, female, Nigeria, dancehall"
dataset/Simi - Lovin.mp3,"romantic, upbeat, Afrobeat, female, Nigerian"
dataset/Roboto (Radio Edit) 9ice ft Reekado Banks.mp3,"energetic, upbeat, Afrobeats, male, collaboration"
dataset/King perry - On god.MP3,"inspirational, energetic, Afrobeat, male, uptempo, catchy"
dataset/Burna boy ft stormzy - Real life.MP3,"energetic, reflective, Afrobeat, Hip-hop, male, collaboration, popular"
dataset/DJ-Stokie-Skeem-sami-Ft-Ommit-Jay-Sax-Sino-Msolo.mp3,"energetic, upbeat, amapiano, male, collaboration"
dataset/Partynextdoor and rihanna - Believe it.MP3,"upbeat, energetic, R&B, pop, male, female, collaboration, party"
dataset/Killertines ft. nissi - Fame.MP3,"energetic, empowering, pop, mixed, collaboration"
"dataset/Darkoo ft davido, tion wayne and sl - Gangsta (remix).MP3","dark, gangsta, hip hop, rap, mixed, remix, collaboration"
"dataset/Thirstyworldwide ft. straffitti, thepdstrn, lokii8 - On me.MP3","energetic, upbeat, hip hop, mixed, collaboration, rap"
dataset/Soundz  Personal.mp3,"upbeat, energetic, pop, male, danceable"
dataset/Oxlade ft P.Priime – Piano.mp3,"soothing, uplifting, Afrobeats, male, collaboration"
dataset/VANILLA - Ewo.mp3,"chill, relaxed, electronic, female, ethereal, dreamy"
dataset/David Getta - when love takes over- kelly rolland.mp3,"upbeat, energetic, romantic, dance, electronic, female, summer vibes, collaboration"
dataset/Blaqbonez-Stealth-Mode-Freestyle.mp3,"energetic, confident, hip hop, male, freestyle, rap"
dataset/Juice wrld ft g herbo - Trap phone.MP3,"energetic, trap, hip hop, male, collaboration"
dataset/Davido - Blow My Mind ft Chris Brown.mp3,"upbeat,dance, Afrobeat, male, collaboration"
dataset/Oladapo-Perfect-Timing.mp3,"uplifting, energetic, Afrobeat, male, Nigerian"
dataset/Ycee - Love like that.MP3,"romantic, upbeat, Afrobeat, male, Nigerian"
"dataset/Pat Medina - Senzeni Na [ft Mr Brown, Zanda Zakuza & Team Mosha].mp3","upbeat, dance, afro-house, male, collaboration"
dataset/Faze - Kpo kpo dikpo.MP3,"energetic, upbeat, Afrobeats, male, Nigerian"
dataset/Camidoh_-_Kaba.mp3,"happy, upbeat, afrobeats, male, catchy, danceable"
dataset/Guchi - All over you.MP3,"romantic, upbeat, afrobeat, female, love, catchy"
dataset/Dj-Maphorisa-Chukela-Ft-Tman-Xpress-Mellow-Sleazy-(JustNaija.com).mp3,"upbeat,dance, Amapiano, male, collaboration"
dataset/Thee-Legacy-Way-sus-Uzoyimela-Remix-ft-Kwesta-Kid-X.mp3,"upbeat, energetic, hip hop, mixed, remix"
dataset/Cassper nyovest and raye - Summer love.MP3,"summer,love, afro-pop, male, collaboration"
dataset/Yemi alade - Boyz.MP3,"upbeat,happy, afrobeat, female, summer vibes"
dataset/Waje - Coco Baby ft Diamond Platnumz.mp3,"upbeat, romantic, Afrobeat, female, collaboration, popular"
dataset/ZLATAN - 10 BOTTLES.mp3,"energetic,dance, afrobeats, male, party,upbeat"
dataset/ODUMODUBLVCK - DeclanRice.mp3,"energetic,hype, hip hop, male, "
dataset/Yemi-Alade-Amazing-Grace.mp3,"uplifting,happy, afrobeat, female, dance"
dataset/Makhadzi-Entertainment-ft-Dalom-Kids-Ntate-Stunna-Lwah-Ndlunkulu-Master-KG-Mushonga.mp3,"energetic, exciting, afro-house, female, collaboration"
dataset/Reminisce ft simi - Overdose.MP3,"melancholic, emotional, Afrobeat, Mixed, collaboration, love"
dataset/Kizz Daniel - Too busy to be Bae.mp3,"upbeat,happy, afrobeats, male, love,relationship"
dataset/Dj snake ft. rick ross & rich brian - Run it.MP3,"energetic, powerful, hip hop, electronic, male, collaboration"
dataset/KJay-Most-Beautiful-Ft-Akwaboah.mp3,"romantic, soothing, emotional, R&B, Soul, male, collaboration, beautiful vocals"
dataset/Peruzzi - Hypertension.MP3,"upbeat, energetic, Afrobeat, male, Nigerian"
dataset/Burna Boy - Wonderful.mp3,"upbeat,happy, Afrobeat, male, summery"
dataset/Wurld Ft Majorleague  Djz - Stamina radio edit.mp3,"energetic, upbeat, Afrobeats, male, collaboration, radio edit"
dataset/Peruzzi & Young  D - Been Waiting.mp3,"upbeat, hopeful, afrobeats, male, collaboration"
dataset/Zayn - Let me.MP3,"romantic,sensual, R&B, male, heartfelt"
dataset/Yemi alade ft duncan mighty - Shake.MP3,"upbeat, energetic, Afropop, female, collaboration"
dataset/Wizkid ft bucie - All for love.MP3,"romantic, soulful, afrobeat, soul, male, female, collaboration"
dataset/04-Tems-Wickedest-(JustNaija.com).mp3,"sensual, powerful, emotional, Afrobeats, female, Nigerian"
dataset/Goya Menor  ft Lade - Grace.mp3,"upbeat,happy, Afrobeat, mixed, collaboration"
dataset/Phantom ft vanessa hudgen - Lay with me.MP3,"romantic, dreamy, pop, mixed, collaboration"
dataset/Zoro-Gangan.mp3,"energetic, powerful, hip hop, rap, male, "
dataset/Rotimi-Sade-Ft-Mayorkun-Nasty-C.mp3,"upbeat, energetic, Afrobeats, male, collaboration"
dataset/Waje - Left For Good  ft  Patoranking.mp3,"uplifting, soulful, Afrobeat, female, collaboration"
dataset/Dj sly ft fameye - Strategy.MP3,"energetic, uplifting, Afrobeat, male, collaboration"
dataset/Wande ft teni and toye - Come my way.MP3,"upbeat, joyful, afropop, mixed, collaboration"
dataset/Amaarae-Angels-in-Tibet.mp3,"dreamy, enchanting, afrobeats, alternative, female, upbeat, soulful"
dataset/Orezi - My Queen feat. Daphne remix.mp3,"upbeat, romantic, Afrobeat, male, remix, collaboration"
dataset/Yxng bane - Vroom.MP3,"energetic, upbeat, hip hop, male, car theme"
dataset/Timz - Party.MP3,"happy, energetic, afrobeats, male, party, dance"
dataset/Tyga ft jhene aiko and pop smoke - Sunshine.MP3,"upbeat,happy, hip hop, male,female, collaboration"
dataset/Dookie - Money.mp3,"energetic, rebellious, rock, male, 90s, iconic"
dataset/Yemi Alade - Shake ft Duncan Mighty.mp3,"upbeat, energetic, Afrobeat, female, collaboration, Nigerian music"
dataset/Tega-boi-dc-Woman.mp3,"upbeat,happy, Afrobeat, male, dance"
dataset/Shallipopi Ft Reehaa Ft Zerrydl  Tega Boi  Dc Jeneral Billion.mp3,"energetic, lively, afrobeat, mixed, collaboration"
dataset/Olly murs - Mark on my heart.MP3,"upbeat, romantic, pop, male, love song, catchy"
"dataset/Bayku, Kwaku T,DJ Kofi - Sake Of Money.mp3","energetic, upbeat, Afrobeats, male, collaboration"
dataset/Teni - SuperWoman.mp3,"empowering, uplifting, confident, Afrobeats, Female, Nigerian"
dataset/Rita ora ft j. cole - Love and war.MP3,"romantic, intense, R&B, mixed, collaboration"
dataset/Abigail-Chams-Corazon-Ft-Rayvanny-(JustNaija.com).mp3,"upbeat,happy, Afrobeat, male, collaboration, popular"
dataset/Otega Ft Jaido P - Tinini Tanana.mp3,"upbeat, energetic, Afrobeat, male, collaboration"
dataset/Braabenk-Gabba-Ft-Kweku-Smoke.mp3,"energetic, hype, lively, afrobeats, hiplife, male, collaboration, upbeat"
dataset/Dr Dolor Ft Blaqbonez  Biggie Man.mp3,"energetic, hype, confident, Afrobeat, Hip-hop, male, collaboration, Nigerian artists"
dataset/L.a.x ft. davido - Pepe.MP3,"energetic, upbeat, Afrobeats, male, collaboration"
dataset/Dj-Asap-Yolo-ft-Berri-Tiga-(JustNaija.com).mp3,"upbeat, energetic, Afrobeat, male, club, dance"
dataset/Dj spinall ft summer walker ayanna & dj snake - Power ( remember who you are).MP3,"energetic, empowering, afrobeats, pop, mixed, collaboration"
dataset/Justin99-Petrol-ft-031-Choppa-Ice-Beats-Slide-Sbuda-Maleather.mp3,"energetic, hype, hip hop, male, collaboration"
dataset/Cobhams Ft 2Baba-Larry-Gaaga-The-Kabal Cover Me.mp3,"upbeat, lively, Afrobeat, male, collaboration"
dataset/NAGAMOTO CLEAN.mp3,"energetic, upbeat, lively, pop, dance, male, catchy"
dataset/Falz - Bahd Baddo Baddest Ft  Olamide & Davido.mp3,"energetic, lively, afrobeat, male, collaboration, Nigerian music"
dataset/Iyanya-W-D-O-ft-Qing-Madi.mp3,"energetic, upbeat, afropop, male, collaboration, Nigerian artist"
dataset/Kcee - Fine lady.MP3,"upbeat,happy,dance, Afrobeat, male, Nigerian music"
dataset/Yemi alade - Give dem.MP3,"energetic, dance, Afrobeat, Female, Nigerian"
dataset/DJ Neptune - Abeg Ft Omah Lay & Joeboy.mp3,"energetic, upbeat, Afrobeat, male, collaboration"
dataset/MAVINS - JANTA MANTA.mp3,"upbeat,happy, afropop, mixed, Nigeria"
dataset/J cole - Let go my hand.MP3,"introspective, reflective, hip hop, male, J Cole"
dataset/Dremo and jerry shaffer - Pesin.MP3,"upbeat, energetic, afrobeat, male, collaboration, Nigerian artist"
dataset/DJ Kaywise - Juju ft B-Red.mp3,"energetic, lively, Afrobeat, male, collaboration"
dataset/Mr 2kay - God Can Bless Anybody ft Idahams.mp3,"uplifting, hopeful, afrobeat, male, collaboration"
dataset/T-Dollar-GBHS-Guided-By-Holy-Spirit.mp3,"inspirational, uplifting, gospel, male, religious"
dataset/Darkoo ft hardy caprio - Juicy (brown skin like eva).MP3,"energetic, lively, rap, hip hop, female, collaboration, catchy"
dataset/Young John & Kidi - Off You.mp3,"uplifting, happy, romantic, Afrobeats, male, collaboration"
dataset/Malume (feat. TallexQ) (Nta swi byela mani revisit).mp3,"energetic, upbeat, afro-house, male, feat. TallexQ, Nta swi byela mani revisit"
dataset/Larry Gaaga - Slow Burner ft Joeboy.mp3,"romantic, soothing, Afrobeats, male, collaboration"
dataset/Zoro ft falz - Naira to pounds.MP3,"energetic, upbeat, Afrobeats, male, collaboration"
dataset/Ycee - Intentionally.MP3,"happy, upbeat, afrobeat, male, Nigerian music"
dataset/Burna boy - Bebo.MP3,"upbeat, energetic, Afrobeats, male, "
dataset/Stany ft rema and offset - Only you.MP3,"romantic, afrobeats, male, collaboration"
"dataset/Zoro ft phyno, chike, mr eazi and umu obiligbo - Ayo'm.MP3","upbeat,happy, Afrobeat, male, collaboration"
dataset/Blaq Diamond  SummerYoMuthi .mp3,"joyful, upbeat, Afro-pop, male, South African music"
dataset/Joeboy - Surviving.mp3,"upbeat,hopeful, afropop, male, love,inspirational"
dataset/Kweyama-Brothers-Pianoland.mp3,"upbeat,happy, piano, male, instrumental"
dataset/Yemi Alade - Pose Ft  Mugeez (of R2Bees).mp3,"energetic, upbeat, Afropop, female, collaboration"
dataset/Qdot-Ah dflamz radio .mp3,"upbeat, energetic, Afrobeats, male, Nigeria"
dataset/Kid kudi ft pop smoke and skepta - Show out.MP3,"energetic, hype, upbeat, rap, hip-hop, male, collaboration"
dataset/Janelle monae - Pynk.MP3,"fun, energetic, R&B, Pop, Female, empowering"
dataset/Guru - Alkayida (boys abre remix).MP3,"energetic,dance, Afrobeats, male, remix"
dataset/Anderson .paak - Fire in the sky.MP3,"energetic, upbeat, R&B, soul, male, hip-hop"
dataset/ROSALÍA  CHICKEN TERIYAKI.mp3,"energetic, upbeat, flamenco, pop, female, Spanish"
dataset/Costa Titch & Akon – Big Flexa Remix Ft  Ma Gang & Alfa Kat (CLEAN RADIO EDIT) - Copy.mp3,"energetic, upbeat, hip hop, mixed, remix, clean, radio edit"
dataset/Nsg - Headliner.MP3,"upbeat, energetic, hip hop, male, popular"
dataset/Korede Bello - Godwin.mp3,"happy, uplifting, afropop, male, religious"
dataset/Khalid ft kane brown - Saturday nights (remix).MP3,"soulful, heartfelt, reflective, R&B, Country, male, collaboration, remix"
dataset/Spotless ft tekno - The benz.MP3,"upbeat, energetic, Afrobeats, male, collaboration, Nigerian"
dataset/Young-Jonn-Maya-Maya-Ft-Ya-Levis.mp3,"upbeat, energetic, afrobeat, male, collaboration"
dataset/Time (Remix) ft. Junior Boy-Okhype.Media.mp3,"upbeat, energetic, Afrobeats, male, collaboration, remix"
dataset/Cheque ft. olamide - Loml.MP3,"romantic, Afrobeats, male, collaboration"
dataset/Summer walker & city girls - Ex for a reason.MP3,"romantic, sultry, R&B, Hip-Hop, female, collaboration"
dataset/Ria Sean - Uptown Girl.mp3,"upbeat,happy, pop, female, "
dataset/WIZKID - Ginger FT BURNA BOY (Official Audio) dflamz radio .mp3,"energetic,upbeat, afrobeats, male, collaboration"
dataset/Drake - Trust issues.MP3,"sad, contemplative, R&B, Hip-Hop, male, Drake"
dataset/Beyonce ft tiwa savage and mr eazi - Keys to the kingdom.MP3,"upbeat, empowering, Afrobeats, female, male, collaboration, African music"
dataset/PsychoYP Put It In Stone.mp3,"upbeat, energetic, hip-hop, male, explicit"
"dataset/06. Busta 929 - Jaiva (feat. Bello, Nation-365 & Lolo SA).mp3","energetic,dance, amapiano, male, collaboration"
dataset/Burna boy - Bank on it.MP3,"energetic, confident, afrobeat, male, Nigeria, Burna Boy"
dataset/Larry gaga ft wande coal and sarkodie - Wonderful.MP3,"upbeat,happy, Afrobeat, male, collaboration"
dataset/Davido ft morravey - In the garden.MP3,"upbeat,happy, Afrobeats, Male, collaboration"
dataset/KOLABOY - NWA EZE.mp3,"energetic, upbeat, afrobeat, male, Nigerian, danceable"
dataset/Boj - Foreigner.mp3,"energetic, summer vibes, party, Afrobeats, Afro-pop, male, Nigerian, dance"
dataset/Ahz - Bad decisions.MP3,"upbeat, energetic, pop, female, catchy"
dataset/06 Buqamama Eduze (feat. Mashudu & Kabza De Small).mp3,"upbeat,happy, Amapiano, mixed, collaboration,feat"
dataset/Empire ft navy kenzo and fireboy dml - Hold on.MP3,"energetic, uplifting, Afrobeats, Mixed, collaboration"
dataset/Gaba-Cannal-Emthandayo-Ft-Zaba-Sykes.mp3,"energetic, upbeat, amapiano, mixed, "
dataset/Mr eazi ft tyga - Tony montana.MP3,"energetic,upbeat, Afrobeats,hip hop, male, collaboration"
dataset/Focalistic_Mr_JazziQ_ft_Lady_Du_Mellow_Sleazy_-_Gupta_Full__zatunes.co.za.mp3,"energetic, upbeat, Amapiano, mixed, collaboration"
dataset/Asake  Sunmomi.mp3,"energetic,happy, Afrobeats, female, Nigerian"
dataset/Omawumi - Somori.mp3,"upbeat, energetic, lively, Afrobeat, female, Nigerian"
dataset/Wande coal - Let them know.MP3,"upbeat, energetic, Afrobeat, male, "
dataset/Kususa feat. Lisa M - Closure (Da Capo Remix).mp3,"energetic,uplifting, afro house, mixed, remix, collaboration"
dataset/Aj tracey - Anxious.MP3,"anxious, grime, male, AJ Tracey"
"dataset/Nhlonipho, Martin Khan & Mo-T - Oh Mama.mp3","energetic, uplifting, afro-pop, dance, mixed, collaboration"
dataset/Camidoh - Kaba.MP3,"uplifting, joyful, Afrobeats, male, Ghanaian artist"
dataset/Asake-Olorum (radio clean).mp3,"upbeat, energetic, Afrobeats, male, radio clean"
dataset/PLANTATION BOIZ - LIKE HER BETTER.mp3,"upbeat, fun, hip hop, male, group"
dataset/6lack ft jessie reyez - Homicide.MP3,"dark, intense, R&B, Hip Hop, male, female, collaboration"
dataset/Rowlene - Even.MP3,"mellow, reflective, R&B, female, soulful"
dataset/Omah lay - Lo lo.MP3,"chill, groovy, Afrobeats, male, "
dataset/Young-Jonn-Bucket-List.mp3,"upbeat, energetic, afrobeats, male, summer vibes"
dataset/luckey dube.MP3.mp3,"happy, uplifting, reggae, male, inspirational"
dataset/Dammy-Krane-Abiamo.mp3,"upbeat,happy, Afrobeat, male, uplifting,energetic"
dataset/C-Mart x Bartofso x Positivv - Lock That Door -.mp3,"energetic, lively, hip hop, male, collaboration"
dataset/07. Beggie Beggie.mp3,"energetic, upbeat, reggae, male, instrumental"
dataset/Gthree Mayami - Ehh Mayami.mp3,"upbeat,happy, pop, male, catchy"
dataset/Fave - Mr Man.mp3,"upbeat,happy, pop, male, catchy"
dataset/Tyga ft doja cat - Freaky deaky.MP3,"energetic, playful, rap, hip hop, male, female, collaboration"
dataset/Madison beer ft offset - Hurts like hell.MP3,"dark, emotional, intense, pop, female, collaboration"
dataset/DJ-Yessonia-Awushodi-ft-Starr-Healer-Khanyisa-Emjaykeyz-Sir-Trill.mp3,"energetic,dance, afrobeat, mixed, collaboration"
"dataset/Busta 929, Msamaria & Djy Vino - Poison (feat. T.M.A_Rsa).mp3","energetic, catchy, amapiano, mixed, collaboration"
dataset/Sigala - We got love.MP3,"upbeat, happy, dance, male, summer vibes"
dataset/Alessiah ft. alpha p - Why.MP3,"upbeat, energetic, Afrobeats, female, duet"
"dataset/Dmw ft davido, mayorkun and dremo - On god.MP3","upbeat, energetic, Afrobeats, male, collaboration"
dataset/Tonye ft Neza - Mr Jegede.mp3,"energetic,happy, Afrobeats, female, collaboration"
dataset/Blaqbonez - Best rapper in africa.MP3,"energetic, confident, hip hop, male, Nigeria, rap"
dataset/Breeze Mashup - Ikechukwu.mp3,"upbeat, energetic, mashup, male, instrumental"
"dataset/OSKIDO – Iphinde [ (feat. King Tone SA, Tumelo Za, Khalil Harrison & LilyFaith).mp3","upbeat,happy, afrobeats, mixed, collaboration,featuring"
dataset/Oxlade - Katigori.mp3,"upbeat,happy, afrobeat, male, Nigerian"
dataset/Hypé (feat. Ayra Starr) - Aya Nakamura.mp3,"Hype, Energetic, Upbeat, Afrobeats, Pop, Female, Collaboration, French"
dataset/Osapa (Radio Edit) Idowest.mp3,"energetic, party, afrobeat, male, radio edit"
dataset/Jae stephens - You love that.MP3,"upbeat, energetic, pop, female, catchy"
dataset/Tiwa Savage Ft Reekado Banks - Reason.mp3,"upbeat,happy, Afrobeats, female, collaboration, popular"
dataset/Masterkraft_-_Red_Wine.mp3,"calm, relaxed, Afrobeats, male, instrumental"
dataset/Kizz Daniel - One Ticket ft Davido.mp3,"upbeat, romantic, Afrobeats, male, collaboration"
dataset/Felo Le Tee X Myztro  66 .mp3,"upbeat,happy, amapiano, male, collaboration"
dataset/ZNI - Adventure.mp3,"adventurous, exciting, uplifting, electronic, male, instrumental"
dataset/Jaysynths ft jeff akoh and kuami eugene - Nobody.MP3,"energetic, uplifting, Afrobeats, male, collaboration"
dataset/Burna boy ft j balvin - Rollercoaster.MP3,"energetic, lively, Afrobeat, Reggaeton, male, collaboration"
dataset/Iyanya - Like ft Davido & Kizz Daniel.mp3,"upbeat,dance, afrobeats, male, collaboration"
dataset/DJ Neptune - My World Ft  Maleek Berry.mp3,"upbeat, lively, Afrobeat, Male, collaboration"
dataset/Nailah blackman - O'lawd oye.MP3,"upbeat, energetic, soca, female, Caribbean"
dataset/Everyday (I Dey Pray) - Kold AF.mp3,"uplifting, hopeful, Afrobeats, male, spiritual, motivational"
dataset/Yemi Alade - Shekere Ft  Angelique Kidjo.mp3,"upbeat, energetic, lively, Afrobeat, World Music, female, collaboration"
dataset/MALAMENTE (Cap.1 Augurio) ROSALÍA.mp3,"energetic, bold, passionate, flamenco, reggaeton, female, latin, urban"
"dataset/Ty dolla $ign ft kanye west, fka twigs, skrillex - Ego death.MP3","energetic, vibey, hip-hop, electronic, mixed, collaboration, featured artists"
dataset/LOJAY FT OLAMIDE - Arizona clean.mp3,"energetic, catchy, afrobeats, male, collaboration"
dataset/City Girls  Good Love Clean feat Usher.mp3,"upbeat,romantic, r&b, female, collaboration"
dataset/Runtown ft mr hudson - Dangerous heart.MP3,"energetic, romantic, afrobeat, male, collaboration, love song"
dataset/Mystery Girl - Johnny Drille Dflamz clean.mp3,"mysterious, romantic, pop, male, Nigerian artist, clean version"
"dataset/Gryffin, john martin - Cry.MP3","sad,melancholic, electronic, male, collaboration"
dataset/Burna boy - Alarm clock.MP3,"energetic, upbeat, Afrobeat, male, Nigeria, Burna Boy"
dataset/Vibez-Inc-Instagram-ft-Muyeez-Seyi-Vibez.mp3,"energetic,happy, Afrobeats, male, collaboration"
dataset/Inkabi Zezwe ft - Sjava-Big Zulu - Uthando Lunye.mp3,"uplifting, romantic, hip hop, male, collaboration, love song"
dataset/Doja cat ft. young thug - Payday.MP3,"energetic, upbeat, hip hop, rap, female, male, collaboration"
dataset/Tion wayne ft aitch - Let's go.MP3,"energetic, upbeat, hip hop, male, collaboration"
"dataset/Agho, ayo jay and dj tunez - Smooth mf.MP3","smooth, Afrobeat, male, "
dataset/Meghan trainor - No excuses.MP3,"upbeat, cheerful, pop, female, catchy"
dataset/Fiokee - Dumebi ft  Davido & Peruzzi.mp3,"upbeat, lively, Afrobeats, male, collaboration"
dataset/Kofi Jamar  Meye Gee feat Fameye Quamina MP Tulenkey  dflamz radio.mp3,"energetic, upbeat, hip-hop, rap, male, collaboration"
dataset/Oxlade - O2.MP3,"upbeat,happy, Afrobeats, male, Nigerian"
dataset/Oxlade - Hold on.MP3,"uplifting, hopeful, Afrobeats, R&B, male, Nigeria"
"dataset/Rexxie Ft Mohbad,HotKid & Cdq Gazo.mp3","energetic, upbeat, afrobeat, male, collaboration"
dataset/Kizz Daniel - Good Time.mp3,"joyful, upbeat, lively, Afrobeat, male, party, dance"
dataset/Hotkid - Ozana.MP3,"energetic, upbeat, afrobeat, male, "
dataset/DJ TUNEZ FT WANDE COAL Flex.mp3,"energetic, afrobeats, male, collaboration"
dataset/Lil wayne - Can't be broken.MP3,"determined, resilient, confident, hip-hop, male, Lil Wayne"
dataset/Niniola ft timbaland - Fire.MP3,"upbeat, energetic, Afrobeats, female, collaboration, dance"
"dataset/The notorious b.i.g ft ty dolla sign, bella alubo - G.o.a.t.MP3","hype, Hip-Hop, Male, featuring, collaboration"
dataset/Davido - Ada (DJ Ecool ft Davido).mp3,"energetic,happy, Afrobeats, male, collaboration"
dataset/Zlatan - That Guy.mp3,"energetic, confident, upbeat, afrobeat, male, "
dataset/Heavy-K-Kwelizayo-ft-Mazet-Thakzin.mp3,"energetic, lively, Afro House, male, collaboration"
dataset/Oladapo - Isakaba.mp3,"upbeat,happy,energetic, afrobeat, male, Nigerian"
dataset/Marshmello ft anne marie - Friends.MP3,"fun, energetic, pop, female, collaboration"
dataset/Idahmas - God When.mp3,"uplifting,hopeful, gospel, male, religious"
dataset/Brymo - Pim pim.MP3,"relaxing, soothing, Afrobeat, male, Nigerian artist"
dataset/Davido Ft Logos Olori Picasso.mp3,"energetic, lively, afrobeat, male, collaboration"
dataset/Blaqbonez Ft Tekno Ess Mama Radio Edit Clean Version.mp3,"energetic, upbeat, Afrobeat, male, collaboration, radio edit, clean version"
dataset/Cynthia morgan - Don't break my heart.MP3,"upbeat, romantic, Afrobeat, female, heartbroken, emotional"
dataset/Vybz Kartel - Come Home (Clean).mp3,"upbeat,romantic, dancehall,reggae, male, clean version"
dataset/Buju - Testimony.MP3,"upbeat, joyful, Afrobeats, male, testimony, gratitude"
dataset/Basketmouth ft wande coal - Listen.MP3,"upbeat,happy, afrobeat, male, collaboration"
dataset/Jeff akoh - I do.MP3,"romantic, R&B, male, love song"
dataset/DJ-Stokie-Kota-Ft-Tycoon-Mkeyz.mp3,"energetic, upbeat, amapiano, male, collaboration"
dataset/DJ Neptune - Baddest Ft  Olamide  BOJ & Stonebwoy.mp3,"Energetic, Afrobeats, Male, Collaboration"
dataset/Berri-Tiga-German-Machine-Ft-Jeriq.mp3,"upbeat, energetic, hip hop, male, collaboration"
dataset/Kddo ft. the cavemen - Holy ghost fire.MP3,"energetic, uplifting, afrobeats, male, collaboration"
dataset/03-Falz-Chop-The-Life-(JustNaija.com).mp3,"upbeat, energetic, afrobeat, male, Nigerian music"
dataset/Ninho-No-love-Ft-Ayra-Starr.mp3,"soulful, romantic, R&B, male, collaboration"
"dataset/Kabza De Small & DJ Maphorisa - Phoyisa ft. Cassper Nyovest, Qwestakufet.mp3","energetic, dance, Amapiano, male, collaboration"
dataset/Teni-YBGFA.mp3,"uplifting,happy, afrobeat, female, popular"
dataset/DJ-Tunez-x-Wizkid-Cool-Me-Down radio .mp3,"cool, Afrobeat, male, collaboration"
dataset/Juls ft tay iwar and projexx - Chance.MP3,"upbeat, groovy, Afrobeats, mixed, collaboration"
dataset/Idahams-Wetin-No-Good-Remix-ft-Eltee-Skhillz-DanDizzy.mp3,"upbeat, energetic, Afrobeat, male, remix, featuring artists"
dataset/Burna Boy - Dirty Secrets.mp3,"upbeat,happy, afrobeat, male, "
dataset/Kemuel - Alone.mp3,"heartfelt, spiritual, uplifting, Gospel, Male, worship"
dataset/Balloranking-Hustle-Hard.mp3,"energetic, afrobeat, male, uplifting, motivational"
dataset/Kwesta ft wale - Spirit.MP3,"uplifting,hype, hip hop, male, collaboration"
dataset/Master-Jay-Emaweni-ft-Gaba-Cannal-Zain-SA-(JustNaija.com).mp3,"upbeat,happy, Amapiano, male, collaboration"
dataset/Kaestyle-Gin-Juice.mp3,"energetic, upbeat, hip hop, male, party, dance"
dataset/Magixx Loyal.mp3,"upbeat,happy, pop, male, "
dataset/Yarden - Time .mp3,"nostalgic, hopeful, pop, female, piano"
dataset/1DA BANTON & BELLA SHMURDA - HOLY MAN.mp3,"energetic, upbeat, Afrobeat, male, collaboration"
dataset/PLANTATION BOIZ - SOMEBODY SAY (PLANTATION BOIZ).mp3,"upbeat, energetic, hip hop, male, group, collaboration"
dataset/Ric-Hassani-Love-Again.mp3,"romantic, soulful, R&B, male, Nigeria, love song"
dataset/Shekinah - Fixate.MP3,"reflective,melancholic, indie, female, "
dataset/Shallipopi ft odumodublvck - Cast.mp3,"upbeat, energetic, Afrobeats, male, collaboration"
dataset/Ice prince ft mr eazi - In a fix.MP3,"upbeat, energetic, afrobeat, male, collaboration, popular"
dataset/Ayra starr - Ija.MP3,"energetic, upbeat, afrobeats, female, Nigeria"
"dataset/Notd and felix jaehn ft georgia ku , captain cuts - So close.MP3","energetic, upbeat, electronic, dance, mixed, collaboration"
dataset/Teni-Apata.mp3,"upbeat,happy, Afrobeat, female, Nigerian"
dataset/Meek mill ft. giggs - Northside southside.MP3,"energetic, aggressive, hip hop, male, collaboration, rap"
dataset/Disturb dj Xclusive.mp3,"energetic, uplifting, EDM, dance, male, club, party"
dataset/Zojo - My story.mp3,"uplifting,happy, pop, male, nostalgic,inspiring"
dataset/Davido - Jowo.mp3,"romantic, nostalgic, Afrobeats, male, Nigerian"
dataset/Muyeez - Emo.mp3,"emotional, melancholic, pop, male, "
dataset/Kcee - Tuesday.mp3,"upbeat,happy, Afrobeat, male, party"
dataset/Fireboy DML - Havin Fun.mp3,"happy, upbeat, Afrobeats, male, "
dataset/Nasty c - Strings and blings.MP3,"upbeat, energetic, hip hop, male, South African"
dataset/Lifesize Ft Major AJ - Teddy-Selina.mp3,"upbeat,happy,energetic, pop, mixed, collaboration"
dataset/jojobabyTangerine MST.mp3,"joyful, uplifting, energetic, pop, female, catchy"
dataset/Ladipoe ft seyi shay - Red light.MP3,"energetic, romantic, Afrobeats, R&B, male, female, collaboration"
dataset/Teni - Case.mp3,"happy, upbeat, Afrobeats, female, Nigerian"
dataset/Young thug - Check.MP3,"energetic,hype, hip hop, male, catchy"
dataset/Burna boy - Gbona.MP3,"energetic, upbeat, afrobeat, male, dance"
dataset/T-Dollar-Alhamdulillah.mp3,"upbeat,happy,thankful, hip hop, male, religious"
dataset/02-Daliwonga-Igunana-Ft-Mas-Musiq-(JustNaija.com).mp3,"groovy, energetic, amapiano, male, collaboration, upbeat"
dataset/BURUKLYN BOYZ - PREE.mp3,"energetic, upbeat, hip-hop, male, party, summer"
dataset/Sia - Gimme love.MP3,"energetic,happy, pop, female, upbeat"
dataset/Larry Gaaga - Tene ft Flavour.mp3,"upbeat,happy, Afrobeat, male, collaboration"
dataset/03. Busta 929 - Obitsa Mang (feat. Lolo SA & Nation-365).mp3,"energetic, upbeat, amapiano, male, collaboration, featured artists"
dataset/Planète - Faded Memory.mp3,"calm, nostalgic, electronic, ambient, instrumental, chillout"
dataset/84-Controller-Mona-Lisa-ft-Lady-Du.mp3,"energetic, upbeat, amapiano, male, collaboration"
dataset/Nba youngboy ft mariah the scientist - Rear view.MP3,"energetic, reflective, hip hop, R&B, male, female, collaboration"
dataset/Enoque wambua - Twende twende.MP3,"energetic, joyful, afro-pop, male, Swahili"
dataset/Iniko - Jericho.MP3,"energetic, powerful, rock, male, anthemic, intense"
dataset/Mut4y and shaydee - 4 play.MP3,"upbeat,sensual, afrobeat, male, collaboration"
dataset/Dammy krane - Ji.MP3,"energetic, upbeat, afrobeat, male, Nigerian"
dataset/Asake - Nzanza.MP3,"upbeat,happy, Afrobeat, male, "
dataset/Lil Kesh Good Bad Boy.mp3,"energetic, playful, Afrobeats, male, Nigerian artist"
"dataset/Njelic - Izinto Zimane Zijike (feat. Mkeyz, Thabza Tee & Rhythm Tee).mp3","upbeat,happy, amapiano, male, collaboration,featuring"
dataset/Wani - Instaman.mp3,"energetic,happy, afrobeats, male, n/a"
dataset/Olivetheboy ft Oduskid - For you.mp3,"romantic, happy, Afrobeat, male, collaboration, love"
dataset/Naira marley - As e dey go.MP3,"energetic, lively, afrobeats, male, "
dataset/Wizkid_Ft_Wande_Coal_-_Ololufe.mp3,"romantic, love, afrobeats, male, collaboration"
dataset/Jack harlow ft big sean - Way out.MP3,"upbeat, energetic, confident, hip hop, rap, male, collaboration"
dataset/Terri - Danger.mp3,"energetic, powerful, Afrobeats, female, Nigeria, dance"
dataset/Don toliver ft lil durk and glorilla - Leave the club.MP3,"energetic, upbeat, hip hop, male, collaboration, club anthem"
dataset/Body (Radio Edit) Bayanni.mp3,"energetic, upbeat, pop, dance, male, fast tempo"
dataset/Akuchi - Loud.mp3,"energetic, powerful, afrobeat, male, upbeat"
dataset/EFYA -  NO MORE.mp3,"upbeat, energetic, Afrobeats, female, empowering, danceable"
dataset/Cheque LPD.mp3,"energetic,happy, Afrobeats, male, upbeat"
dataset/Tmighty - Morenikeji.MP3,"upbeat,happy, afrobeat, male, love,romantic"
dataset/Basketmouth-Koko-Ft-Laycon-Falz.mp3,"upbeat, energetic, lively, Afrobeat, male, collaboration"
dataset/Reekado Banks - Rora.mp3,"relaxing, upbeat, Afrobeat, male, Nigerian"
dataset/Daylight Harry Styles  Clean.mp3,"upbeat, cheerful, bright, pop, male, Harry Styles"
dataset/Victor AD - Vanessa.mp3,"emotional, romantic, Afrobeats, male, Nigerian"
dataset/Zlatan - Lagos Anthem ( Remix) Ft Oberz  Oladips  Trod   Kabex  Prescool.mp3,"energetic, upbeat, Afrobeats, male, remix, collaboration"
dataset/King_Promise_Ft_Bisa_Kdei_-_Carry_Me_Go.mp3,"upbeat, romantic, Afrobeats, male, collaboration"
dataset/Timaya - My Moto.mp3,"energetic, lively, Afrobeats, male, upbeat"
dataset/Kida Kudz - Buga Ft  Falz & JoeyB.mp3,"energetic, upbeat, Afrobeats, male, collaboration, hip hop"
dataset/Young Jonn - Bahamas.mp3,"energetic,happy, afrobeats, male, upbeat"
dataset/Naakmusiq ft busie - Ntombi.MP3,"upbeat,happy, afro pop, male, collaboration"
dataset/Mr Eazi Ft Simi Doyin.mp3,"happy, romantic, Afrobeats, mixed, collaboration"
dataset/Kraniumfeat.TyDollaign-NobodyHasToKnowClean.mp3,"upbeat,seductive, reggae, male, explicit"
dataset/DJ Tunez & Wizkid - Cool Me Down.mp3,"upbeat,danceable, Afrobeats, male, collaboration"
dataset/Denzel Kenedy - sing for me clean.mp3,"upbeat,happy, pop, male, clean version"
dataset/Azanti - Gettin Hot.mp3,"upbeat, energetic, afrobeat, male, "
"dataset/Bloody Civilian, OdumoduBlvck - Mad Apology.mp3","energetic, aggressive, hip hop, male, collaboration"
dataset/ECool x Dremo - Kilode.mp3,"energetic, upbeat, Afrobeats, male, "
dataset/Kaestyle ft omah lay - Blessings.MP3,"upbeat,happy, Afrobeat, male, collaboration"
dataset/Iyanya-Miracle-ft-Pawzz-Ashidapo.mp3,"upbeat,happy, Afrobeat, male, collaboration"
dataset/Twitch - Save me.MP3,"upbeat, energetic, pop, male, "
dataset/Logic - Boom trap protocol.MP3,"energetic, intense, hip hop, male, rap, trap"
dataset/Olamide - Jinja.MP3,"energetic,upbeat, Afrobeats, male, Nigerian"
dataset/Funbi - Forbidden Fruit.mp3,"fun, playful, enticing, afrobeat, soul, female, "
dataset/Zinoleesky - Call of duty.MP3,"energetic, motivational, Afrobeats, male, Nigerian music"
dataset/CDQ Baby Boy For Life [BBFL] (Radio Edit) Clean Version.mp3,"energetic, uplifting, hip hop, male, clean version, radio edit"
dataset/Ckay - You Cheated I Cheated Too.mp3,"sad, remorseful, Afrobeat, male, breakup"
dataset/TNK-MusiQ-Chup-Chup.mp3,"energetic,happy,upbeat, pop, male, "
dataset/Dr dolor - I go pay.MP3,"energetic,upbeat, Afrobeats, male, Nigerian"
dataset/Sean tizzle - Pempe.MP3,"upbeat, energetic, Afropop, male, dance, party"
dataset/CKay - You.mp3,"upbeat,happy, Afrobeats, male, catchy"
dataset/Izingane-Amakhosi-Sidonse-Moyeni-(JustNaija.com).mp3,"upbeat,happy, afro-pop, male, "
dataset/MO'HITS ALL STARS - BOOTY CALL.mp3,"upbeat, energetic, Afrobeat, mixed, party, dance"
dataset/Hiro - Fais Ca Bien.mp3,"upbeat, energetic, pop, male, french"
dataset/Adekunle gold ft khalid - Come back to me.MP3,"romantic, nostalgic, R&B, Afrobeat, male, collaboration"
dataset/Shatta-Wale-Portable.mp3,"energetic,happy, dancehall, male, Ghanaian"
dataset/Alema and rema - Pantera.MP3,"upbeat, energetic, afrobeat, male, collaboration, popular"
dataset/Eddy-Kenzo-Positivity-ft-Masaka-Kids-Afrikana.mp3,"positive,happy,upbeat, Afrobeat, male, collaboration"
dataset/Sean paul & major lazer - Tip pon it.MP3,"energetic,dance, reggae,electronic, male, collaboration"
"dataset/Major League DJz, Abidoza feat. Mpho Sebina - Dinaledi.mp3","upbeat,happy,dance, Amapiano, mixed, collaboration"
dataset/Koffee - Shine.MP3,"upbeat,happy, reggae, female, Jamaican"
dataset/Peruzzi - Show me love.MP3,"romantic, upbeat, afrobeats, male, love song, Nigerian music"
dataset/B red ft don jazzy - E better.MP3,"upbeat, Afrobeats, male, collaboration"
dataset/Masicka - History.mp3,"energetic,hype, dancehall, male, Jamaican"
"dataset/Yogi ft maleek berry,ray blk , kid ink - Baby.MP3","upbeat,happy, hip hop,r&b, mixed, collaboration featuring multiple artists"
dataset/ON MY WAY.mp3,"energetic, uplifting, pop, male, motivational, driving"
dataset/One Chance - Kvngs.mp3,"upbeat,energetic,positive, hip hop, male, catchy"
dataset/Tomi thomas & wale - Hopeless romantic (remix).MP3,"romantic, hopeful, R&B, male, remix, collaboration"
dataset/Zinoleesky - A1.MP3,"upbeat, energetic, Afrobeats, male, viral"
dataset/Dj spinall ft burna boy - Serious.MP3,"energetic, upbeat, Afrobeats, male, collaboration, Nigerian artists"
dataset/DJ Obza - Thandaza (feat. Lolo Zozi).mp3,"upbeat,happy,energetic, amapiano, mixed, featured artist: Lolo Zozi"
dataset/Dr malinga ft trademark - Akulaleki.MP3,"energetic, happy, afro house, male, collaboration"
dataset/Chiké  Pour Me A Drink.mp3,"chill, relaxing, soulful, R&B, soul, male, emotional"
dataset/Mpumi ft professor - Mfokalanga.MP3,"upbeat,happy, afro-house, female, collaboration"
dataset/Shizzi ft teni and mayorkun - Aye kan.MP3,"upbeat,happy, afrobeat, mixed, collaboration"
dataset/Skepta - Lit like this.MP3,"energetic, confident, grime, hip hop, male, UK rap"
dataset/Omah lay - Reason.MP3,"chill, relaxed, Afrobeat, male, Nigerian"
dataset/Danny Young_Ft Odumodublvck - Para.mp3,"energetic, upbeat, Afrobeat, Male, collaboration, Nigerian music"
dataset/Waje - Kponlongo Ft  Timaya.mp3,"energetic, lively, Afrobeats, female, collaboration, Nigerian music"
dataset/MBA FOR AFRICA - Different Feeling.mp3,"uplifting, energetic, Afrobeats, male, African music"
dataset/Tiimie-Lokoja.mp3,"upbeat,happy, pop, male, "
dataset/MAGIXX - LDCAD RADIO.mp3,"energetic, upbeat, electronic, male, radio-friendly"
dataset/Majeeed-Girls-Deserve-More-Money-(JustNaija.com).mp3,"upbeat, empowering, Afrobeats, male, Nigerian"
dataset/Lil skies - No rest.MP3,"upbeat, energetic, rap, male, Lil Skies"
dataset/Kacey musgraves - Justified.MP3,"upbeat, optimistic, country, female, love, empowerment"
dataset/Dj neptune ft s1mba - Grinding.MP3,"energetic, upbeat, Afrobeat, mixed, collaboration, dance"
dataset/Majo (Radio Edit) DJ Tunez ft Wizkid & Alpha P + Tay lwar.mp3,"energetic,upbeat, afrobeat, male, collaboration"
dataset/Crayon - Modupe.mp3,"upbeat,happy, Afrobeat, male, "
dataset/Drake - Race my mind.MP3,"calm, reflective, R&B, male, soulful"
"dataset/Costa titch and akon ft ma gang, alfa kat - Big flexa (remix).MP3","energetic, hype, hip hop, male, remix"
dataset/Mayorkun & joeboy - No strings attached.MP3,"upbeat, romantic, Afrobeat, male, collaboration"
dataset/Falz - La Fete.mp3,"happy, upbeat, Afrobeats, male, celebration, party"
dataset/Sia - I'm still here.MP3,"introspective, emotional, pop, female, ballad, empowerment"
dataset/JAYTIME - HELP MYSELF.mp3,"uplifting, empowering, pop, male, catchy"
dataset/Ajebo hustlers - Loyalty freestyle.MP3,"upbeat, energetic, hip hop, rap, male, freestyle"
dataset/Boy_Spyce_-_Nobody_(Celebnob.com_Music).mp3,"upbeat,happy, afrobeat, male, "
dataset/Skales - Selecta.MP3,"upbeat,dance, Afrobeats, male, Nigerian"
dataset/Recipy_Ft_Terry_Apala_-_Roundabout.mp3,"upbeat, energetic, Afrobeat, male, collaboration"
dataset/Reminisce - Nobody Knows Ft  2Baba.mp3,"nostalgic,sentimental, Afrobeat, male, "
dataset/Teezee & davido - Badi.MP3,"upbeat, energetic, lively, afrobeat, male, "
dataset/Big shaq - Buss it down.MP3,"energetic, playful, hip hop, male, funny, viral"
dataset/Burna boy - Wonderful.MP3,"upbeat, energetic, happy, afrobeat, male, Nigerian"
dataset/PYY-Log-Drum-King-Body-Language-Vele-Vele-Ft-Officixl-Rsa-Vista-Major-Lazer-Ty-Dolla-ign-Benzo.mp3,"energetic, vibrant, afrobeat, dancehall, male, collaboration, international"
dataset/Dremo - Stfu.MP3,"energetic, fierce, hip hop, male, explicit"
dataset/Peruzzi - God forbid.MP3,"upbeat, hopeful, Afrobeats, male, love song"
dataset/Eri Ife - Let Me ft Wapo.mp3,"relaxed, romantic, afrobeats, male, collaboration, love song"
dataset/Zoro - Nwunyem.MP3,"happy, upbeat, Afrobeats, male, Nigerian"
dataset/Wretch 32 ft giggs - 10 over 10.MP3,"energetic, hype, hip hop, rap, male, collaboration"
dataset/Seyi Shay - Yolo Yolo.mp3,"happy, lively, Afrobeat, female, "
dataset/Yung6ix ft peruzzi - What if.MP3,"upbeat, energetic, hip hop, male, collaboration"
dataset/Yung l ft shank - Bwoy.MP3,"energetic,hype, afrobeat, male, "
dataset/Sapa_No_Fit_Catch_Me_-_Nimix.mp3,"upbeat, energetic, afrobeats, male, Nimix"
dataset/Ykee benda ft reekado banks - Time table.MP3,"upbeat, happy, Afrobeats, male, "
dataset/Young-Jonn-Full-My-Tank-ft-Don-Jazzy.mp3,"energetic, upbeat, Afrobeats, male, collaboration"
dataset/Etta bond ft champion and double s - On a beach(champion remix).MP3,"upbeat, relaxed, R&B, Hip Hop, mixed, remix"
dataset/Pheelz-ROTATE.mp3,"energetic, upbeat, afrobeats, male, "
dataset/Bandros-ft-Semi-Tee.mp3,"upbeat, energetic, Amapiano, male, collaboration"
dataset/3. Bola Johnson ft REDDEMWURLD - Lagos Sisi (Mr Kleb Amapiano Remix) (Full Chorus) Radio edit.mp3,"upbeat, dance, Amapiano, male, remix, radio edit"
dataset/The Chainsmokers  I Love U.mp3,"upbeat, romantic, pop, mixed, electronic"
dataset/Vershon  Always Your Own.mp3,"uplifting,happy, reggae, male, Jamaican"
dataset/Nicky jam ft steve aoki - Jaleo.MP3,"energetic, upbeat, reggaeton, electronic, male, collaboration"
dataset/dj spinal - Pure Water_Dflamz Radio.mp3,"energetic, lively, Afrobeats, male, club banger, danceable"
dataset/The Inside (Radio Edit) MI Abaga Feat The CaveMen and Phyno.mp3,"upbeat, energetic, hip hop, afrobeat, mixed, collaboration"
dataset/Candy Bleakz - Wale ft Simi Remix mp3.mp3,"upbeat, energetic, Afrobeats, female, remix, collaboration"
dataset/Ladipoe - Law of attraction.MP3,"upbeat, motivational, Afrobeat, male, Nigeria"
dataset/QingMadi Ft ChloBailey - Vision.mp3,"upbeat, energizing, pop, R&B, female, collaboration"
dataset/Boj-Line-Of-Fire-ft-Ayra-Starr.mp3,"energetic,upbeat, Afrobeats, mixed, collaboration"
dataset/Jobe_London_Mphow69_-_Ingane_ft_Focalistic_Ntokzin.mp3,"energetic,dance, amapiano, male, collaboration"
dataset/Kelly khumalo & kyle deutsch - Lonely fool.MP3,"sad, lonely, pop, R&B, female, male, collaboration, heartbreak"
dataset/CRUEL SANTINO FT S-SMART - FTR.mp3,"upbeat,happy, afrobeats, male, collaboration"
dataset/NINIOLA - ALL EYES ON ME.mp3,"upbeat, confident, Afrobeat, Female, dance, energetic"
dataset/Johnny-Drille-The-Best-Part.mp3,"joyful, soulful, R&B, male, romantic"
dataset/Empire ft bnxn fka buju and leil - In the middle.MP3,"upbeat,happy, afrobeat, mixed, collaboration"
dataset/Aramide ft reminisce - Baba abule.MP3,"upbeat, energetic, Afrobeat, female, collaboration, Nigerian"
"dataset/Soco ft. Ceeza Milli, Spotless & Terri mp3.mp3","upbeat, energetic, afrobeats, male, collaboration, popular"
"dataset/Boj, zamir and amaarae - Money and laughter.MP3","upbeat,happy, Afrobeat, mixed, collaboration"
dataset/SBWL (feat. Kamo Mphela).mp3,"energetic, upbeat, amapiano, mixed, "
dataset/Olamide Ft Asake -  New Religion.mp3,"upbeat, energetic, Afrobeats, male, collaboration"
dataset/Olamid ft rema - Mukulu.MP3,"upbeat, energetic, afrobeats, male, "
"dataset/Prince kaybee , lasoulmates ft tns zanda zakuza - Club controller.MP3","energetic,dance, afro house, mixed, collaboration"
dataset/Pull Up jaywillz.mp3,"energetic, exciting, Afrobeat, male, Nigerian"
dataset/Charli XCX  Break the Rules RadioEdit.mp3,"rebellious, energetic, pop, female, upbeat"
dataset/Vik Oliver - Vanilla.mp3,"calm, soothing, pop, male, acoustic"
dataset/Ric hassani - Everything.MP3,"romantic, uplifting, afrobeat, male, love song"
dataset/Ella mai - Not another love song.MP3,"romantic, R&B, female, soulful"
dataset/Timi Dakolo - Iyawo Mi.mp3,"romantic, love, Afrobeat, male, wedding song"
dataset/Jinmi abduls - Saro.MP3,"romantic, melancholic, afrobeat, male, Nigerian artist"
dataset/Lincoln 3Dot - African Vibe (Ft. izybeats) cut .mp3,"upbeat, energetic, Afrobeat, male, collaboration, African"
dataset/Rexxie-Abracadabra-Remix-ft-Naira-Marley-Skiibii-Wizkid.mp3,"energetic, lively, upbeat, afrobeats, male, collaboration, remix"
dataset/Piers morgan ronaldo - Piers morgan ronaldo.MP3,"upbeat,happy,energetic, pop, male, celebrity"
dataset/Mz kiss - Kilode.mp3,"energetic,upbeat, Afrobeat, female, hip hop"
dataset/Ozuna-Eva -ft Davido -Longoria.mp3,"upbeat, energetic, reggaeton, male, collaboration"
dataset/Pieces.mp3,"calm, emotional, pop, female, piano"
dataset/GospelOnDeBeat - Feeling Ft Sautisol & Falz.mp3,"uplifting, joyful, Afrobeat, mixed, collaboration"
dataset/Thama-Tee-Kwazekwamnadi-ft-Chley-Sbuda-Maleather-Pabi-Cooper-(JustNaija.com).mp3,"energetic, uplifting, amapiano, male, collaboration, South African music"
dataset/Childish gambino - Feels like summer.MP3,"summery,relaxed,happy, R&B,hip hop, male, Childish Gambino"
dataset/Terri - For Here.mp3,"upbeat,happy,cheerful, pop, female, love,romantic"
dataset/Wande Coal - Amorawa Ft  Burna Boy.mp3,"upbeat, energetic, Afrobeat, male, collaboration"
dataset/Zlatan x Juls x Damibliz x Worlasi - Kokosa.mp3,"energetic, upbeat, Afrobeat, male, collaboration, international"
dataset/Yemi Alade - Rain.mp3,"upbeat, energetic, Afrobeat, female, Nigerian"
dataset/King perry ft soft and terri - Jojo.MP3,"upbeat,happy, afrobeat, male, collaboration"
dataset/Mayorkun - Fantasy.MP3,"upbeat, energetic, Afrobeat, male, popular"
dataset/Doja cat - Woman.MP3,"empowering, confident, pop, female, catchy"
dataset/Major lazer and major league djz ft joeboy - Designer.MP3,"upbeat,happy, Afrobeats, mixed, collaboration"
dataset/Simi - Owanbe.MP3,"upbeat, joyful, Afrobeat, female, party"
dataset/Abigail-Chams-Bata-(JustNaija.com).mp3,"sentimental,melancholic,emotional, Afrobeat, Female, Nigerian,Love"
dataset/Ecool ft dremo ft zlatan ft mayorkun - Onome.MP3,"energetic,happy, Afrobeats, male, collaboration"
dataset/Busta Rhyme ft Burna Boy - Roboshotta.mp3,"energetic, upbeat, hip hop, male, collaboration, rap"
dataset/Av - No dey form.MP3,"upbeat, energetic, Afrobeats, male, vibes"
dataset/Cody simpson - Way way.MP3,"upbeat,happy, pop, male, "
dataset/Kaycee Brown-Location.mp3,"upbeat, happy, pop, female, location"
dataset/Tiwa Savage - Rewind.mp3,"upbeat, energetic, Afrobeats, female, dance, party"
dataset/The Front Door (Radio Edit) MI Abaga Feat Duncan Mighty.mp3,"energetic, upbeat, Afrobeat, Hip hop, male, collaboration"
dataset/L.a.x - Panana.MP3,"upbeat,happy, Afrobeats, male, danceable"
dataset/Victor AD - Too Much Money.mp3,"upbeat,happy, Afrobeats, male, Nigerian"
dataset/Inkabi-Zezwe Ft-Sjava-Big-Zulu - Umbayimbayi.mp3,"uplifting, energetic, hip hop, male, collaboration"
"dataset/Mampintsha ft babes wodumo , lasoulmates - S'yaba thandazela.MP3","joyful, energetic, afropop, mixed, "
dataset/Olivia rodrigo - Deja vu.MP3,"nostalgic, contemplative, pop, female, breakup, relationship"
dataset/J cole - Applying pressure.MP3,"intense, determined, rap, male, J Cole"
dataset/BNXN fka Buju  Many Ways  feat Wizkid.mp3,"upbeat, energetic, Afrobeats, male, collaboration"
dataset/Victor AD - Anymore Ft  Phyno.mp3,"upbeat,happy, Afrobeat, male, collaboration"
dataset/Megan thee stalion ft beyonce - Savage remix.MP3,"energetic, confident, hip hop, rap, female, collaboration"
dataset/RUNDA-Feeling-Sexyy.mp3,"sexy, upbeat, pop, female, dance"
dataset/Tomi thomas ft buju banton - Hurricane.MP3,"energetic, upbeat, afrobeat, reggae, male, collaboration"
"dataset/BTS, Jungkook - Dreamers.mp3","dreamy,hopeful, K-pop, male, uplifting"
dataset/Afro b ft kizz daniel - Bluffin.MP3,"energetic, upbeat, afrobeat, male, collaboration"
dataset/Huku - Tommy Flavour.mp3,"upbeat,happy, bongo flava, male, "
dataset/Ruger - Bun bun.MP3,"energetic, upbeat, Afrobeat, male, dance, Nigerian"
dataset/Asake-Mogbe (Radio Clean).mp3,"upbeat, energetic, lively, Afrobeat, male, Radio Clean"
dataset/Jhus ft drake - Who told you.MP3,"energetic, confident, rap, male, collaboration, popular"
dataset/Wande coal - Come my way.MP3,"upbeat, energetic, Afrobeat, male, Nigerian, dance"
dataset/Mc galaxy - Fine girl.MP3,"happy, upbeat, Afrobeat, male, Nigerian music"
"dataset/Anuel AA , Jowell & Randy, De La Ghetto, Yailin La Más Viral - La Máquina.mp3","energetic, upbeat, Reggaeton, Male, collaboration"
dataset/WSTRN_Ft_Nviiri_The_Storyteller_-_Honest.mp3,"upbeat, Afrobeats, mixed, collaboration"
dataset/REMA - BENIN BOYS (RADIO EDIT).mp3,"energetic, upbeat, afrobeats, male, Nigeria, popular"
dataset/Terri - Balance.MP3,"upbeat,happy, Afrobeat, female, "
"dataset/Diplo, Maren Morris - 42.mp3","upbeat, energetic, pop, electronic, mixed, collaboration"
dataset/Koffee - Ye (burnaboy cover).MP3,"energetic, upbeat, reggae, female, cover"
dataset/Reekado banks - Rora.MP3,"relaxing, joyful, Afrobeats, male, Nigerian"
dataset/Dpzle ft niniola - Sodi.MP3,"upbeat,dance, afrobeat, mixed, collaboration"
dataset/Crayon ft victony - Belleful.MP3,"energetic, upbeat, afrobeat, male, collaboration"
dataset/Krizbeatz ft tekno and teni - Hit.MP3,"energetic,happy, Afrobeats, mixed, collaboration"
dataset/Vusinator ft soso killa - Gigabyte.MP3,"energetic, lively, amapiano, mixed, collaboration, hit"
dataset/Yemi alade - Bounce.MP3,"energetic, fun, upbeat, Afrobeat, female, dance, party"
dataset/WurlD feat Sarz - Location.mp3,"upbeat, energetic, Afrobeat, male, collaboration"
dataset/Olamide - Problem.MP3,"energetic,hype, afrobeats, male, Nigeria"
dataset/Seyi-Vibez-Different-Pattern.mp3,"upbeat, energetic, Afrobeats, male, "
dataset/Iyanya - Plans.MP3,"upbeat, afrobeat, male, popular"
dataset/Amaarae - Leave me alone.MP3,"upbeat,energetic, Afrobeats, female, independent,empowering"
"dataset/Kabza-De-small-x-Dj-Maphorisa Ft Young Stunna, Shino, Kikai, ShaunMusiQ , Ftears - Khutuza.mp3","energetic, lively, Amapiano, mixed, collaborative, South African"
dataset/Sauti Sol ft Alikiba - Unconditionally Bae CUT .mp3,"upbeat, romantic, Afro-pop, mixed, collaboration"
dataset/Sanki - On God .mp3,"upbeat, energetic, hip-hop, male, explicit lyrics"
dataset/DJ Spinall - Cloud 9  ft Adekunle Gold.mp3,"upbeat,happy, Afrobeats, male, collaboration, Nigerian music"
dataset/Ckay - Mmadu.MP3,"upbeat,happy, afrobeats, male, Nigerian"
dataset/KUNFAYAKUN MP3.mp3,"peaceful, spiritual, calming, Qawwali, Sufi, male, Islamic, devotional"
dataset/Ayra starr - Memories.MP3,"melancholic, nostalgic, Afrobeat, female, Ayra Starr"
dataset/Stay Flee Get Lizzy - 2 Cups (Intro - Clean).mp3,"upbeat,happy, hip hop, mixed, intro, clean"
dataset/Makhadzi - Tshikwama.MP3,"energetic, lively, afrobeats, female, African music"
dataset/Cheque Ft Bella Shmurda - Skii.mp3,"energetic, upbeat, Afrobeat, male, collaboration"
dataset/Tino Moody - Dare Me.mp3,"upbeat,energetic, pop, male, catchy"
dataset/John dust ~ Fire.mp3,"energetic, powerful, rock, male, "
dataset/Stylo G & The FaNaTiX - Touch Down Remix (Intro - Clean).mp3,"energetic, upbeat, dancehall, pop, male, remix, clean"
dataset/Senth-On-My-Mind.mp3,"melancholic, reflective, Hip hop, male, thought-provoking"
dataset/Omah lay and ozunna - Soso (refix).MP3,"upbeat, catchy, Afrobeats, male, refix, collaboration"
dataset/Bella alubo - Mama said.MP3,"upbeat, energetic, Afrobeats, female, Nigerian"
"dataset/Myztro & Daliwonga - Kunkra (feat. Xduppy, Shaunmusiq & Ftears).mp3","energetic, upbeat, Amapiano, mixed, collaboration"
dataset/10-Tommy-Flavour-Whine-4-Me-ft-Vanillah.mp3,"upbeat, dance, afrobeat, male, "
"dataset/DJ Maphorisa, Kabza De Small ft DJ -Tsitso Meropa.mp3","upbeat,happy, Amapiano, mixed, collaboration"
dataset/Berri-Tiga-Active-Ft-Boy-Muller.mp3,"energetic, upbeat, pop, male, "
dataset/BNXN fka Buju - Bad Man Wicked.mp3,"aggressive, dancehall, male, "
dataset/Tekno - Puttin.MP3,"energetic, upbeat, Afrobeats, male, dance"
dataset/Iyanya-Slowly-Ft-Lola-Rae-XenaVonn.mp3,"calm, romantic, Afrobeat, male, collaboration"
dataset/Taves - Folake.mp3,"energetic,happy, afrobeat, male, upbeat"
dataset/DJ Neptune - Marry Ft  Mr  Eazi (Sigag EDM Remix).mp3,"upbeat, lively, energetic, EDM, mixed, remix, collaboration"
dataset/Clean bandit ft marina and luis fonsi - Baby.MP3,"upbeat, catchy, fun, pop, dance, mixed, collaboration"
dataset/Kizz Daniel - Oshe Ft The Cavemen.mp3,"joyful, energetic, Afrobeat, male, collaboration, Nigerian music"
dataset/Mr Eazi - Personal Baby.mp3,"upbeat, catchy, Afrobeat, male, Nigerian music"
dataset/Barry-Jhay-My-Father-My-father.mp3,"emotional,sentimental, Afrobeat, male, Nigerian"
dataset/Galantis - Emoji.MP3,"upbeat,happy, electronic, mixed, popular"
dataset/Ycee - Intentionally.mp3,"laid-back, romantic, Afrobeat, male, Nigerian"
dataset/Phaemous ft psychoyp - Island pink.MP3,"upbeat,happy, pop, male, collaboration"
dataset/Tebza-De-DJ-Ka-Valungu-ft-DJ-Nomza-The-King.mp3,"upbeat,dance, amapiano, male, collaboration"
dataset/Focalistic ft davido - Ke star (remix).MP3,"energetic, upbeat, Amapiano, Male, collaboration, remix"
"dataset/Sjava , dj maphorisa ft howard copy - Ngempela.MP3","mellow, afro-house, male, collaboration"
dataset/Burna Boy - Level Up (Twice As Tall) (feat. Youssou N'Dour) .mp3,"energetic, uplifting, Afrobeat, male, collaboration, international"
dataset/Magnito Ft Odumodublvck & Dremo & Mint Comot Eye.mp3,"upbeat, energetic, hip hop, mixed, collaboration"
dataset/YCee - West Indies.mp3,"upbeat, energetic, Afrobeat, male, danceable"
dataset/Davido Ft The Caveman & Anglique Kidjo Na Money.mp3,"energetic,upbeat, Afrobeats, mixed, collaboration"
dataset/Dermot kennedy - Outnumbered.MP3,"emotional, powerful, indie folk, male, heartfelt, acoustic"
dataset/Joburg ft tns - Mampintsha.MP3,"energetic, upbeat, afro-house, male, collaboration, South African music"
dataset/Magnito - Riches.MP3,"upbeat,happy, hip hop, male, catchy"
dataset/Young jonn - Normally.MP3,"energetic, upbeat, Afrobeat, male, club, dance"
dataset/Myztro-Myztro-Ah-Ah-Ft-Xduppy-ShaunMusiQ-Ftears.mp3,"energetic, upbeat, EDM, mixed, collaboration"
dataset/Phyno - Bia.MP3,"energetic, upbeat, afrobeat, male, Nigerian, rap"
dataset/Sefiyah - Mind sex.MP3,"sensual, intimate, R&B, female, explicit lyrics"
dataset/Tems - T-Unit.mp3,"soulful, emotional, R&B, female, Nigerian artist"
dataset/Spotless - Lover.MP3,"upbeat, romantic, pop, female, chill"
dataset/Falz - Girls (Official Audio) ft. Patoranking.mp3,"fun, upbeat, Afrobeat, male, collaboration"
dataset/Lil kesh ft fireboy dml - Love like this.MP3,"romantic, passionate, Afrobeats, male, collaboration, Nigerian music"
dataset/DJ FIZZY CHEESY x SHODAY X BERRI TIGA - AZUBUIKE.mp3,"energetic, upbeat, afrobeats, mixed, collaboration"
dataset/YOUNG JONN FT OLAMIDE - CURRENCY.MP3.mp3,"energetic, upbeat, afrobeat, male, "
dataset/Cruel Santino - FINAL CHAMPION.mp3,"energetic, hype, hip hop, electronic, male, Nigerian artist"
dataset/Reminisce ft fireboy - Ogaranya.MP3,"upbeat, joyful, Afrobeats, male, collaboration"
dataset/Burna Boy - Common Person.mp3,"upbeat, lively, Afrobeat, male, danceable"
dataset/Abba - I still have faith in you.MP3,"hopeful, nostalgic, pop, mixed, Abba"
dataset/Amaarae-Princess-Going-Digital.mp3,"energetic, lively, futuristic, Afrobeats, Electronic, female, upbeat"
dataset/Soft - Comot Body.mp3,"soft, Afrobeat, male, "
dataset/Rita ora ft 6lack - Only want you.MP3,"romantic, melancholic, pop, R&B, female, male, featured artist: 6lack"
dataset/Dammy-Krane-Number-One-Ft-Portable.mp3,"energetic, upbeat, Afrobeat, male, collaboration"
dataset/Justine Skye - Whip It Up clean.mp3,"energetic, lively, pop, female, upbeat, dance"
dataset/Idahams - God Bless Africa.mp3,"patriotic, uplifting, afrobeat, male, African"
dataset/Diamond-Platnumz-Shu-ft-Chley.mp3,"joyful, energetic, Afrobeat, male, collaboration"
dataset/Cruel santino ft koffee - Deadman bone.MP3,"energetic, mysterious, afrobeat, dancehall, mixed, collaboration"
dataset/Major League DJz - Le Plane E’Landile_(muzmo.pro).mp3,"energetic, upbeat, Amapiano, group, South African"
"dataset/MUTUTE BOY feat. LastBorn Diroba, Lwamii & Mellow & Sleazy- Gwa Shorta.mp3","energetic, lively, hip hop, mixed, collaboration, upbeat"
dataset/Post malone - Chemical.MP3,"energetic,happy, pop, male, vocal,catchy"
dataset/Basketmouth-Chasing-Dreams-ft-Timi-Dakolo-Torrian-Ball-Reminisce clean.mp3,"upbeat, motivational, Afrobeat, male, collaboration, inspirational"
dataset/Efya - Until The Dawn.mp3,"relaxing, romantic, Afrobeat, female, uplifting"
"dataset/NATIVE SOUND SYSTEM - Pim Pam (with MOJO AF, PsychoYP, Fresh L, Zamir).mp3","energetic, upbeat, Afrobeat, Hip Hop, mixed, collaboration"
dataset/Soti and layydoe - Oliver.MP3,"energetic,happy,upbeat, afrobeat, mixed, collaboration"
dataset/DrummeRtee924-ft-Mr-Luu-De-Stylist-Drugger-Boyz-Hayi-Keh.mp3,"energetic, lively, Afro-house, male, collaboration"
dataset/Tion wayne ft eight9fly - Pay my money.MP3,"energetic, hype, rap, male, collaboration, urban"
dataset/Tekno-Peppermint.mp3,"energetic,dance, Afrobeat, male, upbeat"
dataset/Mut4y - Start 2 Dance Ft Wande Coal.mp3,"upbeat, energetic, Afrobeats, male, collaboration"
dataset/PsychoYP Ft Swift & Kiiwii Drop That Sh#t.mp3,"energetic, upbeat, hip hop, male, collaboration, explicit lyrics"
dataset/TyStringz & Jeff Akoh - JARA.mp3,"upbeat,happy, Afrobeats, male, "
dataset/Kweku Darlington - Pain.mp3,"melancholic, reflective, Afrobeats, male, Ghanaian artist"
dataset/Logos Olori - Jaye lo.mp3,"upbeat, energetic, Afrobeat, female, Nigerian"
dataset/Shallipopi - Things On Things.mp3,"upbeat,happy, pop, female, catchy"
dataset/Tipcee ft dladla mshunqisi - Sukuma.MP3,"energetic, lively, gqom, female, collaboration"
dataset/Cardi b ft migos - Drip.MP3,"energetic, confident, hip-hop, female, collaboration"
dataset/Reehaa- Holdin On.mp3,"upbeat, energetic, pop, female, "
dataset/Wizkid - Master groove.MP3,"upbeat, groovy, afrobeat, male, "
"dataset/DJ Gukwa – Disturber ft. Okmalumkoolkat, Professor & Plan B.mp3",", Hip-Hop, Mixed, Collaboration"
dataset/Fireboy-DML-Everyday.mp3,"uplifting,happy, Afrobeats, male, popular"
dataset/PRETTYMUCH  Would You Mind Radio Version.mp3,"upbeat, pop, male, group"
dataset/9 Clowns (feat. LADIPOE)_Master 1b [Clean].mp3,"energetic, playful, hip hop, male, feat. LADIPOE, clean version"
dataset/Efya & mr eazi - mame (give me) - Mame (give me).MP3,"upbeat, feel-good, Afrobeat, female, male, collaboration, Ghanaian artists"
dataset/Balloranking-Bode-Thomas.mp3,"upbeat,happy, Afrobeat, male, party"
dataset/Calvin harris ft tom grennan - By your side.MP3,"upbeat, energetic, dance, male, featured artist: Tom Grennan"
dataset/Wizkid ft  Bob Marley  - One Love.mp3,"upbeat, positive, afrobeats, reggae, male, "
dataset/Burna Boy - Secret (feat. Jeremih and Serani) .mp3,"upbeat, energetic, Afrobeat, R&B, male, collaboration, featured artists"
dataset/Diamond platinumz ft chley - Shu!.MP3,"energetic,upbeat, afrobeat, male, collaboration"
dataset/Rema - Addicted.MP3,"upbeat, afrobeats, male, Nigerian"
"dataset/Young Jonn ft Kizz Daniel, Seyi Vibez - Big Big Things.mp3","energetic, lively, afrobeat, male, collaboration, upbeat"
dataset/Ema onigah - Get you for mind.MP3,"upbeat, energetic, pop, female, catchy"
dataset/Rexxie Ft AXAD - One or Two.mp3,"energetic, upbeat, afrobeats, male, collaboration"
dataset/SUPTA-Sebenza-Ft-Khanyisa-(JustNaija.com).mp3,"energetic, upbeat, Amapiano, male, collaboration"
dataset/Joozey-Namficha-ft-Harmonize.mp3,"upbeat, energetic, Bongo Flava, mixed, collaboration"
dataset/Fiokee & Teni - Osan Ft Dj Coublon.mp3,"upbeat,happy, Afrobeats, mixed, collaboration"
dataset/Just-G-No-Limits.mp3,"energetic, uplifting, pop, male, catchy"
dataset/Selebobo - Siren.mp3,"upbeat, energetic, Afrobeats, male, catchy"
dataset/Cardi b ft megan thee stallion - Wap.MP3,"empowering, fierce, confident, bold, hip hop, rap, female, explicit, viral"
dataset/Dzo-729-Umjolo-ft-Mkeyz.mp3,"upbeat,happy,dance, amapiano, male, collaboration"
dataset/Zlatan - Lagos anthem.MP3,"energetic, upbeat, Afrobeats, male, Nigerian music"
dataset/SPYRO FT SIMI - ONLY FINE GIRL (REMIX).mp3,"happy, upbeat, Afrobeat, male, female, remix"
dataset/Idahams - Problem.mp3,"upbeat,happy,energetic, Afrobeats, male, Nigerian"
dataset/Omawumi - Hold my Baby ft Falz.mp3,"upbeat,happy, Afrobeats, female, collaboration,featured artist"
dataset/Fireboy dml - Feel.MP3,"melancholic, emotional, Afrobeats, male, contemporary"
dataset/01-Prince-Kaybee-Mpendulo-Ft-Bongeziwe-Mabandla.mp3,"upbeat,happy, House, male, collaboration, South African music"
dataset/Lil durk ft morgan wallen - Stand by me.MP3,"emotional, supportive, hip hop, country, male, collaboration"
dataset/Waje - I'm Available ft Yemi Alade.mp3,"energetic, upbeat, Afropop, female, collaboration"
dataset/Bella Shmurda Addicted Radio Edit Clean Version.mp3,"upbeat,dance, afrobeats, male, clean version"
dataset/Larry Gaaga - Baba Nla ft Burna Boy  2Baba  D'banj.mp3,"energetic, upbeat, Afrobeat, male, collaboration, Nigerian artists"
dataset/D'banj - Action.MP3,"upbeat,energetic, afrobeats, male, Nigerian artist"
dataset/Victony and tempoe - Soweto.MP3,"energetic, upbeat, afrobeats, male, collaboration, Nigerian music"
dataset/Teni - Jo.MP3,"upbeat,happy, Afrobeats, female, danceable"
dataset/Dj snake ft niniola - Maradona riddim.MP3,"energetic,dance, Afrobeat, female, collaboration"
dataset/Teni - Legendary.mp3,"energetic, happy, afrobeat, female, upbeat"
dataset/01-Ntokzin-Manyonyoba-Ft-MalumNator-2woshot-Stompiiey-Dr-Thulz-(JustNaija.com).mp3,"energetic,dance, amapiano, male, collaboration"
dataset/Shoday (Caution Remix) Ft Skiibii.mp3,"energetic, upbeat, Afrobeats, male, remix, collaboration, featuring Skiibii"
dataset/Lyta-Correct.mp3,"upbeat,happy, afrobeat, male, catchy"
dataset/Skeng Ft Nicki Minaj - Likkle Miss Remix.mp3,"energetic, upbeat, hip hop, female, remix"
dataset/SHATTA WALE - Gringo.mp3,"energetic,dramatic, Afrobeats, male, "
dataset/Kcee ft wizkid - Psycho.MP3,"upbeat,happy, Afrobeats, male, collaboration"
dataset/Omah lay - You.MP3,"romantic, chill, Afrobeats, male, love song"
dataset/Nsg ft patoranking - Suzanna.MP3,"upbeat, energetic, Afrobeats, male, collaboration"
dataset/Mr Eazi - Overload Ft  Mr  Real & Slimcase.mp3,"energetic, lively, Afrobeat, male, collaboration"
dataset/Rexxie - KPK (Ko Por Ke) ft Mohbad.mp3,"energetic,hype, afrobeat, male, Nigerian"
dataset/Tariq - Signals mp3.mp3,"upbeat, energetic, pop, male, catchy"
dataset/Vector & M I - Crown Of Clay Ft  Pheelz.mp3,"energetic, powerful, Afrobeats, male, collaboration, Nigerian"
dataset/Ayra starr - Fashion killer.MP3,"upbeat, groovy, Afrobeats, female, Nigerian music"
dataset/Falz ft. Olamide & Davido - Bahd Baddo Baddest dflamz clean .mp3,"energetic, upbeat, Afrobeat, mixed, collaboration, catchy"
dataset/Fredo bang ft kevin gates - No security.MP3,"serious, intense, hip hop, male, collaboration"
dataset/Asake - Dupe.MP3,"cheerful, happy, Afrobeat, female, upbeat"
dataset/Tyla-ART.mp3,"upbeat, energetic, pop, female, electronic influences"
dataset/Reekado banks and parker ighile - Options.MP3,"upbeat, energetic, Afrobeat, Pop, Male, collaboration"
dataset/Seyi-Vibez-Cana.mp3,"upbeat,happy,powerful, Afrobeats, male, Nigerian"
"dataset/Blaqbonez  ft 1da banton, bad boy timz - Faaji.MP3","energetic, lively, upbeat, afrobeat, hip hop, male, collaboration, Nigerian music"
dataset/Lowsheen-Dali-ft-Lily-Faith-DJ-KSB.mp3,"upbeat, energetic, electronic, pop, mixed, collaboration"
dataset/Nicki minaj - Half back.MP3,"energetic, confident, hip hop, female, rap"
dataset/Ladipoe ft joeboy - Yoruba samurai.MP3,"energetic, powerful, Afrobeat, male, collaboration"
dataset/Stress Free-ft.-Seun-Kuti-Egypt-80 .mp3,"Stress Free, Afrobeat, Mixed, Collaboration"
dataset/Tiimie-Calm-D.mp3,"calm, unknown, unknown, "
dataset/Demi grace - Just friends.MP3,"joyful, upbeat, pop, female, catchy"
dataset/Marshmello and pritam ft shirley setia - Biba.MP3,"exciting, joyful, energetic, pop, electronic, mixed, collaboration, catchy"
dataset/Mr-Msolo-Unruly-Piano-ft-Pcee-Daliwonga.mp3,"upbeat,happy, piano, multiple, collaboration"
dataset/Masterkraft ft ugoccie - Today oringo.MP3,"upbeat, energetic, afrobeat, mixed, collaboration"
dataset/Tekno - Woman.mp3,"empowering, upbeat, afrobeat, male, Nigeria, dance"
dataset/Machine gun kelly - Swim good (frank ocean cover).MP3,"emotional, reflective, Rap, R&B, Male, Cover"
dataset/Skales - Pass Ft  Yung L & Endia.mp3,"energetic, lively, Afrobeat, male, collaboration"
dataset/Dj switch ft ovikels - Gun gun.MP3,"energetic, upbeat, hip hop, male, collaboration, danceable"
dataset/Kida Kudz - Money ft Teni.mp3,"upbeat, energetic, afrobeats, male, collaboration"
dataset/Kida Kudz - Moonwalk.mp3,"energetic, upbeat, Afrobeats, male, dance, summer vibes"
dataset/Oxlade - Ku lo sa.MP3,"upbeat, energetic, Afrobeats, male, Nigerian"
dataset/Boy-Spyce-Lose-ft-Don-Jazzy-King-Promise.mp3,"upbeat,happy, Afrobeats, male, collaboration"
dataset/T'neeya - Text me.MP3,"upbeat,energetic, Afrobeat, female, "
dataset/Babyboy-AV-Quick-Question.mp3,"upbeat,happy, pop, male, catchy"
dataset/Patoranking ft nyashinski - Nakupenda.MP3,"romantic, afrobeat, mixed, "
dataset/DJ Coach & Soa Mattrix - Alaziwa (feat. Toshi).mp3,"upbeat, energetic, afro-house, mixed, collaboration"
dataset/Young jonn ft davido - Dada (remix).MP3,"upbeat, energetic, Afrobeats, male, remix, collaboration"
dataset/Ceeza milli and zlatan - Flenjor.MP3,"energetic,happy, afrobeat, male, "
dataset/Oxlade ft. P.Priime – Piano.mp3,"upbeat, soulful, Afrobeats, male, collaboration"
dataset/Ed sheeran ft lil baby - 2step.MP3,"upbeat, lively, pop, hip hop, male, collaboration"
dataset/Jack harlow - Nail tech.MP3,"energetic, upbeat, hip-hop, male, popular"
dataset/Maroon 5 ft cardi b - Girls like you.MP3,"upbeat, catchy, pop, mixed, "
dataset/Dyo ft mr eazi - Go all the way.MP3,"upbeat, romantic, Afropop, female, collaboration"
dataset/Mustard ft roddy rich - Ballin.MP3,"energetic, confident, Hip Hop, male, popular, rap"
dataset/Tayc - Lova.mp3,"romantic, sensual, R&B, male, French"
dataset/Laycon-Shine.mp3,"upbeat, energetic, hip hop, male, celebratory, motivational"
dataset/Burna Boy - Vanilla.mp3,"upbeat, energetic, groovy, afrobeat, male, summer vibes"
"dataset/Prince kaybee ft busiswa, naakmusiq, bucie, nokwaz - Club controller remix.MP3","upbeat, energetic, house, mixed, remix, collaboration"
dataset/MEMMUCHI - MONEY AND POWER.mp3,"energetic, powerful, hip hop, male, upbeat, hype"
dataset/LuuDadeejay-Pitori-Vibezz.mp3,"upbeat, energetic, amapiano, male, danceable"
dataset/Zerrydl ft Seyi Vibez - Cash.mp3,"upbeat, energetic, afrobeats, male, collaboration"
dataset/Trademark and achim ft megadrumz - Lendaba.MP3,"upbeat, energetic, afro-house, mixed, collaboration, dance"
dataset/Buju - Ohema.MP3,"upbeat, romantic, Afrobeats, male, Buju"
dataset/Kanye west - Jail.MP3,"energetic, intense, hip-hop, male, Kanye West"
dataset/Masego - Well traveled.MP3,"chill, groovy, R&B, Jazz, male, saxophone"
dataset/Olamide ft layydoe - Rough up.MP3,"energetic, lively, Afrobeats, male, collaboration"
dataset/Wizkid - No Stress.mp3,"chill, relaxed, Afrobeat, male, popular"
dataset/Timaya - Life Anagaga ft M I.mp3,"energetic,happy, Afrobeats, male, collaboration"
dataset/Wizkid - Plenty Loving.mp3,"happy, romantic, Afrobeats, male, uptempo"
dataset/Michael-Jackson-Billie-Jean-Da-Capo-Remix.mp3,"upbeat,dance, pop, male, remix"
dataset/Mut4y - 4 Play ft  Shaydee.mp3,"romantic, groovy, Afrobeats, male, collaboration, Nigerian"
dataset/Rihanna - Born again (black panther).MP3,"energetic, powerful, pop, hip-hop, female, empowering"
dataset/Quavo - Workin me.MP3,"energetic, confident, hip hop, male, catchy"
dataset/Busta-929-Amabele-ft-KNOWLEY-D-Msamaria-Nation-365.mp3,"upbeat,happy, amapiano, male, collaboration"
dataset/Bts - Take two.MP3,"energetic,happy, K-pop, mixed, "
dataset/Joeboy - Show me.MP3,"upbeat, romantic, afrobeat, male, "
dataset/Boy Spyce - You (Rum & Schnapp).mp3,"upbeat, happy, pop, male, catchy, summer vibes"
dataset/Juls - Palmwine riddim.MP3,"relaxed, upbeat, Afrobeat, male, instrumental"
dataset/Teni - No days off.MP3,"upbeat,happy, afrobeat, female, energetic"
dataset/King promise ft. maleek berry - Slow down remix.MP3,"upbeat, romantic, Afrobeat, R&B, male, collaboration"
dataset/Six Past Twelve & M.Patrick - Billion.mp3,"upbeat, energetic, Amapiano, mixed, collaboration"
dataset/Mr eazi - Keys to the city (ogede).MP3,"upbeat,happy, Afrobeats, Male, Afro fusion"
dataset/Skales - On your side.MP3,"upbeat, hopeful, Afrobeats, male, "
dataset/Meek mill ft. moneybagg yo - Hot.MP3,"energetic, confident, hip hop, male, collaboration"
dataset/Kranium In Charge  dflamz radio .mp3,"energetic, empowering, dancehall, male, party, summer"
dataset/Nonso amadi ft mr eazi - Go outside.MP3,"calm, relaxed, chill, R&B, Male, collaboration, summer vibe"
dataset/Bucie-Easy-to-Love.mp3,"happy, upbeat, house, female, South African"
dataset/Mk ft carla monroe - 2am.MP3,"upbeat, energetic, dance, house, electronic, female, collaboration"
dataset/Thirstyworldwide & straffitti ft. jaiye & bergdorf - Fashion nova.MP3,"upbeat,hype, hip hop, mixed, collaboration"
dataset/Buju - Something sweet.MP3,"upbeat,happy, afrobeat, male, "
dataset/Perfect Timing (Radio Edit) Erigga ft JeriQ.mp3,"upbeat, energetic, afrobeats, hip hop, male, collaboration"
dataset/Bigtril - Parte after parte.MP3,"energetic, party, Afrobeat, male, viral"
dataset/IFEX  ft PHYNO - OFO mix final.mp3,"energetic, exciting, afrobeat, male, "
dataset/Fireboy DML ft Rema - Compromise.mp3,"upbeat, energetic, Afrobeats, male, collaboration, Nigerian artists"
dataset/Boj-42-ft-Ajebutter22.mp3,"upbeat,happy, Afrobeat, male, collaboration"
dataset/Yemi Alade - Boys.mp3,"upbeat,happy, Afrobeat, Female, "
dataset/Lojay ft dj maphorisa - Canada.MP3,"upbeat, afrobeats, amapiano, male, collaboration, summer vibes"
dataset/Lowsheen-Nkatanga-ft-Henny-C-CHARLOTTE-LYF-DJ-KSB.mp3,"upbeat,happy, Afrobeats, male, collaboration"
dataset/P-SQUARE - GIMME THAT.mp3,"energetic, upbeat, Afrobeat, male, dance, party"
dataset/Like (Radio Edit) Iyanya Ft Davido Ft Kizz Daniel.mp3,"upbeat, energetic, Afrobeats, Pop, male, "
dataset/Amaarae-Water-From-Wine.mp3,"calm, reflective, afrobeats, female, upbeat"
dataset/Martin garrix and pierce fulton ft mike shinoda - Waiting for tomorrow.MP3,"hopeful, anticipation, electronic, pop, mixed, collaboration, featured artist"
"dataset/Kabza-De-small-x-Dj-Maphorisa Ft ,Kweyama-Brothers-Slowavex  , Konke , Madumane - Ungakholwa-.mp3","upbeat,dance, Amapiano, mixed, collaboration"
dataset/Sound_Sultan_-_Friends.mp3,"upbeat,happy, Afrobeat, male, collaboration"
dataset/Bad Since 97 (Radio Edit) BNXN Buju.mp3,"upbeat, energetic, hip-hop, male, radio edit"
dataset/Elisha K - Joana .mp3,"upbeat,happy, pop, female, dance"
dataset/High- Tesh Carter TRACK 1.mp3,"high, pop, female, uptempo"
dataset/Khalid ft a boogie wit da hoodie - Right back.MP3,"chill,relaxed, R&B, male, collaboration"
dataset/Larry gaaga ft peruzzi - Fuck it.MP3,"energetic, upbeat, Afrobeat, male, collaboration"
"dataset/Major lazer ft french montana , beam - Bam bam.MP3","energetic,upbeat, EDM, mixed, collaboration"
dataset/Dumebi (Major Lazer Remix).mp3,"upbeat,dance, electronic, mixed, remix"
dataset/Konstance - For You .mp3,"uplifting,happy, pop, female, love"
dataset/JZyNo - Finally.mp3,"energetic,happy, pop, male, "
dataset/Fiokee ft ric hassani and klem - Be a man.MP3,"uplifting, inspirational, Afrobeat, male, collaboration"
dataset/Nasty C BlackOut [CLEAN].mp3,"energetic, intense, hip hop, male, clean version"
dataset/Berri-Tiga-Money-Over-Love.mp3,"energetic, upbeat, pop, female, catchy"
dataset/G2 AMANI - PEACE OF MIND.mp3,"calm, peaceful, relaxing, pop, R&B, male, upbeat"
dataset/Christopher Martin - This Christmas.mp3,"festive,happy, reggae, male, Christmas"
dataset/Lulu diva ft rich mavoko - Ona.MP3,"upbeat, romantic, bongo flava, female, male, collaboration"
dataset/DJ-Neptune-Mumu-ft-Joeboy.mp3,"upbeat,happy, Afrobeats, male, club banger"
dataset/Kizz daniel ft johnny drille - Feran mi.MP3,"romantic, emotional, Afrobeats, R&B, male, collaboration"
dataset/Shoday-Wuru-Wuru.mp3,"energetic, upbeat, Afrobeat, male, dance, vibrant"
dataset/Danny-S-Halley.mp3,"energetic,happy, pop, male, upbeat,positive"
"dataset/Tekno ft og ,flimzy , selebobo - Anyhow.MP3","upbeat, energetic, Afrobeats, mixed, collaboration"
dataset/Normani ft. cardi b - Wild side.MP3,"sensual, sexy, R&B, female, collaboration"
dataset/Bnxn ft wande coal - Kenkele.MP3,"energetic,happy, afrobeat, male, collaboration"
dataset/King Perryy and Konshens - Denge IV.mp3,"energetic,upbeat, dancehall, male, collaboration"
dataset/King_Promise_-_Terminator.mp3,"energetic, uplifiting, Afrobeats, male, danceable"
dataset/Dremo - Talk n do.MP3,"upbeat, motivating, hip hop, male, collaboration"
dataset/Ja Rule & Ashanti (Radio Edit) Jumabee Ft Lade.mp3,"upbeat, nostalgic, R&B, Hip Hop, mixed, collaboration"
"dataset/Stefflon Don ft Fivio Foreign, Major League Djz -Big Fat Machine.mp3","energetic, powerful, hip hop, dancehall, female, male, collaboration"
dataset/Sauti sol ft soweto gospel - Brighgter days.MP3,"uplifting, inspiring, afro-pop, gospel, mixed, collaboration"
dataset/Ajebo hustlers ft fave - In love.MP3,"romantic, upbeat, Afropop, mixed, collaboration"
dataset/Timi-Dakolo-Premium-Enjoyment.mp3,"joyful, lively, Afrobeat, Highlife, male, upbeat, feel-good"
dataset/DJ Maphorisa - Banyana_(muzmo.pro).mp3,"upbeat, energetic, afrobeat, male, dance"
dataset/Tekno - Wash.mp3,"upbeat,happy, afrobeats, male, dance"
dataset/Alison wonderland - Dreamy dragons.MP3,"dreamy, electronic, female, Alison Wonderland"
dataset/Seyi vibez ft mayorkun - Ten.MP3,"upbeat,happy, Afrobeats, male, collaboration, Nigerian artists"
dataset/Gtree Mayami - Jumoke.mp3,"upbeat,happy, afrobeat, male, "
dataset/Mystro - Immediately Ft  Wizkid.mp3,"energetic, upbeat, afrobeat, male, collaboration"
dataset/Seyi Vibez Professor.mp3,"upbeat,happy,energetic, afrobeats, male, Nigerian"
dataset/Lojay - Moto.MP3,"energetic, afrobeats, male, uptempo"
dataset/Tems - You In My Face.mp3,"soulful, romantic, R&B, female, love, emotions"
dataset/Erigga - Problem no dey finish.MP3,"upbeat, motivational, rap, male, Nigerian"
dataset/Becky g & karol g - Mamiii.MP3,"energetic, upbeat, reggaeton, female, collaboration, Latin"
dataset/Bella Shmurda ft Omah Lay - Philo.mp3,"upbeat,happy, Afrobeats, male, collaboration"
dataset/Mr Eazi - Property Ft Mo-T [Coldabank Remix].mp3,"upbeat,happy, Afrobeats, male, remix"
dataset/Naledi-Aphiwe-ZOJIKI-IZINTO-Ft-Fezeka-Dlamini.mp3,"upbeat, energetic, Afro-pop, female, collaboration, Zulu lyrics"
dataset/Magnito-Canada-Remix-Ft-Olamide-Wizzy-Flon).mp3,"energetic, groovy, afrobeat, male, Nigeria, collaboration"
dataset/Dey Okay - Lyta.mp3,"upbeat,happy, afrobeats, male, Nigerian"
dataset/Dj big n ft oxlade and ayra starr - How many times.MP3,"upbeat, emotional, Afrobeats, mixed, collaboration, love song"
dataset/Yemi alade - How i feel.MP3,"upbeat, happy, afrobeat, female, empowering"
dataset/Kiddominant ft wizkid - Alright.MP3,"upbeat,happy, Afrobeats, male, collaboration"
dataset/Joeboy-Adenuga-ft-Qing-Madi.mp3,"upbeat,happy, Afrobeat, male, collaboration"
dataset/Dremo x Kida Kudz x Flowolf - Blood Hot.mp3,"energetic,upbeat, hip hop, male, collaboration"
dataset/Megan mafia - Like a boss.MP3,"energetic,confident, Rap, Female, "
dataset/Naira marley ft zinoleesky - O dun.MP3,"upbeat,happy, Afrobeats, male, collaboration"
dataset/Graham_D_-_Sleepless.mp3,"calm, melancholic, electronic, male, instrumental"
dataset/DJ Neptune - In A Way Ft  Patoranking & Efya.mp3,"upbeat,happy, Afrobeats, mixed, collaboration"
dataset/Shallipopi - Oscroh (Pepperline).mp3,"upbeat, energetic, pop, female, "
dataset/Ceeza Milli - Yapa.mp3,"upbeat,happy, afrobeat, male, Nigerian,uplifting"
dataset/Onerepublic - Somebody to love.MP3,"upbeat,hopeful, pop, mixed, inspirational"
dataset/XBusta-Ma-Pami-ft-Shatta-Wale.mp3,"energetic, upbeat, afrobeats, male, collaboration"
dataset/Summer walker ft childish gambino - New type.MP3,"chill, relaxed, romantic, R&B, female, collaboration, summer vibes"
dataset/Berri-Tiga - This Year.mp3,"upbeat, happy, pop, female, "
dataset/Mz Kiss ft Ice Prince - Bella.mp3,"energetic,happy, Afrobeat, female, collaboration"
dataset/Mahalia ft rico nasty - Jealous.MP3,"upbeat, confident, R&B, Hip Hop, female, "
dataset/King-Promise - Believe.mp3,"upbeat,hopeful, afrobeats, male, empowering"
dataset/Jaido-P-Better.mp3,"energetic, upbeat, Afrobeats, male, hip-hop"
dataset/Joeboy ft ludacris - Chiken spice and curry.MP3,"happy, lively, Afrobeats, male, collaboration"
dataset/P-sqaure - Forever.MP3,"romantic, affectionate, Afrobeats, male, Nigeria, love song"
dataset/Waje - No rush.MP3,"upbeat, Afrobeat, female, collaboration"
dataset/Mayorkun - Posh.MP3,"upbeat, energetic, lively, Afrobeat, male, popular, Nigerian"
dataset/Nonso Amadi - Dial Me feat  Kida Kudz.mp3,"chill, romantic, Afrobeats, male, collaboration, Nigerian"
dataset/Alpha P - Oh No.mp3,"energetic, upbeat, afrobeats, male, uplifting"
dataset/Zoro - Iheanacho.MP3,"upbeat, energetic, Afrobeat, male, Nigerian"
dataset/Crayon - Fade away.mp3,"melancholic, emotional, R&B, male, soulful"
dataset/Dj-Obza-Sobabili-Ft-Dj-Obza-(JustNaija.com).mp3,"energetic,happy, Amapiano, male, South African music"
dataset/ID-CABASA-Olufunmi-Reimagined-Ft-Fireboy-DML-Odumodublvck-BOJ-Joeboy.mp3,"upbeat, romantic, Afrobeat, male, collaboration"
dataset/Runtown - Emotions.MP3,"emotional, melancholic, Afrobeats, male, Nigerian music"
dataset/Unspoken Salaton - Reggae Genje.mp3,"upbeat,happy, reggae, male, Kenyan,local"
dataset/AV - No Dey Form.mp3,"upbeat,happy, Afrobeat, male, Nigerian"
dataset/Young jonn - Mama yo.MP3,"upbeat,happy, afrobeats, male, dance"
dataset/Jaywillz_-_Till_Dawn.mp3,"upbeat, energetic, Afrobeats, male, Nigerian"
dataset/Lifesize-Teddy-All-Eyes-On-Me clean.mp3,"uplifting, energizing, pop, female, catchy"
dataset/Ycee - Your Love.mp3,"romantic, chill, love, Afrobeat, male, Nigerian music"
dataset/N8tan - On God.mp3,"energetic, confident, rap, male, upbeat, hip-hop"
dataset/Skales - This Your Body Ft Davido.mp3,"upbeat, energetic, Afrobeats, male, "
dataset/Joeboy-Woman-Ft-Oxlade.mp3,"upbeat, love, Afrobeats, male, collaboration"
dataset/Kanye west ft. lil baby & the weeknd - Hurricane.MP3,"energetic,hype, hip hop, male, collaboration"
dataset/JAY O - 22.mp3,"upbeat,happy, pop, male, radio-friendly"
dataset/Dj consequence ft wandecoal - Vanessa.MP3,"upbeat, energetic, Afrobeats, male, collaboration"
dataset/Del-B-Omo-Boy-Ft-Skiibii.mp3,"upbeat, energetic, Afrobeats, male, collaboration, Nigerian music"
dataset/Kala (Radio Edit) Bayanni.mp3,"energetic, happy, Afrobeat, male, upbeat"
dataset/Shallipopi Hightension.mp3,"upbeat, energetic, pop, female, catchy"
dataset/Blaqbonez ft amaarae and buju - Bling.MP3,"energetic, lively, Afrobeats, male, female, collaboration, urban"
dataset/Johnny Drille - Finding Efe.mp3,"heartfelt, emotional, soulful, folk, acoustic, male, Nigerian artist"
dataset/Ayra starr - Rush.MP3,"upbeat, energetic, lively, Afrobeats, female, Ayra Starr, Rush"
dataset/16-Tems-T-Unit-(JustNaija.com).mp3,"upbeat, energetic, Afrobeats, female, Nigerian"
"dataset/Migos ft quavo, takeoff , offset - Is you ready.MP3","energetic, hype, rap, male, group, collaboration"
dataset/L.a.x ft ayra starr - Options.MP3,"upbeat,happy, Afrobeats, male,female, collaboration"
dataset/Kizz-Daniel-Pak-N-Go-Prod.-Dj-Coublon dflamz edit .mp3,"upbeat, lively, Afrobeats, male, remix, edit"
dataset/Kel P One More Night.mp3,"upbeat,happy, Afrobeats, male, danceable"
dataset/Ed sheeran - Eyes closed.MP3,"calm, introspective, pop, male, acoustic"
dataset/Falz - Loving~1.mp3,"romantic, happy, Afrobeat, male, Nigerian"
dataset/Camidoh Spiritual Taliban.mp3,"spiritual, afrobeat, male, uplifting, inspirational"
dataset/Victor ad - Omo ologo.MP3,"upbeat,happy, Afrobeats, male, Nigerian"
dataset/Crayon - Calvary kid.MP3,"upbeat, energetic, inspiring, pop, male, religious"
"dataset/Heavy k ft davido , tresor - Celebration.MP3","celebratory, afro-house, mixed, collaboration"
dataset/Oufadafada-Problems-ft-Master-KG.mp3,"upbeat,happy,dance, afrobeat, male, feat.Master KG"
dataset/Rotimi-Bestie.mp3,"upbeat, lively, afrobeat, male, collaboration, love"
dataset/LYTA - I GO DEY.mp3,"upbeat,happy, Afrobeats, male, Nigerian"
dataset/Skales - Lo Le.mp3,"upbeat, energetic, Afrobeats, male, Nigerian"
dataset/KING AMO - SAATI RAMONI.mp3,"energetic, upbeat, lively, afrobeat, male, Nigerian"
dataset/Dr dolor - Men.MP3,"energetic, powerful, Afrobeats, male, Nigerian music"
dataset/Vector - Get Down ft 2face Idibia.mp3,"energetic, uplifting, Afrobeat, male, collaboration"
dataset/Oladapo-IF-AT-ALL.mp3,"upbeat, energetic, Afrobeats, male, Nigerian, contemporary"
dataset/Vusic-Lever-ft-Zinoleesky.mp3,"upbeat,happy, afrobeat, male, collaboration"
dataset/Ice Prince - Kolo Ft Oxlade.mp3,"upbeat, energetic, afrobeat, male, collaboration"
dataset/Timaya ft king perry and patoranking - Kom kom.MP3,"energetic, upbeat, afrobeat, male, collaboration, Nigerian music"
dataset/Reekado-Banks-Fakosi-Remix-Ft-Seyi-Vibez.mp3,"energetic, happy, upbeat, Afrobeats, male, remix, featuring"
dataset/Lady zamar - Collide.MP3,"upbeat, romantic, pop, house, female, South African, dance"
dataset/Juls ft bas and mannywellz - Wish you.MP3,"upbeat, hopeful, Afrobeat, mixed, collaboration, positive vibes"
dataset/Russ - Civil war.MP3,"conflict, tension, rap, hip-hop, male, powerful, intense"
dataset/L.a.x - Faster.MP3,"upbeat,happy, Afrobeat, male, fast tempo"
dataset/illbliss-God-Is-God.mp3,"powerful, inspiring, hip hop, male, religious"
dataset/Boj ft tiwa savage - Your love.MP3,"romantic, love, Afrobeat, mixed, collaboration"
dataset/Spyro feat Tiwa Savage - Who_is_Your_Guy_Remix.mp3,"upbeat,dance, Afrobeats, female, remix"
dataset/Mapara_A_Jazz_feat_Ntosh_Gazi_Colano_-_John_Vuli_Gate_71324903.mp3,"upbeat,dance, afro-house, mixed, popular"
dataset/Asake - African Something.mp3,"upbeat,happy, Afrobeats, male, African"
dataset/Zlatan - Alubarika Ft Bnxn.mp3,"energetic, upbeat, Afrobeats, male, collaboration"
dataset/WurLD - Press.mp3,"upbeat, energetic, Afrobeat, male, Nigerian"
dataset/Tekno_-_After_Party.mp3,"upbeat,dance, afrobeat, male, party"
dataset/Timz ft zlatan - Hustle.MP3,"energetic, confident, Afrobeat, male, collaboration"
dataset/Runtown - All about you.MP3,"romantic, groovy, Afrobeats, male, love song"
dataset/DJ-Lugano-Flex-feat-Splash-DK.mp3,"energetic, upbeat, Afrobeats, male, club, dance"
dataset/Falz - Another me.MP3,"upbeat,happy, afrobeats, male, collaboration"
dataset/Niphkeys & Zinoleesky - Blessings.mp3,"uplifting,happy, Afrobeat, male, collaboration"
dataset/BOJ & AJEBUTTER 22 - DITR.mp3,"upbeat,happy, Afrobeat, male, collaboration"
dataset/Wes nelson ft hardy caprio - See nobody.MP3,"upbeat, catchy, pop, dance, male, collaboration, popular"
dataset/Reekado-Banks-Feel-Different-ft-Adekunle-Gold-Maleek-Berry-(JustNaija.com).mp3,"upbeat, romantic, Afrobeat, male, collaboration"
dataset/Sza and justin timberlake - The other side.MP3,"upbeat, energetic, pop, R&B, mixed, collaboration"
dataset/Simi - Jericho ft Patoranking.mp3,"upbeat, energetic, Afrobeat, female, Collaboration, Nigerian music"
dataset/Kida kudz ft tanika - Tasty time.MP3,"happy, lively, afrobeats, mixed, collaboration"
dataset/Tyla-Safer.mp3,"energetic, upbeat, pop, female, catchy"
dataset/Mojo - Chiwawa.MP3,"energetic, upbeat, pop, male, catchy"
"dataset/Katy perry ft tiesto,aitana - Resilient.MP3","uplifting, energetic, pop, electronic, female, collaboration, empowerment"
dataset/Skip marley ft rick ross and ari lennox - Make me.MP3,"upbeat, energetic, pop, hip-hop, mixed, collaboration"
dataset/BALLORANKING ft shallipopi - Don Perignon.mp3,"energetic, uplifting, Afrobeats, male, collaboration"
dataset/How Many Gyal (Radio Edit) Erigga ft Yuang.mp3,"energetic, upbeat, Afrobeats, Hip Hop, male, collaboration, Nigerian music"
dataset/The-Real-Prechly-A-Collision-Of-Two-Worlds-20-ft-Shallipopi-Dj-Lux-Dj-Guti-BPM-.mp3,"energetic,upbeat, EDM, mixed, collaboration"
dataset/j- wizzy -  Papito.mp3,"energetic, uplifting, afrobeat, male, catchy"
dataset/Vybz Kartel - Beg You A Touch.mp3,"upbeat, energetic, dancehall, male, Jamaican"
dataset/Kanye west - Keep my spirit alive.MP3,"inspirational, uplifting, hip hop, male, Kanye West"
dataset/Erigga & Jay Teazer - Sunday Morning.mp3,"uplifting, energetic, hip hop, male, collaboration"
dataset/Tekno Pocket.mp3,"energetic, upbeat, pop, male, catchy"
dataset/Kida Kudz - 1AM ft Jay Kae.mp3,"energetic, lively, Afrobeats, male, collaboration"
dataset/ReaDaSoul & Koppz Deep - Udlala Ngami (feat. Cooper SA & Chillibite).mp3,"upbeat, energetic, afro house, mixed, collaboration, South African music"
dataset/Tekno-King-of-Pop.mp3,"upbeat,dance, pop, male, catchy"
dataset/Dmw ft davido and peruzzi - Twisted.MP3,"energetic,upbeat, afrobeats, male, collaboration"
dataset/Bigger (Radio Edit) MI Abaga Ft Nas and Olamide.mp3,"upbeat,energetic, hip hop, mixed, collaboration,radio edit"
dataset/Stonebwoy ft davido - Activate.MP3,"energetic,happy, Afrobeats, male, collaboration"
dataset/Logic ft marshmello - Everyday.MP3,"energetic,happy, hip hop, male, collaboration"
dataset/Ichaba - Baby Mama ft Davido.mp3,"upbeat, energetic, Afrobeats, male, collaboration, Nigerian music"
dataset/Rema - Spaceship.MP3,"upbeat,happy,dreamy, afrobeat, male, Nigerian"
dataset/Chris Brown - No One Else  ft. Fridayy clean.mp3,"upbeat, energetic, R&B, male, collaboration, clean version"
dataset/Nicki minaj ft lil baby - Do we have a problem.MP3,"energetic, confident, rap, hip-hop, female, collaboration"
dataset/Lifesize-Teddy-Air.mp3,"upbeat,happy, pop, male, catchy"
dataset/WIZARD CHAN - EARTH SONG.mp3,"upbeat, energetic, electronic, male, magical, futuristic"
dataset/Rema ft aj tracey - Fyn.MP3,"upbeat,happy, afrobeat, male, collaboration"
dataset/Simi - Joromi (Sensei Lo House Remix).mp3,"upbeat,happy, house, female, remix"
dataset/Bandros-Umdali-Ft-Springle-Jay-Jay.mp3,"energetic, upbeat, afrobeat, male, collaboration"
dataset/Reekado banks ft fireboy dml - Ozumba mbadiwe (rem.MP3,"upbeat, energetic, Afrobeats, male, collaboration, Nigerian artists"
dataset/Ajebutter22 Ft  Koromone Soft Life Manifestations.mp3,"upbeat,happy, Afrobeats, male, collaboration"
dataset/Dj sandiso ft leehleza and all starz musiq - Buya.MP3,"energetic, upbeat, house, mixed, collaboration, South African music"
dataset/DJ Khaled - Staying Alive ft Drake x Lil Baby.mp3,"energetic, confident, hip hop, male, collaboration"
dataset/Major League DJz – Piano City ft. Tumelo ZA (EP11S1).mp3,"upbeat, energetic, vibrant, Amapiano, mixed, collaboration, South African music"
dataset/Tiwa Savage x Sam Smith - Temptation.mp3,"sensual, romantic, R&B, pop, female, male, collaboration"
dataset/11-Tommy-Flavour-Don-t-You-Know.mp3,"upbeat,happy, bongo flava, male, Tanzanian"
"dataset/Tion wayne, jae 5 & davido - Who's true.MP3","energetic, upbeat, hip hop, male, collaboration"
dataset/Folasheva - Keep calm.MP3,"calm, pop, female, "
dataset/Kayode Superstar.mp3,"upbeat,happy,energetic, Afrobeat, male, catchy"
dataset/Korede Bello - Bella.mp3,"upbeat, romantic, Afropop, male, Nigerian"
dataset/Zoe wees ft. 6lack - That's how it goes.MP3,"emotional, reflective, pop, female, collaboration"
dataset/Seyi Vibez Flakky.mp3,"energetic,happy, Afrobeats, male, Nigerian"
"dataset/Bella-Shmurda ft Zlatan,Jeriq - Oghene.mp3","upbeat,dance, afrobeats, male, Nigerian"
dataset/Yaans ft Toby Grey - Feel.mp3,"upbeat, happy, energetic, Afro-pop, female, collaboration"
dataset/Nonso Amadi - Aika.mp3,"calm, soothing, R&B, male, Nigerian artist"
"dataset/Kamo Mphela, Khalil Harrison  Tyler ICU - Dalie [Feat. Baby S.O.N] - Amapiano.mp3","upbeat, energetic, Amapiano, female, collaborative, featuring Baby S.O.N"
dataset/DJ Neptune - Music Messiah Ft Wande Coal.mp3,"upbeat, energetic, Afrobeat, male, collaboration"
dataset/Chris brown - Who dis.MP3,"energetic, confident, R&B, Hip Hop, male, pop"
dataset/Ycee - Money i dey find.MP3,"upbeat, afrobeat, male, hip-hop"
dataset/Olamide - Prophecy.MP3,"upbeat, energetic, afrobeat, male, Nigeria, Yoruba"
dataset/Soundz  Goner.mp3,"upbeat, energetic, pop, male, catchy"
dataset/Will.i.am ft cody wise - Birthday.MP3,"upbeat, lively, pop, male, collaboration, celebratory"
dataset/DJ Tunez ft Wizkid + Gimba & Wande Coal -  Blessings.mp3,"upbeat,happy, Afrobeat, Male, collaboration"
dataset/Rudeboy - Enjoyment .mp3,"happy, upbeat, Afrobeats, male, party"
dataset/Flavour - Doings Ft Phyno.mp3,"energetic, upbeat, Afrobeat, male, collaboration, Nigerian music"
dataset/Drake ft 21 savage - Jimmy cooks.MP3,"energetic, confident, hip hop, male, "
dataset/Tems - Try Me dflamz edit .mp3,"chill, soulful, R&B, Afrobeat, female, remix, edit"
dataset/LAX - Options Ft Ayra Starr.mp3,"upbeat, energetic, Afrobeats, mixed, collaboration, popular"
dataset/6UFF - LUKU LUKU.mp3,"energetic, uplifting, afrobeat, male, danceable"
dataset/Manqonqo ft dason saviour gee - Eyadini.MP3,"upbeat, energetic, gqom, male, collaboration, dance"
dataset/CDQ-Alone.mp3,"sad, lonely, hip-hop, male, introspective"
"dataset/Chase b, travis scott, don toliver ft quavo, ty d$ - Ring ring.MP3","energetic, upbeat, hip hop, male, collaboration"
dataset/Nas - Ultra black.MP3,"powerful, confident, hip-hop, male, Nas, Ultra Black"
"dataset/Dj cuppy ft ceeza milli, shaydee & kwesi arthur - Abena.MP3","upbeat, lively, afrobeat, mixed, collaboration"
dataset/09 Amazinyo Endoda (feat. Thackzindj & Lowsheen).mp3,"energetic, exciting, afro house, mixed, feat. Thackzindj & Lowsheen"
dataset/Seyi Vibez IQ.mp3,"uplifting,happy, afrobeat, male, Nigeria"
dataset/JazziDisciples_-_Malume_Lume_fakaza.stream.mp3,"upbeat, energetic, Amapiano, male, South African"
dataset/Dj khaled ft cardi b and 21 savage - Wish wish.MP3,"energetic, upbeat, hip hop, rap, mixed, collaboration"
dataset/Ice prince ft oxlade - Kolo.MP3,"upbeat, energetic, Afrobeats, male, collaboration"
dataset/Bontle-Smith-Dipula-Ft-Dj-Awakening-Lamnotsteelo.mp3,"energetic, uplifting, house, mixed, "
dataset/Cheque-Zoom-Remix-ft.-Davido-X-Wale dflamz radio .mp3,"upbeat, energetic, Afrobeats, Hip-hop, male, remix, collaboration"
dataset/MFR Souls  uThuleleni Official Audio ft Ice 50.mp3,"upbeat, energetic, Amapiano, mixed, collaboration"
dataset/Popcaan-Nyqui-Ft-Anju-Blaxx-(JustNaija.com).mp3,"uplifting, energetic, dancehall, male, collaboration"
dataset/vigro deep - all about you.mp3,"relaxing, soothing, amapiano, male, "
dataset/Pheelz Ft Niniola - Fever.mp3,"upbeat, groovy, afrobeats, mixed, collaboration"
dataset/Elton john & dua lipa - Cold heart (pnau remix).MP3,"upbeat, dance, pop, dance, mixed, remix, collaboration"
dataset/Kida Kudz - Red Flag ft Chip.mp3,"energetic,hype, hip hop, male, collaboration"
dataset/Stefflon don and rymez - Don walk.MP3,"energetic, hip hop, female, collaboration"
dataset/Wurld - Drown.MP3,"melancholic, emotional, R&B, male, soulful"
dataset/Blaqbonez Ft Zlatan Bad Till Eternity [Radio Edit].mp3,"energetic,hype, Afrobeat, male, collaboration"
dataset/Ice-Prince ft Ckay - Shakara-Bonus.mp3,"energetic, upbeat, afrobeats, male, collaboration, Nigerian music"
dataset/tariq ft khaid - jigga.mp3,"upbeat,hype, hip hop, male, collaboration"
dataset/TitoM & yuppe ft Burna Boy -Tshwala Bam Remix.mp3,"energetic, upbeat, afrobeats, male, remix"
dataset/Seyi shay ft teyana taylor - Gimme love.MP3,"energetic,sensual, pop, female, collaboration"
dataset/Mr Eazi Advice.mp3,"upbeat, lively, motivational, Afrobeat, male, Nigerian"
dataset/Peruzzi ft tiwa savage - Matrimony.MP3,"romantic, joyful, afrobeat, mixed, wedding, love"
"dataset/Davido ft naira marley, zlatan and wurld - Sweet in the middle.MP3","energetic, afrobeats, male, collaboration"
dataset/Betty who - Between you and me.MP3,"upbeat, catchy, pop, female, love, relationship"
dataset/Tion wayne ft arrdee - Wid it.MP3,"energetic, confident, rap, hip hop, male, "
dataset/Veen - In My Bag ft Kiienka & Tochi Bedford.mp3,"energetic, upbeat, hip-hop, mixed, collaboration"
dataset/Shane O - Dark Room.mp3,"dark, mysterious, dancehall, male, Jamaican"
dataset/Black Sherif Toxic Love City Radio Edit Clean Version.mp3,"upbeat, energetic, Afrobeats, male, clean version, radio edit"
dataset/Maradona sista afia.mp3,"energetic, lively, Afrobeat, female, upbeat"
dataset/Craig david - Seven days.MP3,"upbeat, romantic, R&B, male, 90s, popular"
dataset/The cavemen ft cobhams asuquo - Were kwushin.MP3,"energetic, uplifting, Afrobeat, mixed, collaboration"
dataset/Ayra Star - Birds sing of money.mp3,"uplifting, energetic, afrobeat, female, Nigerian, dance"
dataset/Victor-AD-Owo-Lo-Se-Ft-Mayorkun.mp3,"upbeat, energetic, Afrobeat, male, collaboration, Nigerian music"
dataset/Dj-Maphorisa-Hamba-Nam-ft-Tman-Xpress-Mellow-Sleazy-Xduppy-Mr-Pilato-Egoslimflow-(JustNaija.com).mp3,"upbeat, afrobeat, mixed, collaboration"
dataset/03-Tommy-Flavour-Wote.mp3,"upbeat,happy, bongo flava, male, Tanzanian"
dataset/Reekado-Banks-Visa.mp3,"upbeat,happy, Afrobeat, male, Nigerian"
dataset/Stakev-Rekere-10-ft-Kabza-De-Small-(JustNaija.com).mp3,"energetic,dance, amapiano, male, collaboration"
dataset/DJ Kaywise - Respek ft Dotman.mp3,"upbeat, energetic, Afrobeats, male, collaboration, danceable"
dataset/Olamide - Choco milo.MP3,"energetic, lively, Afrobeat, male, Nigerian music"
dataset/Ceeza Milli - Konfidential Love.mp3,"romantic,sensual, Afrobeat, male, love song, R&B"
dataset/Don toliver - Heaven or hell.MP3,"moody, contemplative, R&B, Hip hop, male, soulful"
dataset/Mavins - All is in order.MP3,"energetic, upbeat, Afrobeats, mixed, group, collaboration"
dataset/Disciples - Atheist.MP3,"upbeat, energetic, electronic, mixed, "
dataset/Skn The Divine - OMG .mp3,"upbeat,happy, pop, male, "
dataset/Duncan mighty - Miekeraso.MP3,"upbeat, happy, Afrobeats, male, Nigerian artist"
"dataset/Dammy krane ft stonebwoy , demarco - Ohema.MP3","energetic, upbeat, afrobeat, dancehall, male, collaboration"
dataset/Teyana taylor ft davido - Killa.MP3,"energetic, romantic, R&B, Afrobeat, female, male, collaboration, international"
"dataset/Basketmouth, 2baba & blaqbonez - Trouble.MP3","energetic, lively, Afrobeat, male, collaboration, Nigerian music"
"dataset/Ice-Prince ft Sarkodie,Magnito,Rexxie - Bank Alert Remix.mp3","upbeat, energetic, hip hop, male, remix, collaboration"
dataset/Tekno - Peppermint.MP3,"upbeat,happy, Afrobeat, male, dance,club"
dataset/Tekno-Regina-ft-CKay.mp3,"upbeat, energetic, Afrobeats, male, collaboration, danceable"
dataset/Tiwa savage - Pick up.MP3,"upbeat, energetic, afrobeats, female, Nigerian"
dataset/Shatta Wale - Watch Me (Official Audio).mp3,"energetic, upbeat, Afrobeat, male, official audio"
dataset/Snoh Aalegra ft. Black Coffee - DO 4 LOVE (Black Coffee Remix).mp3,"romantic,upbeat, R&B, female, collaboration,remix"
"dataset/Diplo ft lil yachty , santigold - Worry no more.MP3","upbeat,happy, electronic,pop, mixed, collaboration,featured artist"
dataset/Stefflon don ft rema and tiwa savage - Can't let you go (remix).MP3,"upbeat,dance, afrobeat, female, remix"
dataset/Plies ft kevin gates - All thee above.MP3,"energetic, uplifting, hip hop, male, collaboration"
dataset/iLLBLiSS x Bigfootinyourface - Nkali.mp3,"energetic,hype, hip hop, male, collaboration"
dataset/Falz - Something Light Ft  Ycee.mp3,"light-hearted, playful, Afrobeats, male, collaboration, Nigerian music"
dataset/SeanPaulDavidGuettafeat.BeckyG-MadLoveClean.mp3,"upbeat,happy, dancehall,pop, mixed, collaboration"
dataset/Joeboy - Blessings.MP3,"joyful, thankful, afro pop, male, Nigeria, 2021"
"dataset/01 Amaphutha (feat. Master Kg, Lowsheen & Murumba Pitch).mp3","upbeat, energetic, afro-house, mixed, collaboration"
dataset/Wizkid - Reckless.MP3,"energetic, upbeat, Afrobeats, male, Nigeria, popular"
dataset/Mellow Ft-Sleazy-Chley-QuayR-Musiq - Ba Bize-2.mp3,"mellow, R&B, mixed, collaboration"
dataset/Zuchu Feat Adekunle Gold - Love.mp3,"romantic, love, afrobeat, female, collaboration"
dataset/Mellow & Sleazy – Hot Pursuit ft. Zan’Ten & Muzzy D Pilot.mp3,"Mellow, Sleazy, Hip Hop, Mixed, Collaboration"
dataset/Wiz khalifa ft ty dolla $ign - Something new.MP3,"upbeat, catchy, hip hop, R&B, male, collaboration"
dataset/Kizz-Daniel-Feran-You-Two-ft-Jalil-Jelani.mp3,"romantic, nostalgic, Afrobeat, male, collaboration"
dataset/Bosom PYung Abele ft Beeztrap KOTM X Quamina Mp X Kwaku DMC.mp3,"energetic,danceable, Afrobeats, male, collaboration"
dataset/25-Korede-Bello-Tomorrow.mp3,"upbeat,happy, Afrobeats, male, popular"
dataset/Shakka ft mr eazi - Too bad bad.MP3,"upbeat, lively, Afrobeat, male, collaboration"
dataset/Simi ft 2baba - Original baby remix.MP3,"romantic, soothing, Afrobeats, female, collaboration, remix"
"dataset/Skiibii ft teni, falz and dj neptune - Daz how star do.MP3","upbeat, energetic, Afrobeats, mixed, collaboration"
dataset/Ariana grande ft nicki minaj - The light is coming.MP3,"energetic, empowering, pop, hip hop, female, collaboration"
dataset/Rema - Runaway.MP3,"upbeat,happy, afrobeats, male, Nigerian"
dataset/Cruel santino - Final champion.MP3,"energetic, uplifting, afrobeats, hip-hop, male, Nigeria"
dataset/Victony - Kolomental.mp3,"energetic, uplifting, hip hop, female, Nigerian artist"
dataset/Patoranking ft donae'o - Turn up.MP3,"energetic, lively, afrobeat, dancehall, male, collaboration"
dataset/Humblesmith - Dance.MP3,"energetic, upbeat, Afrobeats, male, party, dance"
"dataset/Odumodublvck ft zlatan, ecko miles - Picanto.MP3","energetic, upbeat, Afrobeats, male, collaboration"
dataset/Rexxie Ft-Minz-Runtown-Slow-Whine.mp3,"upbeat, chill, Afrobeats, male, collaboration"
dataset/06-Tommy-Flavour-Mood-Ft-Maud-Elka.mp3,"upbeat,happy, bongo flava, male, collaboration"
dataset/Fifty Fifty - ‘Lovin' Me.mp3,"upbeat,happy, pop, female, catchy"
dataset/Iyanya-Sinner-Ft-BNXN-FKA-Buju.mp3,"upbeat, energetic, Afrobeats, male, "
dataset/Tiwa Savage - If I Start to Talk Ft  Dr  Sid.mp3,"upbeat, energetic, Afrobeats, female, collaboration"
dataset/Kabza de small  Fika Kaloku - Msaki.mp3,"upbeat, energetic, Amapiano, male, collaboration"
dataset/Blaq jerzee ft mr eazi and harmonize - Falling for u.MP3,"romantic, afrobeats, male, collaboration"
dataset/Frenna-More-Pretty-Girls-ft-Davido-DYSTINCT.mp3,"energetic, upbeat, Afrobeats, Pop, male, collaboration"
dataset/Lago ft Blaqbonez - Lotto.mp3,"energetic,hype, afrobeat, male, featured artist: Blaqbonez"
dataset/Calvin harris ft ragnbone man - Giant.MP3,"energetic, uplifting, dance, mixed, collaboration"
dataset/Asake-Only-Me-(JustNaija.com).mp3,"upbeat,happy, afrobeats, male, Nigerian"
dataset/Vassy ft lodato - Doomsday.MP3,"energetic, upbeat, dance, female, collaboration"
dataset/M.i abaga ft bnxn fka buju - Oil.MP3,"energetic, hip hop, male, collaboration"
dataset/Master KG ft Joeboy – Laleyi.mp3,"upbeat,happy, afrobeat, mixed, collaboration"
dataset/Yung willis ft mr eazi - Happy.MP3,"happy, afrobeat, male, collaboration"
dataset/Davido_Ft_Skepta_-_U.mp3,"energetic, upbeat, Afrobeat, male, collaboration"
dataset/Kameni-Mr-Ayele.mp3,"energetic, upbeat, afrobeats, male, dance, party"
dataset/Charlotte_Lyf & Lowsheen - Uyinkanyezi.mp3,"upbeat, energetic, house, female, collaboration"
dataset/Usher Ft Burnaboy - Coming Home.mp3,"upbeat,happy, R&B,Pop, male, collaboration"
dataset/Ruger - Asiwaju.MP3,"energetic, confident, Afrobeats, male, Nigerian"
dataset/Mnqobi Yazo (feat. Igcokama elisha) - Umkhovetsheni.mp3,"calm,reflective, maskandi, male, "
dataset/Teni - Sugar Mummy.mp3,"energetic, fun, afrobeat, female, upbeat"
dataset/King Perryy - Man On Duty ft Timaya.mp3,"energetic, upbeat, Afrobeat, male, collaboration, danceable"
dataset/Nonykingz - WAIT FOR ME CLEAN.mp3,"romantic, hopeful, afrobeat, male, upbeat"
dataset/Bryson Tiller -Calypso.mp3,"chill, relaxed, R&B, male, soulful, laid-back"
dataset/Gnewzy - Incoming.mp3,"energetic, uplifting, hip hop, male, "
dataset/Pa brymo and slim case - Feel me.MP3,"energetic,happy, Afrobeat, male, collaboration"
dataset/Killer kau ft jazzidisciples - Sandton.MP3,"energetic, upbeat, Amapiano, male, collaboration"
dataset/Lil kesh and naira marley - O por.MP3,"energetic, danceable, Afrobeats, male, "
dataset/Bia ft timbaland - I'm that bitch.MP3,"empowering, hip hop, female, collaboration"
dataset/Larrylanes-Mamba-Ft-Seyi-Vibez-Bella-Shmurda.mp3,"energetic, upbeat, afrobeats, male, collaboration"
dataset/Governor of africa ft peruzzi - Cincinnati.MP3,"upbeat, energetic, afrobeat, male, collaboration, Nigerian music"
dataset/VASA - BOLANLE.mp3,"energetic, upbeat, Afrobeat, male, Nigerian music"
dataset/Zlatan Ft Asake - Bust Down.mp3,"energetic,hype, Afrobeats, male, collaboration"
dataset/Mr_Eazi_Ft_Shatta_Wale_DJ_Neptune_Minz See Something.mp3,"upbeat, Afrobeats, male, collaboration"
dataset/Coolkiid-Forever-Wena-Ft-Qamo-Musiholiq-Naledi-(JustNaija.com).mp3,"uplifting,happy, afrobeat, male, collaboration"
dataset/Swedish Tiger Sound ft Red Fox - Wild Animal Ting Animal Ting Riddim (Clean).mp3,"energetic,exciting, dancehall,reggae, mixed, collaboration,uptempo"
dataset/Tekno-Permit.mp3,"energetic, uplifting, Afrobeat, male, dance"
